borough,neighborhood,building_class_category,tax_class_at_present,block,lot,easement,building_class_at_present,address,apartment_number,zip_code,residential_units,commercial_units,total_units,land_sqft,gross_sqft,year_built,tax_class_at_time_of_sale,building_class_at_time_of_sale,sale_price,sale_date,borough_name,source_file,tax_class_as_of_final_roll_17/18,building_class_as_of_final_roll_17/18,tax_class_as_of_final_roll_18/19,building_class_as_of_final_roll_18/19,borough_str,pop_density,avg_income,gdp_local,dist_center,amenity_score,is_residential,price_per_sqft_real,sale_date_parsed,sale_month,borough_clean,sale_year,building_age
2.0,BATHGATE                 ,01  ONE FAMILY HOMES                        ,1,3035.0,5.0, ,A9,451 EAST 178 STREET                      ,            ,10457.0,1.0,0.0,1.0,1287.0,1992.0,1899.0,1.0,A9,0.0,2009-12-07,Unknown,2009_bronx.xls,1,D4,1,D4,2.0,72000,88000,6.8,2.0,5.15,,0.0,2009-07-12,7.0,2,2009.0,110.0
2.0,BATHGATE                 ,01  ONE FAMILY HOMES                        ,1,3046.0,42.0, ,A1,2069 BATHGATE AVENUE                     ,            ,10457.0,1.0,0.0,1.0,1964.0,1424.0,1899.0,1.0,A1,100.0,2009-04-28,Unknown,2009_bronx.xls,1,D4,1,D4,2.0,72000,88000,6.8,2.0,5.15,,0.0702247191011236,,,2,,
2.0,BATHGATE                 ,01  ONE FAMILY HOMES                        ,1,3046.0,42.0, ,A1,2069 BATHGATE AVE                        ,            ,10457.0,1.0,0.0,1.0,1964.0,1424.0,1899.0,1.0,A1,100.0,2009-04-13,Unknown,2009_bronx.xls,1,D4,1,D4,2.0,72000,88000,6.8,2.0,5.15,,0.0702247191011236,,,2,,
2.0,BATHGATE                 ,01  ONE FAMILY HOMES                        ,1,3048.0,19.0, ,A5,2186 BATHGATE AVENUE                     ,            ,10457.0,1.0,0.0,1.0,1768.0,1188.0,1901.0,1.0,A5,345752.0,2009-03-16,Unknown,2009_bronx.xls,1,D4,1,D4,2.0,72000,88000,6.8,2.0,5.15,,291.037037037037,,,2,,
2.0,BATHGATE                 ,01  ONE FAMILY HOMES                        ,1,3048.0,28.0, ,A1,540 EAST 182ND STREET                    ,            ,10457.0,1.0,0.0,1.0,1209.0,1048.0,1901.0,1.0,A1,0.0,2009-05-14,Unknown,2009_bronx.xls,1,D4,1,D4,2.0,72000,88000,6.8,2.0,5.15,,0.0,,,2,,
2.0,BATHGATE                 ,01  ONE FAMILY HOMES                        ,1,3053.0,105.0, ,A1,2323 BASSFORD AVENUE                     ,            ,10458.0,1.0,0.0,1.0,922.0,1248.0,1901.0,1.0,A1,0.0,2009-01-22,Unknown,2009_bronx.xls,1,D4,1,D4,2.0,72000,88000,6.8,2.0,5.15,,0.0,,,2,,
2.0,BATHGATE                 ,02  TWO FAMILY HOMES                        ,1,3030.0,71.0, ,B2,4443 PARK AVENUE                         ,            ,10457.0,2.0,0.0,2.0,2352.0,1632.0,1899.0,1.0,B2,135000.0,2009-05-08,Unknown,2009_bronx.xls,1,D4,1,D4,2.0,72000,88000,6.8,2.0,5.3,,82.72058823529412,2009-08-05,8.0,2,2009.0,110.0
2.0,BATHGATE                 ,02  TWO FAMILY HOMES                        ,1,3030.0,76.0, ,B2,4435 PARK AVENUE                         ,            ,10457.0,2.0,0.0,2.0,2444.0,2125.0,1899.0,1.0,B2,325000.0,2009-03-30,Unknown,2009_bronx.xls,1,D4,1,D4,2.0,72000,88000,6.8,2.0,5.3,,152.94117647058823,,,2,,
2.0,BATHGATE                 ,02  TWO FAMILY HOMES                        ,1,3035.0,131.0, ,B1,464 EAST 179TH                           ,            ,10457.0,2.0,0.0,2.0,1790.0,2340.0,1998.0,1.0,B1,0.0,2009-10-07,Unknown,2009_bronx.xls,1,D4,1,D4,2.0,72000,88000,6.8,2.0,5.3,,0.0,2009-07-10,7.0,2,2009.0,11.0
2.0,BATHGATE                 ,02  TWO FAMILY HOMES                        ,1,3036.0,33.0, ,B3,2091 WASHINGTON AVE                      ,            ,10457.0,2.0,0.0,2.0,2022.0,3854.0,1899.0,1.0,B3,0.0,2009-05-08,Unknown,2009_bronx.xls,1,D4,1,D4,2.0,72000,88000,6.8,2.0,5.3,,0.0,2009-08-05,8.0,2,2009.0,110.0
2.0,BATHGATE                 ,02  TWO FAMILY HOMES                        ,1,3036.0,62.0, ,B1,459 EAST 179 STREET                      ,            ,10457.0,2.0,0.0,2.0,2000.0,2340.0,1998.0,1.0,B1,344500.0,2009-11-20,Unknown,2009_bronx.xls,1,D4,1,D4,2.0,72000,88000,6.8,2.0,5.3,,147.22222222222223,,,2,,
2.0,BATHGATE                 ,02  TWO FAMILY HOMES                        ,1,3036.0,62.0, ,B1,459 EAST 179TH STREET                    ,            ,10457.0,2.0,0.0,2.0,2000.0,2340.0,1998.0,1.0,B1,316474.0,2009-05-04,Unknown,2009_bronx.xls,1,D4,1,D4,2.0,72000,88000,6.8,2.0,5.3,,135.24529914529916,2009-04-05,4.0,2,2009.0,11.0
2.0,BATHGATE                 ,02  TWO FAMILY HOMES                        ,1,3037.0,6.0, ,B2,4392 PARK AVENUE                         ,            ,10457.0,2.0,0.0,2.0,2275.0,3240.0,1899.0,1.0,B2,359038.0,2009-01-19,Unknown,2009_bronx.xls,1,D4,1,D4,2.0,72000,88000,6.8,2.0,5.3,,110.8141975308642,,,2,,
2.0,BATHGATE                 ,02  TWO FAMILY HOMES                        ,1,3039.0,12.0, ,B2,454 EAST 185TH STREET                    ,            ,10458.0,2.0,0.0,2.0,1667.0,1944.0,1910.0,1.0,B2,183028.0,2009-11-02,Unknown,2009_bronx.xls,1,D4,1,D4,2.0,72000,88000,6.8,2.0,5.3,,94.15020576131688,2009-02-11,2.0,2,2009.0,99.0
2.0,BATHGATE                 ,02  TWO FAMILY HOMES                        ,1,3039.0,45.0, ,B1,446 EAST 186 STREET                      ,            ,10458.0,2.0,0.0,2.0,2000.0,2060.0,1901.0,1.0,B1,286000.0,2009-10-09,Unknown,2009_bronx.xls,1,D4,1,D4,2.0,72000,88000,6.8,2.0,5.3,,138.83495145631068,2009-09-10,9.0,2,2009.0,108.0
2.0,BATHGATE                 ,02  TWO FAMILY HOMES                        ,1,3047.0,16.0, ,B2,2125 BATHGATE AVENUE                     ,            ,10457.0,2.0,0.0,2.0,3362.0,1744.0,1901.0,1.0,B2,0.0,2009-04-03,Unknown,2009_bronx.xls,1,D4,1,D4,2.0,72000,88000,6.8,2.0,5.3,,0.0,2009-03-04,3.0,2,2009.0,108.0
2.0,BATHGATE                 ,02  TWO FAMILY HOMES                        ,1,3050.0,94.0, ,B2,2240 BASSFORD AVENUE                     ,            ,10457.0,2.0,0.0,2.0,1300.0,2300.0,1901.0,1.0,B2,389000.0,2009-07-28,Unknown,2009_bronx.xls,1,D4,1,D4,2.0,72000,88000,6.8,2.0,5.3,,169.1304347826087,,,2,,
2.0,BATHGATE                 ,02  TWO FAMILY HOMES                        ,1,3053.0,22.0, ,S2,511 EAST 183 STREET                      ,            ,10458.0,2.0,1.0,3.0,2011.0,4280.0,1901.0,1.0,S2,1.0,2009-11-18,Unknown,2009_bronx.xls,1,D4,1,D4,2.0,72000,88000,6.8,2.0,5.45,,0.000233644859813,,,2,,
2.0,BATHGATE                 ,02  TWO FAMILY HOMES                        ,1,3053.0,22.0, ,S2,511 EAST 183RD STREET                    ,            ,10458.0,2.0,1.0,3.0,2011.0,4280.0,1901.0,1.0,S2,415440.0,2009-08-24,Unknown,2009_bronx.xls,1,D4,1,D4,2.0,72000,88000,6.8,2.0,5.45,,97.06542056074768,,,2,,
2.0,BATHGATE                 ,03  THREE FAMILY HOMES                      ,1,2912.0,116.0, ,C0,1536 WASHINGTON AVENUE                   ,            ,10457.0,3.0,0.0,3.0,2000.0,2400.0,1993.0,1.0,C0,319500.0,2009-10-07,Unknown,2009_bronx.xls,1,D4,1,D4,2.0,72000,88000,6.8,2.0,5.45,,133.125,2009-07-10,7.0,2,2009.0,16.0
2.0,BATHGATE                 ,03  THREE FAMILY HOMES                      ,1,2912.0,116.0, ,C0,1536 WASHINGTON AVENUE                   ,            ,10457.0,3.0,0.0,3.0,2000.0,2400.0,1993.0,1.0,C0,100.0,2009-01-12,Unknown,2009_bronx.xls,1,D4,1,D4,2.0,72000,88000,6.8,2.0,5.45,,0.0416666666666666,2009-12-01,12.0,2,2009.0,16.0
2.0,BATHGATE                 ,03  THREE FAMILY HOMES                      ,1,3029.0,28.0, ,C0,2092 WEBSTER AVENUE                      ,            ,10457.0,3.0,0.0,3.0,2122.0,3510.0,1899.0,1.0,C0,0.0,2009-11-18,Unknown,2009_bronx.xls,1,D4,1,D4,2.0,72000,88000,6.8,2.0,5.45,,0.0,,,2,,
2.0,BATHGATE                 ,03  THREE FAMILY HOMES                      ,1,3037.0,67.0, ,C0,460 EAST 182 STREET                      ,            ,10457.0,3.0,0.0,3.0,2000.0,3744.0,1899.0,1.0,C0,162240.0,2009-11-12,Unknown,2009_bronx.xls,1,D4,1,D4,2.0,72000,88000,6.8,2.0,5.45,,43.333333333333336,2009-12-11,12.0,2,2009.0,110.0
2.0,BATHGATE                 ,03  THREE FAMILY HOMES                      ,1,3037.0,103.0, ,C0,2135 WASHINGTON AVENUE                   ,            ,10457.0,3.0,0.0,3.0,1701.0,4600.0,2006.0,1.0,C0,630000.0,2009-07-17,Unknown,2009_bronx.xls,1,D4,1,D4,2.0,72000,88000,6.8,2.0,5.45,,136.95652173913044,,,2,,
2.0,BATHGATE                 ,03  THREE FAMILY HOMES                      ,1,3037.0,104.0, ,C0,465 EAST 181 STREET                      ,            ,10457.0,3.0,0.0,3.0,1095.0,3706.0,2006.0,1.0,C0,602500.0,2009-09-02,Unknown,2009_bronx.xls,1,D4,1,D4,2.0,72000,88000,6.8,2.0,5.45,,162.574203993524,2009-02-09,2.0,2,2009.0,3.0
2.0,BATHGATE                 ,03  THREE FAMILY HOMES                      ,1,3037.0,105.0, ,C0,463 EAST 181 STREET                      ,            ,10457.0,3.0,0.0,3.0,1095.0,3706.0,2006.0,1.0,C0,602500.0,2009-04-24,Unknown,2009_bronx.xls,1,D4,1,D4,2.0,72000,88000,6.8,2.0,5.45,,162.574203993524,,,2,,
2.0,BATHGATE                 ,03  THREE FAMILY HOMES                      ,1,3037.0,106.0, ,C0,461 EAST 181 STREET                      ,            ,10457.0,3.0,0.0,3.0,1095.0,3706.0,2006.0,1.0,C0,602500.0,2009-04-27,Unknown,2009_bronx.xls,1,D4,1,D4,2.0,72000,88000,6.8,2.0,5.45,,162.574203993524,,,2,,
2.0,BATHGATE                 ,03  THREE FAMILY HOMES                      ,1,3037.0,107.0, ,C0,459 EAST 181 STREET                      ,            ,10457.0,3.0,0.0,3.0,1095.0,3706.0,2006.0,1.0,C0,640000.0,2009-05-20,Unknown,2009_bronx.xls,1,D4,1,D4,2.0,72000,88000,6.8,2.0,5.45,,172.69293038316243,,,2,,
2.0,BATHGATE                 ,03  THREE FAMILY HOMES                      ,1,3037.0,108.0, ,C0,457 EAST 181 STREET                      ,            ,10457.0,3.0,0.0,3.0,1419.0,3706.0,2006.0,1.0,C0,602500.0,2009-07-23,Unknown,2009_bronx.xls,1,D4,1,D4,2.0,72000,88000,6.8,2.0,5.45,,162.574203993524,,,2,,
2.0,BATHGATE                 ,03  THREE FAMILY HOMES                      ,1,3037.0,109.0, ,C0,455 EAST 181 STREET                      ,            ,10457.0,3.0,0.0,3.0,1687.0,4050.0,2006.0,1.0,C0,602500.0,2009-07-15,Unknown,2009_bronx.xls,1,D4,1,D4,2.0,72000,88000,6.8,2.0,5.45,,148.76543209876544,,,2,,
2.0,BATHGATE                 ,03  THREE FAMILY HOMES                      ,1,3037.0,110.0, ,C0,453 EAST 181 STREET                      ,            ,10457.0,3.0,0.0,3.0,1687.0,4050.0,2006.0,1.0,C0,602500.0,2009-04-29,Unknown,2009_bronx.xls,1,D4,1,D4,2.0,72000,88000,6.8,2.0,5.45,,148.76543209876544,,,2,,
2.0,BATHGATE                 ,03  THREE FAMILY HOMES                      ,1,3044.0,51.0, ,C0,1966 BATHGATE AVENUE                     ,            ,10457.0,3.0,0.0,3.0,2880.0,3132.0,1910.0,1.0,C0,101400.0,2009-12-16,Unknown,2009_bronx.xls,1,D4,1,D4,2.0,72000,88000,6.8,2.0,5.45,,32.37547892720306,,,2,,
2.0,BATHGATE                 ,03  THREE FAMILY HOMES                      ,1,3044.0,51.0, ,C0,1964 BATHGATE AVENUE                     ,            ,10457.0,3.0,0.0,3.0,2880.0,3132.0,1910.0,1.0,C0,0.0,2009-02-23,Unknown,2009_bronx.xls,1,D4,1,D4,2.0,72000,88000,6.8,2.0,5.45,,0.0,,,2,,
2.0,BATHGATE                 ,03  THREE FAMILY HOMES                      ,1,3050.0,3.0, ,C0,2190 WASHINGTON AVENUE                   ,            ,10457.0,3.0,0.0,3.0,1331.0,2244.0,1901.0,1.0,C0,178500.0,2009-07-07,Unknown,2009_bronx.xls,1,D4,1,D4,2.0,72000,88000,6.8,2.0,5.45,,79.54545454545455,2009-07-07,7.0,2,2009.0,108.0
2.0,BATHGATE                 ,05  TAX CLASS 1 VACANT LAND                 ,1B,3050.0,12.0, ,V0,2246 WASHINGTON AVENUE                   ,            ,10457.0,0.0,0.0,0.0,2901.0,0.0,0.0,1.0,V0,0.0,2009-09-30,Unknown,2009_bronx.xls,1,D4,1,D4,2.0,72000,88000,6.8,2.0,5.0,,,,,2,,
2.0,BATHGATE                 ,05  TAX CLASS 1 VACANT LAND                 ,1B,3050.0,13.0, ,V0,2250 WASHINGTON AVENUE                   ,            ,10457.0,0.0,0.0,0.0,2668.0,0.0,0.0,1.0,V0,0.0,2009-09-30,Unknown,2009_bronx.xls,1,D4,1,D4,2.0,72000,88000,6.8,2.0,5.0,,,,,2,,
2.0,BATHGATE                 ,05  TAX CLASS 1 VACANT LAND                 ,1B,3050.0,15.0, ,V0,2254 WASHINGTON AVENUE                   ,            ,10457.0,0.0,0.0,0.0,2673.0,0.0,0.0,1.0,V0,0.0,2009-09-30,Unknown,2009_bronx.xls,1,D4,1,D4,2.0,72000,88000,6.8,2.0,5.0,,,,,2,,
2.0,BATHGATE                 ,05  TAX CLASS 1 VACANT LAND                 ,2,3050.0,41.0, ,D1,491 FLETCHER PLACE                       ,            ,10457.0,0.0,0.0,0.0,1637.0,0.0,0.0,1.0,V0,0.0,2009-09-30,Unknown,2009_bronx.xls,1,D4,1,D4,2.0,72000,88000,6.8,2.0,5.0,,,,,2,,
2.0,BATHGATE                 ,07  RENTALS - WALKUP APARTMENTS             ,2,3027.0,29.0, ,C1,422 EAST 178TH STREET                    ,            ,10457.0,16.0,0.0,16.0,3344.0,11918.0,1909.0,2.0,C1,1315000.0,2009-08-26,Unknown,2009_bronx.xls,1,D4,1,D4,2.0,72000,88000,6.8,2.0,7.4,,110.33730491693235,,,2,,
2.0,BATHGATE                 ,07  RENTALS - WALKUP APARTMENTS             ,2,3028.0,27.0, ,C7,4305 PARK AVENUE                         ,            ,10457.0,24.0,1.0,25.0,5568.0,16680.0,1909.0,2.0,C7,0.0,2009-08-26,Unknown,2009_bronx.xls,1,D4,1,D4,2.0,72000,88000,6.8,2.0,8.75,,0.0,,,2,,
2.0,BATHGATE                 ,07  RENTALS - WALKUP APARTMENTS             ,2,3028.0,29.0, ,C1,4301 PARK AVENUE                         ,            ,10457.0,24.0,0.0,24.0,5189.0,15300.0,1909.0,2.0,C1,0.0,2009-08-26,Unknown,2009_bronx.xls,1,D4,1,D4,2.0,72000,88000,6.8,2.0,8.6,,0.0,,,2,,
2.0,BATHGATE                 ,07  RENTALS - WALKUP APARTMENTS             ,2,3028.0,34.0, ,C1,4293 PARK AVENUE                         ,            ,10457.0,20.0,0.0,20.0,6045.0,15512.0,1909.0,2.0,C1,0.0,2009-08-26,Unknown,2009_bronx.xls,1,D4,1,D4,2.0,72000,88000,6.8,2.0,8.0,,0.0,,,2,,
2.0,BATHGATE                 ,07  RENTALS - WALKUP APARTMENTS             ,2,3028.0,44.0, ,C1,4289 PARK AVENUE                         ,            ,10457.0,22.0,0.0,22.0,6098.0,16728.0,1908.0,2.0,C1,6885000.0,2009-08-26,Unknown,2009_bronx.xls,1,D4,1,D4,2.0,72000,88000,6.8,2.0,8.3,,411.5853658536585,,,2,,
2.0,BATHGATE                 ,07  RENTALS - WALKUP APARTMENTS             ,2A,3037.0,99.0, ,C3,2137 WASHINGTON AVENUE                   ,            ,10457.0,4.0,0.0,4.0,2719.0,3348.0,1901.0,2.0,C3,10.0,2009-04-17,Unknown,2009_bronx.xls,1,D4,1,D4,2.0,72000,88000,6.8,2.0,5.6,,0.0029868578255675,,,2,,
2.0,BATHGATE                 ,07  RENTALS - WALKUP APARTMENTS             ,2B,3041.0,2.0, ,C1,4678 PARK AVENUE                         ,            ,10458.0,8.0,0.0,8.0,3417.0,9360.0,1910.0,2.0,C1,0.0,2009-11-04,Unknown,2009_bronx.xls,1,D4,1,D4,2.0,72000,88000,6.8,2.0,6.2,,0.0,2009-04-11,4.0,2,2009.0,99.0
2.0,BATHGATE                 ,07  RENTALS - WALKUP APARTMENTS             ,2B,3041.0,3.0, ,C1,4682 PARK AVENUE                         ,            ,10458.0,8.0,0.0,8.0,3425.0,9360.0,1910.0,2.0,C1,0.0,2009-11-04,Unknown,2009_bronx.xls,1,D4,1,D4,2.0,72000,88000,6.8,2.0,6.2,,0.0,2009-04-11,4.0,2,2009.0,99.0
2.0,BATHGATE                 ,07  RENTALS - WALKUP APARTMENTS             ,2B,3048.0,20.0, ,C1,2190 BATHGATE AVE                        ,            ,10457.0,7.0,0.0,7.0,2417.0,5400.0,1931.0,2.0,C1,100000.0,2009-02-19,Unknown,2009_bronx.xls,1,D4,1,D4,2.0,72000,88000,6.8,2.0,6.05,,18.51851851851852,,,2,,
2.0,BATHGATE                 ,08  RENTALS - ELEVATOR APARTMENTS           ,2,3050.0,10.0, ,D1,2240 WASHINGTON AVENUE                   ,            ,10457.0,68.0,1.0,69.0,13424.0,54365.0,2010.0,2.0,D1,0.0,2009-09-30,Unknown,2009_bronx.xls,1,D4,1,D4,2.0,72000,88000,6.8,2.0,10.0,,0.0,,,2,,
2.0,BATHGATE                 ,10  COOPS - ELEVATOR APARTMENTS             ,2,3035.0,48.0, ,D4,"463 EAST 178TH STREET, 1E                ",            ,10457.0,0.0,0.0,0.0,0.0,0.0,1935.0,2.0,D4,24000.0,2009-01-21,Unknown,2009_bronx.xls,1,D4,1,D4,2.0,72000,88000,6.8,2.0,5.0,,,,,2,,
2.0,BATHGATE                 ,10  COOPS - ELEVATOR APARTMENTS             ,2,3035.0,48.0, ,D4,"463 EAST 178TH STREET, 6E                ",            ,10457.0,0.0,0.0,0.0,0.0,0.0,1935.0,2.0,D4,20000.0,2009-12-09,Unknown,2009_bronx.xls,1,D4,1,D4,2.0,72000,88000,6.8,2.0,5.0,,,2009-09-12,9.0,2,2009.0,74.0
2.0,BATHGATE                 ,10  COOPS - ELEVATOR APARTMENTS             ,2,3035.0,48.0, ,D4,"463 EAST 178TH STREET, 5D                ",            ,10457.0,0.0,0.0,0.0,0.0,0.0,1935.0,2.0,D4,50000.0,2009-12-09,Unknown,2009_bronx.xls,1,D4,1,D4,2.0,72000,88000,6.8,2.0,5.0,,,2009-09-12,9.0,2,2009.0,74.0
2.0,BATHGATE                 ,10  COOPS - ELEVATOR APARTMENTS             ,2,3044.0,40.0, ,D4,"495 EAST 178TH STREET, 5G                ",            ,10457.0,0.0,0.0,0.0,0.0,0.0,1941.0,2.0,D4,20000.0,2009-11-02,Unknown,2009_bronx.xls,1,D4,1,D4,2.0,72000,88000,6.8,2.0,5.0,,,2009-02-11,2.0,2,2009.0,68.0
2.0,BATHGATE                 ,22  STORE BUILDINGS                         ,4,2909.0,19.0, ,K1,452 EAST TREMONT AVENUE                  ,            ,10457.0,0.0,1.0,1.0,2985.0,1775.0,1953.0,4.0,K1,336000.0,2009-07-23,Unknown,2009_bronx.xls,1,D4,1,D4,2.0,72000,88000,6.8,2.0,5.15,,189.29577464788733,,,2,,
2.0,BATHGATE                 ,26  OTHER HOTELS                            ,4,3052.0,30.0, ,H4,2330 BATHGATE AVENUE                     ,            ,10458.0,26.0,0.0,26.0,4350.0,14533.0,2009.0,4.0,H4,125000.0,2009-07-27,Unknown,2009_bronx.xls,1,D4,1,D4,2.0,72000,88000,6.8,2.0,8.9,,8.601114704465699,,,2,,
2.0,BATHGATE                 ,29  COMMERCIAL GARAGES                      ,4,3048.0,55.0, ,G7,EAST 181 STREET                          ,            ,10457.0,0.0,0.0,0.0,4681.0,0.0,0.0,4.0,G7,700000.0,2009-05-28,Unknown,2009_bronx.xls,1,D4,1,D4,2.0,72000,88000,6.8,2.0,5.0,,,,,2,,
2.0,BATHGATE                 ,31  COMMERCIAL VACANT LAND                  ,2A,2912.0,25.0, ,S4,3827 3RD AVENUE                          ,            ,10457.0,4.0,1.0,5.0,2000.0,3233.0,2011.0,4.0,V1,185000.0,2009-07-07,Unknown,2009_bronx.xls,1,D4,1,D4,2.0,72000,88000,6.8,2.0,5.75,,57.22239406124343,2009-07-07,7.0,2,2009.0,0.0
2.0,BATHGATE                 ,37  RELIGIOUS FACILITIES                    ,4,3038.0,16.0, ,M1,442 EAST 183 STREET                      ,            ,10458.0,0.0,1.0,1.0,4500.0,9000.0,1931.0,4.0,M9,860000.0,2009-07-15,Unknown,2009_bronx.xls,1,D4,1,D4,2.0,72000,88000,6.8,2.0,5.15,,95.55555555555556,,,2,,
2.0,BAYCHESTER               ,01  ONE FAMILY HOMES                        ,1,4706.0,32.0, ,A2,3540 LACONIA AVENUE                      ,            ,10469.0,1.0,0.0,1.0,2500.0,2104.0,1935.0,1.0,A2,0.0,2009-02-20,Unknown,2009_bronx.xls,1,D4,1,D4,2.0,72000,88000,6.8,2.0,5.15,,0.0,,,2,,
2.0,BAYCHESTER               ,01  ONE FAMILY HOMES                        ,1,4707.0,59.0, ,A5,1108 EAST 213 STREET                     ,            ,10469.0,1.0,0.0,1.0,1494.0,1512.0,1950.0,1.0,A5,370000.0,2009-05-04,Unknown,2009_bronx.xls,1,D4,1,D4,2.0,72000,88000,6.8,2.0,5.15,,244.7089947089947,2009-04-05,4.0,2,2009.0,59.0
2.0,BAYCHESTER               ,01  ONE FAMILY HOMES                        ,1,4710.0,108.0, ,A5,1113 EAST 215 STREET                     ,            ,10469.0,1.0,0.0,1.0,1710.0,1798.0,1945.0,1.0,A5,0.0,2009-06-24,Unknown,2009_bronx.xls,1,D4,1,D4,2.0,72000,88000,6.8,2.0,5.15,,0.0,,,2,,
2.0,BAYCHESTER               ,01  ONE FAMILY HOMES                        ,1,4711.0,98.0, ,A5,1317 HICKS STREET                        ,            ,10469.0,1.0,0.0,1.0,1710.0,1701.0,1950.0,1.0,A5,258570.0,2009-06-04,Unknown,2009_bronx.xls,1,D4,1,D4,2.0,72000,88000,6.8,2.0,5.15,,152.010582010582,2009-04-06,4.0,2,2009.0,59.0
2.0,BAYCHESTER               ,01  ONE FAMILY HOMES                        ,1,4715.0,65.0, ,A9,1126 EAST 221ST STREET                   ,            ,10469.0,1.0,0.0,1.0,1746.0,1690.0,1950.0,1.0,A9,0.0,2009-10-05,Unknown,2009_bronx.xls,1,D4,1,D4,2.0,72000,88000,6.8,2.0,5.15,,0.0,2009-05-10,5.0,2,2009.0,59.0
2.0,BAYCHESTER               ,01  ONE FAMILY HOMES                        ,1,4722.0,65.0, ,A2,1478 HICKS STREET                        ,            ,10469.0,1.0,0.0,1.0,2375.0,2024.0,1910.0,1.0,A2,0.0,2009-11-06,Unknown,2009_bronx.xls,1,D4,1,D4,2.0,72000,88000,6.8,2.0,5.15,,0.0,2009-06-11,6.0,2,2009.0,99.0
2.0,BAYCHESTER               ,01  ONE FAMILY HOMES                        ,1,4725.0,46.0, ,A9,1451 HICKS STREET                        ,            ,10469.0,1.0,0.0,1.0,1710.0,1890.0,1945.0,1.0,A9,0.0,2009-05-10,Unknown,2009_bronx.xls,1,D4,1,D4,2.0,72000,88000,6.8,2.0,5.15,,0.0,2009-10-05,10.0,2,2009.0,64.0
2.0,BAYCHESTER               ,01  ONE FAMILY HOMES                        ,1,4730.0,39.0, ,S1,3406 GUNTHER AVENUE                      ,            ,10469.0,1.0,1.0,2.0,1710.0,1889.0,1950.0,1.0,S1,325000.0,2009-09-04,Unknown,2009_bronx.xls,1,D4,1,D4,2.0,72000,88000,6.8,2.0,5.3,,172.04870301746956,2009-04-09,4.0,2,2009.0,59.0
2.0,BAYCHESTER               ,01  ONE FAMILY HOMES                        ,1,4730.0,51.0, ,A1,3434 GUNTHER AVENUE                      ,            ,10469.0,1.0,0.0,1.0,2375.0,2232.0,1901.0,1.0,A1,349990.0,2009-10-09,Unknown,2009_bronx.xls,1,D4,1,D4,2.0,72000,88000,6.8,2.0,5.15,,156.80555555555554,2009-09-10,9.0,2,2009.0,108.0
2.0,BAYCHESTER               ,01  ONE FAMILY HOMES                        ,1,4733.0,90.0, ,A5,3315 BOUCK AVENUE                        ,            ,10469.0,1.0,0.0,1.0,1900.0,1681.0,1940.0,1.0,A5,260000.0,2009-09-17,Unknown,2009_bronx.xls,1,D4,1,D4,2.0,72000,88000,6.8,2.0,5.15,,154.66983938132066,,,2,,
2.0,BAYCHESTER               ,01  ONE FAMILY HOMES                        ,1,4734.0,54.0, ,A5,3322 BOUCK AVENUE                        ,            ,10469.0,1.0,0.0,1.0,1900.0,1681.0,1940.0,1.0,A5,0.0,2009-08-21,Unknown,2009_bronx.xls,1,D4,1,D4,2.0,72000,88000,6.8,2.0,5.15,,0.0,,,2,,
2.0,BAYCHESTER               ,01  ONE FAMILY HOMES                        ,1,4734.0,74.0, ,A5,1278 GIVAN AVENUE                        ,            ,10469.0,1.0,0.0,1.0,1887.0,1920.0,1955.0,1.0,A5,312000.0,2009-06-12,Unknown,2009_bronx.xls,1,D4,1,D4,2.0,72000,88000,6.8,2.0,5.15,,162.5,2009-12-06,12.0,2,2009.0,54.0
2.0,BAYCHESTER               ,01  ONE FAMILY HOMES                        ,1,4734.0,75.0, ,A5,1280 GIVAN AVE                           ,            ,10469.0,1.0,0.0,1.0,1891.0,1920.0,1955.0,1.0,A5,0.0,2009-09-18,Unknown,2009_bronx.xls,1,D4,1,D4,2.0,72000,88000,6.8,2.0,5.15,,0.0,,,2,,
2.0,BAYCHESTER               ,01  ONE FAMILY HOMES                        ,1,4734.0,76.0, ,A5,1282 GIVAN AVENUE                        ,            ,10469.0,1.0,0.0,1.0,1895.0,1920.0,1955.0,1.0,A5,315000.0,2009-08-05,Unknown,2009_bronx.xls,1,D4,1,D4,2.0,72000,88000,6.8,2.0,5.15,,164.0625,2009-05-08,5.0,2,2009.0,54.0
2.0,BAYCHESTER               ,01  ONE FAMILY HOMES                        ,1,4734.0,176.0, ,A5,1284 GIVAN AVENUE                        ,            ,10469.0,1.0,0.0,1.0,1899.0,1920.0,1955.0,1.0,A5,308510.0,2009-10-28,Unknown,2009_bronx.xls,1,D4,1,D4,2.0,72000,88000,6.8,2.0,5.15,,160.68229166666666,,,2,,
2.0,BAYCHESTER               ,01  ONE FAMILY HOMES                        ,1,4735.0,45.0, ,A5,3328 WILSON AVENUE                       ,            ,10469.0,1.0,0.0,1.0,1900.0,1254.0,1930.0,1.0,A5,0.0,2009-01-23,Unknown,2009_bronx.xls,1,D4,1,D4,2.0,72000,88000,6.8,2.0,5.15,,0.0,,,2,,
2.0,BAYCHESTER               ,01  ONE FAMILY HOMES                        ,1,4739.0,23.0, ,A5,3215 FISH AVENUE                         ,            ,10469.0,1.0,0.0,1.0,2500.0,1742.0,1930.0,1.0,A5,330000.0,2009-03-30,Unknown,2009_bronx.xls,1,D4,1,D4,2.0,72000,88000,6.8,2.0,5.15,,189.4374282433984,,,2,,
2.0,BAYCHESTER               ,01  ONE FAMILY HOMES                        ,1,4739.0,140.0, ,A5,3208 WILSON AVENUE                       ,            ,10469.0,1.0,0.0,1.0,2000.0,1440.0,1940.0,1.0,A5,310000.0,2009-04-17,Unknown,2009_bronx.xls,1,D4,1,D4,2.0,72000,88000,6.8,2.0,5.15,,215.27777777777777,,,2,,
2.0,BAYCHESTER               ,01  ONE FAMILY HOMES                        ,1,4740.0,1.0, ,A5,3246 FISH AVENUE                         ,            ,10469.0,1.0,0.0,1.0,2500.0,1778.0,1935.0,1.0,A5,380000.0,2009-03-25,Unknown,2009_bronx.xls,1,D4,1,D4,2.0,72000,88000,6.8,2.0,5.15,,213.72328458942636,,,2,,
2.0,BAYCHESTER               ,01  ONE FAMILY HOMES                        ,1,4742.0,45.0, ,A5,3236 FENTON AVENUE                       ,            ,10469.0,1.0,0.0,1.0,2050.0,1280.0,1920.0,1.0,A5,300000.0,2009-10-05,Unknown,2009_bronx.xls,1,D4,1,D4,2.0,72000,88000,6.8,2.0,5.15,,234.375,2009-05-10,5.0,2,2009.0,89.0
2.0,BAYCHESTER               ,01  ONE FAMILY HOMES                        ,1,4742.0,51.0, ,A5,3248 FENTON AVENUE                       ,            ,10469.0,1.0,0.0,1.0,2050.0,1320.0,1920.0,1.0,A5,364000.0,2009-01-12,Unknown,2009_bronx.xls,1,D4,1,D4,2.0,72000,88000,6.8,2.0,5.15,,275.7575757575757,2009-12-01,12.0,2,2009.0,89.0
2.0,BAYCHESTER               ,01  ONE FAMILY HOMES                        ,1,4744.0,19.0, ,A2,3323 MICKLE AVENUE                       ,            ,10469.0,1.0,0.0,1.0,2375.0,722.0,1930.0,1.0,A2,0.0,2009-05-01,Unknown,2009_bronx.xls,1,D4,1,D4,2.0,72000,88000,6.8,2.0,5.15,,0.0,2009-01-05,1.0,2,2009.0,79.0
2.0,BAYCHESTER               ,01  ONE FAMILY HOMES                        ,1,4746.0,32.0, ,A5,3214 CORSA AVE                           ,            ,10469.0,1.0,0.0,1.0,2925.0,1400.0,1950.0,1.0,A5,0.0,2009-06-29,Unknown,2009_bronx.xls,1,D4,1,D4,2.0,72000,88000,6.8,2.0,5.15,,0.0,,,2,,
2.0,BAYCHESTER               ,01  ONE FAMILY HOMES                        ,1,4749.0,16.0, ,A5,3343 TIEMANN AVENUE                      ,            ,10469.0,1.0,0.0,1.0,1710.0,1714.0,1955.0,1.0,A5,0.0,2009-07-14,Unknown,2009_bronx.xls,1,D4,1,D4,2.0,72000,88000,6.8,2.0,5.15,,0.0,,,2,,
2.0,BAYCHESTER               ,01  ONE FAMILY HOMES                        ,1,4751.0,55.0, ,A2,3330 GUNTHER AVENUE                      ,            ,10469.0,1.0,0.0,1.0,2090.0,948.0,1960.0,1.0,A2,1000.0,2009-08-10,Unknown,2009_bronx.xls,1,D4,1,D4,2.0,72000,88000,6.8,2.0,5.15,,1.0548523206751057,2009-10-08,10.0,2,2009.0,49.0
2.0,BAYCHESTER               ,01  ONE FAMILY HOMES                        ,1,4764.0,47.0, ,A2,3120 MICKLE AVENUE                       ,            ,10469.0,1.0,0.0,1.0,4750.0,826.0,1899.0,1.0,A2,0.0,2009-09-02,Unknown,2009_bronx.xls,1,D4,1,D4,2.0,72000,88000,6.8,2.0,5.15,,0.0,2009-02-09,2.0,2,2009.0,110.0
2.0,BAYCHESTER               ,01  ONE FAMILY HOMES                        ,1,4767.0,18.0, ,A1,3025 KINGSLAND AVENUE                    ,            ,10469.0,1.0,0.0,1.0,4750.0,4374.0,1920.0,1.0,A1,0.0,2009-09-22,Unknown,2009_bronx.xls,1,D4,1,D4,2.0,72000,88000,6.8,2.0,5.15,,0.0,,,2,,
2.0,BAYCHESTER               ,01  ONE FAMILY HOMES                        ,1,4773.0,21.0, ,A5,3025 GUNTHER AVENUE                      ,            ,10469.0,1.0,0.0,1.0,2700.0,1890.0,1955.0,1.0,A5,423470.0,2009-06-18,Unknown,2009_bronx.xls,1,D4,1,D4,2.0,72000,88000,6.8,2.0,5.15,,224.05820105820104,,,2,,
2.0,BAYCHESTER               ,01  ONE FAMILY HOMES                        ,1,4773.0,47.0, ,A2,3022 TIEMANN AVE                         ,            ,10469.0,1.0,0.0,1.0,4750.0,1896.0,1920.0,1.0,A2,395000.0,2009-04-13,Unknown,2009_bronx.xls,1,D4,1,D4,2.0,72000,88000,6.8,2.0,5.15,,208.33333333333331,,,2,,
2.0,BAYCHESTER               ,01  ONE FAMILY HOMES                        ,1,4779.0,20.0, ,A9,3111 NEW ENGLAND THRUWAY                 ,            ,10469.0,1.0,0.0,1.0,2695.0,1582.0,1970.0,1.0,A9,0.0,2009-05-18,Unknown,2009_bronx.xls,1,D4,1,D4,2.0,72000,88000,6.8,2.0,5.15,,0.0,,,2,,
2.0,BAYCHESTER               ,01  ONE FAMILY HOMES                        ,1,4784.0,7.0, ,A5,2949 KINGSLAND AVENUE                    ,            ,10469.0,1.0,0.0,1.0,1692.0,1534.0,1960.0,1.0,A5,250000.0,2009-06-08,Unknown,2009_bronx.xls,1,D4,1,D4,2.0,72000,88000,6.8,2.0,5.15,,162.97262059973923,2009-08-06,8.0,2,2009.0,49.0
2.0,BAYCHESTER               ,01  ONE FAMILY HOMES                        ,1,4784.0,69.0, ,A5,1616 ADEE AVENUE                         ,            ,10469.0,1.0,0.0,1.0,1422.0,1474.0,1960.0,1.0,A5,0.0,2009-10-20,Unknown,2009_bronx.xls,1,D4,1,D4,2.0,72000,88000,6.8,2.0,5.15,,0.0,,,2,,
2.0,BAYCHESTER               ,01  ONE FAMILY HOMES                        ,1,4787.0,47.0, ,A1,2808 KINGSLAND AVENUE                    ,            ,10469.0,1.0,0.0,1.0,3555.0,1132.0,1930.0,1.0,A1,0.0,2009-10-02,Unknown,2009_bronx.xls,1,D4,1,D4,2.0,72000,88000,6.8,2.0,5.15,,0.0,2009-02-10,2.0,2,2009.0,79.0
2.0,BAYCHESTER               ,01  ONE FAMILY HOMES                        ,1,4789.0,16.0, ,A2,2935 WICKHAM AVENUE                      ,            ,10469.0,1.0,0.0,1.0,2375.0,2030.0,1901.0,1.0,A2,0.0,2009-08-21,Unknown,2009_bronx.xls,1,D4,1,D4,2.0,72000,88000,6.8,2.0,5.15,,0.0,,,2,,
2.0,BAYCHESTER               ,01  ONE FAMILY HOMES                        ,1,4789.0,40.0, ,A2,2922 GUNTHER AVENUE                      ,            ,10469.0,1.0,0.0,1.0,2375.0,779.0,1910.0,1.0,A2,125000.0,2009-08-24,Unknown,2009_bronx.xls,1,D4,1,D4,2.0,72000,88000,6.8,2.0,5.15,,160.46213093709883,,,2,,
2.0,BAYCHESTER               ,01  ONE FAMILY HOMES                        ,1,4790.0,12.0, ,A2,2951 BRUNER AVENUE                       ,            ,10469.0,1.0,0.0,1.0,2375.0,396.0,1910.0,1.0,A2,113645.0,2009-07-27,Unknown,2009_bronx.xls,1,D4,1,D4,2.0,72000,88000,6.8,2.0,5.15,,286.9823232323232,,,2,,
2.0,BAYCHESTER               ,01  ONE FAMILY HOMES                        ,1,4793.0,37.0, ,A1,2810 GUNTHER AVENUE                      ,            ,10469.0,1.0,0.0,1.0,4750.0,1288.0,1910.0,1.0,A1,400000.0,2009-06-25,Unknown,2009_bronx.xls,1,D4,1,D4,2.0,72000,88000,6.8,2.0,5.15,,310.55900621118013,,,2,,
2.0,BAYCHESTER               ,01  ONE FAMILY HOMES                        ,1,4794.0,23.0, ,A2,2821 BRUNER AVENUE                       ,            ,10469.0,1.0,0.0,1.0,2375.0,1140.0,1901.0,1.0,A2,135000.0,2009-09-30,Unknown,2009_bronx.xls,1,D4,1,D4,2.0,72000,88000,6.8,2.0,5.15,,118.42105263157896,,,2,,
2.0,BAYCHESTER               ,01  ONE FAMILY HOMES                        ,1,4794.0,53.0, ,A2,2848 WICKHAM AVENUE                      ,            ,10469.0,1.0,0.0,1.0,2375.0,2234.0,1935.0,1.0,A2,320000.0,2009-07-23,Unknown,2009_bronx.xls,1,D4,1,D4,2.0,72000,88000,6.8,2.0,5.15,,143.2408236347359,,,2,,
2.0,BAYCHESTER               ,01  ONE FAMILY HOMES                        ,1,4796.0,5.0, ,A2,2941 GRACE AVENUE                        ,            ,10469.0,1.0,0.0,1.0,4750.0,1000.0,1925.0,1.0,A2,325943.0,2009-09-03,Unknown,2009_bronx.xls,1,D4,1,D4,2.0,72000,88000,6.8,2.0,5.15,,325.943,2009-03-09,3.0,2,2009.0,84.0
2.0,BAYCHESTER               ,01  ONE FAMILY HOMES                        ,1,4883.0,51.0, ,B3,3442 WICKHAM AVENUE                      ,            ,10469.0,2.0,0.0,2.0,6099.0,4019.0,1930.0,1.0,A2,165000.0,2009-11-09,Unknown,2009_bronx.xls,1,D4,1,D4,2.0,72000,88000,6.8,2.0,5.3,,41.05498880318487,2009-09-11,9.0,2,2009.0,79.0
2.0,BAYCHESTER               ,01  ONE FAMILY HOMES                        ,1,4888.0,122.0, ,A5,1312 EAST 223 STREET                     ,            ,10466.0,1.0,0.0,1.0,1600.0,960.0,1950.0,1.0,A5,10.0,2009-03-23,Unknown,2009_bronx.xls,1,D4,1,D4,2.0,72000,88000,6.8,2.0,5.15,,0.0104166666666666,,,2,,
2.0,BAYCHESTER               ,01  ONE FAMILY HOMES                        ,1,4888.0,122.0, ,A5,1312 EAST 223 STREET                     ,            ,10466.0,1.0,0.0,1.0,1600.0,960.0,1950.0,1.0,A5,364451.0,2009-03-09,Unknown,2009_bronx.xls,1,D4,1,D4,2.0,72000,88000,6.8,2.0,5.15,,379.6364583333333,2009-09-03,9.0,2,2009.0,59.0
2.0,BAYCHESTER               ,01  ONE FAMILY HOMES                        ,1,4892.0,41.0, ,B1,3531 GRACE AVENUE                        ,            ,10466.0,2.0,0.0,2.0,9075.0,2640.0,2011.0,1.0,A2,406000.0,2009-03-23,Unknown,2009_bronx.xls,1,D4,1,D4,2.0,72000,88000,6.8,2.0,5.3,,153.78787878787878,,,2,,
2.0,BAYCHESTER               ,01  ONE FAMILY HOMES                        ,1,4893.0,119.0, ,A5,3534 GRACE AVENUE                        ,            ,10466.0,1.0,0.0,1.0,1674.0,1732.0,1960.0,1.0,A5,0.0,2009-06-05,Unknown,2009_bronx.xls,1,D4,1,D4,2.0,72000,88000,6.8,2.0,5.15,,0.0,2009-05-06,5.0,2,2009.0,49.0
2.0,BAYCHESTER               ,01  ONE FAMILY HOMES                        ,1,4894.0,23.0, ,A2,1978 NEEDHAM AVENUE                      ,            ,10466.0,1.0,0.0,1.0,5500.0,774.0,1935.0,1.0,A2,0.0,2009-05-15,Unknown,2009_bronx.xls,1,D4,1,D4,2.0,72000,88000,6.8,2.0,5.15,,0.0,,,2,,
2.0,BAYCHESTER               ,01  ONE FAMILY HOMES                        ,1,4897.0,41.0, ,A5,1205 EAST 222 STREET                     ,            ,10469.0,1.0,0.0,1.0,1800.0,1512.0,1950.0,1.0,A5,311330.0,2009-05-04,Unknown,2009_bronx.xls,1,D4,1,D4,2.0,72000,88000,6.8,2.0,5.15,,205.90608465608463,2009-04-05,4.0,2,2009.0,59.0
2.0,BAYCHESTER               ,01  ONE FAMILY HOMES                        ,1,4898.0,14.0, ,A5,1263 EAST 223 STREET                     ,            ,10466.0,1.0,0.0,1.0,2233.0,1455.0,1955.0,1.0,A5,201714.0,2009-12-14,Unknown,2009_bronx.xls,1,D4,1,D4,2.0,72000,88000,6.8,2.0,5.15,,138.63505154639176,,,2,,
2.0,BAYCHESTER               ,01  ONE FAMILY HOMES                        ,1,4898.0,32.0, ,A5,1227 EAST 223RD STREET                   ,            ,10466.0,1.0,0.0,1.0,1600.0,960.0,1955.0,1.0,A5,325000.0,2009-03-26,Unknown,2009_bronx.xls,1,D4,1,D4,2.0,72000,88000,6.8,2.0,5.15,,338.5416666666667,,,2,,
2.0,BAYCHESTER               ,01  ONE FAMILY HOMES                        ,1,4898.0,42.0, ,A5,1804 SCHIEFFELIN AVE.                    ,            ,10466.0,1.0,0.0,1.0,1800.0,1534.0,1955.0,1.0,A5,0.0,2009-04-17,Unknown,2009_bronx.xls,1,D4,1,D4,2.0,72000,88000,6.8,2.0,5.15,,0.0,,,2,,
2.0,BAYCHESTER               ,01  ONE FAMILY HOMES                        ,1,4902.0,45.0, ,A5,1136 EAST 224 STREET                     ,            ,10466.0,1.0,0.0,1.0,2500.0,1280.0,1950.0,1.0,A5,0.0,2009-04-21,Unknown,2009_bronx.xls,1,D4,1,D4,2.0,72000,88000,6.8,2.0,5.15,,0.0,,,2,,
2.0,BAYCHESTER               ,01  ONE FAMILY HOMES                        ,1,4902.0,58.0, ,A5,1156 EAST 224 STREET                     ,            ,10466.0,1.0,0.0,1.0,1800.0,1944.0,1950.0,1.0,A5,10.0,2009-10-15,Unknown,2009_bronx.xls,1,D4,1,D4,2.0,72000,88000,6.8,2.0,5.15,,0.0051440329218107,,,2,,
2.0,BAYCHESTER               ,01  ONE FAMILY HOMES                        ,1,4903.0,77.0, ,A5,1166 EAST 225 STREET                     ,            ,10466.0,1.0,0.0,1.0,1840.0,1384.0,1970.0,1.0,A5,197900.0,2009-04-24,Unknown,2009_bronx.xls,1,D4,1,D4,2.0,72000,88000,6.8,2.0,5.15,,142.99132947976878,,,2,,
2.0,BAYCHESTER               ,01  ONE FAMILY HOMES                        ,1,4922.0,3.0, ,A9,3695 MAROLLA PLACE                       ,            ,10466.0,1.0,0.0,1.0,2390.0,2760.0,1931.0,1.0,A9,0.0,2009-07-22,Unknown,2009_bronx.xls,1,D4,1,D4,2.0,72000,88000,6.8,2.0,5.15,,0.0,,,2,,
2.0,BAYCHESTER               ,01  ONE FAMILY HOMES                        ,1,4929.0,42.0, ,A1,3917 ELY AVENUE                          ,            ,10466.0,1.0,0.0,1.0,2144.0,1248.0,1948.0,1.0,A1,281914.0,2009-06-18,Unknown,2009_bronx.xls,1,D4,1,D4,2.0,72000,88000,6.8,2.0,5.15,,225.8926282051282,,,2,,
2.0,BAYCHESTER               ,01  ONE FAMILY HOMES                        ,1,4934.0,29.0, ,A5,3914 ELY AVENUE                          ,            ,10466.0,1.0,0.0,1.0,2050.0,1936.0,1955.0,1.0,A5,310000.0,2009-07-14,Unknown,2009_bronx.xls,1,D4,1,D4,2.0,72000,88000,6.8,2.0,5.15,,160.12396694214877,,,2,,
2.0,BAYCHESTER               ,01  ONE FAMILY HOMES                        ,1,4939.0,33.0, ,A5,3831 AMUNDSON AVENUE                     ,            ,10466.0,1.0,0.0,1.0,2600.0,1860.0,1960.0,1.0,A5,370000.0,2009-11-17,Unknown,2009_bronx.xls,1,D4,1,D4,2.0,72000,88000,6.8,2.0,5.15,,198.9247311827957,,,2,,
2.0,BAYCHESTER               ,01  ONE FAMILY HOMES                        ,1,4939.0,80.0, ,A0,38-40 SETON AVENUE                       ,            ,10466.0,1.0,0.0,1.0,7500.0,1172.0,1948.0,1.0,A0,435000.0,2009-06-02,Unknown,2009_bronx.xls,1,D4,1,D4,2.0,72000,88000,6.8,2.0,5.15,,371.160409556314,2009-02-06,2.0,2,2009.0,61.0
2.0,BAYCHESTER               ,01  ONE FAMILY HOMES                        ,1,4943.0,58.0, ,A1,3687 SECOR AVENUE                        ,            ,10466.0,1.0,0.0,1.0,2856.0,1248.0,1925.0,1.0,A1,355000.0,2009-07-13,Unknown,2009_bronx.xls,1,D4,1,D4,2.0,72000,88000,6.8,2.0,5.15,,284.45512820512823,,,2,,
2.0,BAYCHESTER               ,01  ONE FAMILY HOMES                        ,1,4945.0,49.0, ,A1,2117 LIGHT STREET                        ,            ,10466.0,1.0,0.0,1.0,3850.0,1626.0,1930.0,1.0,A1,0.0,2009-03-09,Unknown,2009_bronx.xls,1,D4,1,D4,2.0,72000,88000,6.8,2.0,5.15,,0.0,2009-09-03,9.0,2,2009.0,79.0
2.0,BAYCHESTER               ,01  ONE FAMILY HOMES                        ,1,4945.0,51.0, ,A2,2115 LIGHT STREET                        ,            ,10466.0,1.0,0.0,1.0,4890.0,1575.0,1930.0,1.0,A2,409000.0,2009-03-03,Unknown,2009_bronx.xls,1,D4,1,D4,2.0,72000,88000,6.8,2.0,5.15,,259.6825396825397,2009-03-03,3.0,2,2009.0,79.0
2.0,BAYCHESTER               ,01  ONE FAMILY HOMES                        ,1,4951.0,67.0, ,A1,3706 ROMBOUTS AVENUE                     ,            ,10466.0,1.0,0.0,1.0,3100.0,1216.0,1925.0,1.0,A1,110000.0,2009-09-09,Unknown,2009_bronx.xls,1,D4,1,D4,2.0,72000,88000,6.8,2.0,5.15,,90.46052631578948,2009-09-09,9.0,2,2009.0,84.0
2.0,BAYCHESTER               ,01  ONE FAMILY HOMES                        ,1,4958.0,10.0, ,A1,3918 MURDOCK AVENUE                      ,            ,10466.0,1.0,0.0,1.0,2500.0,1824.0,1960.0,1.0,A1,0.0,2009-03-06,Unknown,2009_bronx.xls,1,D4,1,D4,2.0,72000,88000,6.8,2.0,5.15,,0.0,2009-06-03,6.0,2,2009.0,49.0
2.0,BAYCHESTER               ,01  ONE FAMILY HOMES                        ,1,4960.0,56.0, ,A1,3953 SETON AVENUE                        ,            ,10466.0,1.0,0.0,1.0,2500.0,1851.0,1927.0,1.0,A1,355100.0,2009-11-16,Unknown,2009_bronx.xls,1,D4,1,D4,2.0,72000,88000,6.8,2.0,5.15,,191.84224743381955,,,2,,
2.0,BAYCHESTER               ,01  ONE FAMILY HOMES                        ,1,4962.0,49.0, ,A1,3951 DURYEA AVE                          ,            ,10466.0,1.0,0.0,1.0,2500.0,1258.0,1925.0,1.0,A1,318000.0,2009-10-20,Unknown,2009_bronx.xls,1,D4,1,D4,2.0,72000,88000,6.8,2.0,5.15,,252.78219395866452,,,2,,
2.0,BAYCHESTER               ,01  ONE FAMILY HOMES                        ,1,4962.0,49.0, ,A1,3951 DURYEA                              ,            ,10466.0,1.0,0.0,1.0,2500.0,1258.0,1925.0,1.0,A1,185000.0,2009-04-23,Unknown,2009_bronx.xls,1,D4,1,D4,2.0,72000,88000,6.8,2.0,5.15,,147.05882352941177,,,2,,
2.0,BAYCHESTER               ,01  ONE FAMILY HOMES                        ,1,4963.0,36.0, ,A1,3966 DURYEA AVE                          ,            ,10466.0,1.0,0.0,1.0,2500.0,2004.0,1930.0,1.0,A1,0.0,2009-07-20,Unknown,2009_bronx.xls,1,D4,1,D4,2.0,72000,88000,6.8,2.0,5.15,,0.0,,,2,,
2.0,BAYCHESTER               ,01  ONE FAMILY HOMES                        ,1,4964.0,23.0, ,A1,3920 PRATT AVENUE                        ,            ,10466.0,1.0,0.0,1.0,2650.0,2638.0,1956.0,1.0,A1,0.0,2009-07-27,Unknown,2009_bronx.xls,1,D4,1,D4,2.0,72000,88000,6.8,2.0,5.15,,0.0,,,2,,
2.0,BAYCHESTER               ,01  ONE FAMILY HOMES                        ,1,4966.0,52.0, ,A2,4039 HARPER AVENUE                       ,            ,10466.0,1.0,0.0,1.0,5093.0,2072.0,1949.0,1.0,A2,345000.0,2009-08-17,Unknown,2009_bronx.xls,1,D4,1,D4,2.0,72000,88000,6.8,2.0,5.15,,166.5057915057915,,,2,,
2.0,BAYCHESTER               ,01  ONE FAMILY HOMES                        ,1,4970.0,28.0, ,A2,3929 ROMBOUTS AVENUE                     ,            ,10466.0,1.0,0.0,1.0,2000.0,1184.0,1925.0,1.0,A2,0.0,2009-05-22,Unknown,2009_bronx.xls,1,D4,1,D4,2.0,72000,88000,6.8,2.0,5.15,,0.0,,,2,,
2.0,BAYCHESTER               ,01  ONE FAMILY HOMES                        ,  ,4970.0,35.0, ,  ,3915 ROMBOUTS AVENUE                     ,            ,10466.0,0.0,0.0,0.0,0.0,0.0,0.0,1.0,A5,380000.0,2009-02-05,Unknown,2009_bronx.xls,1,D4,1,D4,2.0,72000,88000,6.8,2.0,5.0,,,2009-05-02,5.0,2,2009.0,200.0
2.0,BAYCHESTER               ,01  ONE FAMILY HOMES                        ,1,4970.0,50.0, ,A1,3926 DYRE AVENUE                         ,            ,10466.0,1.0,0.0,1.0,3200.0,1442.0,1925.0,1.0,A1,425000.0,2009-11-03,Unknown,2009_bronx.xls,1,D4,1,D4,2.0,72000,88000,6.8,2.0,5.15,,294.72954230235786,2009-03-11,3.0,2,2009.0,84.0
2.0,BAYCHESTER               ,01  ONE FAMILY HOMES                        ,1,4970.0,135.0, ,A5,3913 ROMBOUTS AVENUE                     ,            ,10466.0,1.0,0.0,1.0,1938.0,1922.0,2008.0,1.0,A5,383000.0,2009-06-04,Unknown,2009_bronx.xls,1,D4,1,D4,2.0,72000,88000,6.8,2.0,5.15,,199.27159209157128,2009-04-06,4.0,2,2009.0,1.0
2.0,BAYCHESTER               ,01  ONE FAMILY HOMES                        ,1,4976.0,14.0, ,A5,4055 WICKHAM AVE.                        ,            ,10466.0,1.0,0.0,1.0,1750.0,1080.0,1950.0,1.0,A5,0.0,2009-09-14,Unknown,2009_bronx.xls,1,D4,1,D4,2.0,72000,88000,6.8,2.0,5.15,,0.0,,,2,,
2.0,BAYCHESTER               ,01  ONE FAMILY HOMES                        ,1,4976.0,19.0, ,A1,4045 WICKHAM AVENUE                      ,            ,10466.0,1.0,0.0,1.0,2375.0,1224.0,1925.0,1.0,A1,340000.0,2009-11-03,Unknown,2009_bronx.xls,1,D4,1,D4,2.0,72000,88000,6.8,2.0,5.15,,277.77777777777777,2009-03-11,3.0,2,2009.0,84.0
2.0,BAYCHESTER               ,01  ONE FAMILY HOMES                        ,1,4978.0,47.0, ,A1,1846 EDENWALD AVENUE                     ,            ,10466.0,1.0,0.0,1.0,2000.0,2520.0,1935.0,1.0,A1,407000.0,2009-11-16,Unknown,2009_bronx.xls,1,D4,1,D4,2.0,72000,88000,6.8,2.0,5.15,,161.5079365079365,,,2,,
2.0,BAYCHESTER               ,01  ONE FAMILY HOMES                        ,1,4979.0,4.0, ,A5,4018 ELY AVENUE                          ,            ,10466.0,1.0,0.0,1.0,1710.0,1152.0,1940.0,1.0,A5,306734.0,2009-11-25,Unknown,2009_bronx.xls,1,D4,1,D4,2.0,72000,88000,6.8,2.0,5.15,,266.26215277777777,,,2,,
2.0,BAYCHESTER               ,01  ONE FAMILY HOMES                        ,1,4979.0,5.0, ,A5,4020 ELY AVENUE                          ,            ,10466.0,1.0,0.0,1.0,1710.0,1152.0,1940.0,1.0,A5,269500.0,2009-08-27,Unknown,2009_bronx.xls,1,D4,1,D4,2.0,72000,88000,6.8,2.0,5.15,,233.94097222222223,,,2,,
2.0,BAYCHESTER               ,01  ONE FAMILY HOMES                        ,1,4979.0,49.0, ,A5,4089 GRACE AVENUE                        ,            ,10466.0,1.0,0.0,1.0,2589.0,1260.0,1950.0,1.0,A5,100.0,2009-12-12,Unknown,2009_bronx.xls,1,D4,1,D4,2.0,72000,88000,6.8,2.0,5.15,,0.0793650793650793,2009-12-12,12.0,2,2009.0,59.0
2.0,BAYCHESTER               ,01  ONE FAMILY HOMES                        ,1,4979.0,64.0, ,A5,4063 GRACE AVENUE                        ,            ,10466.0,1.0,0.0,1.0,2494.0,1470.0,1950.0,1.0,A5,0.0,2009-07-21,Unknown,2009_bronx.xls,1,D4,1,D4,2.0,72000,88000,6.8,2.0,5.15,,0.0,,,2,,
2.0,BAYCHESTER               ,01  ONE FAMILY HOMES                        ,1,4981.0,46.0, ,A5,4092 EDSON AVENUE                        ,            ,10466.0,1.0,0.0,1.0,1800.0,1798.0,1955.0,1.0,A5,0.0,2009-03-20,Unknown,2009_bronx.xls,1,D4,1,D4,2.0,72000,88000,6.8,2.0,5.15,,0.0,,,2,,
2.0,BAYCHESTER               ,01  ONE FAMILY HOMES                        ,1,4981.0,61.0, ,A5,4063 BAYCHESTER AVENUE                   ,            ,10466.0,1.0,0.0,1.0,1681.0,2160.0,1965.0,1.0,A5,361000.0,2009-09-03,Unknown,2009_bronx.xls,1,D4,1,D4,2.0,72000,88000,6.8,2.0,5.15,,167.12962962962962,2009-03-09,3.0,2,2009.0,44.0
2.0,BAYCHESTER               ,01  ONE FAMILY HOMES                        ,1,4983.0,164.0, ,A5,4061 WILDER AVENUE                       ,            ,10466.0,1.0,0.0,1.0,2185.0,1651.0,1955.0,1.0,A5,330000.0,2009-06-30,Unknown,2009_bronx.xls,1,D4,1,D4,2.0,72000,88000,6.8,2.0,5.15,,199.8788612961841,,,2,,
2.0,BAYCHESTER               ,01  ONE FAMILY HOMES                        ,1,4984.0,61.0, ,A1,4063 MURDOCK AVENUE                      ,            ,10466.0,1.0,0.0,1.0,3742.0,1804.0,1901.0,1.0,A1,0.0,2009-05-26,Unknown,2009_bronx.xls,1,D4,1,D4,2.0,72000,88000,6.8,2.0,5.15,,0.0,,,2,,
2.0,BAYCHESTER               ,01  ONE FAMILY HOMES                        ,1,4985.0,15.0, ,A5,4038 MURDOCK AVENUE                      ,            ,10466.0,1.0,0.0,1.0,1808.0,1741.0,1945.0,1.0,A5,357498.0,2009-07-27,Unknown,2009_bronx.xls,1,D4,1,D4,2.0,72000,88000,6.8,2.0,5.15,,205.3406088454911,,,2,,
2.0,BAYCHESTER               ,01  ONE FAMILY HOMES                        ,1,5134.0,70.0, ,A2,2319 BOLLER AVE                          ,            ,10475.0,1.0,0.0,1.0,7125.0,1480.0,1947.0,1.0,A2,417000.0,2009-10-09,Unknown,2009_bronx.xls,1,D4,1,D4,2.0,72000,88000,6.8,2.0,5.15,,281.7567567567568,2009-09-10,9.0,2,2009.0,62.0
2.0,BAYCHESTER               ,01  ONE FAMILY HOMES                        ,1,5228.0,53.0, ,A1,3344 PALMER AVENUE                       ,            ,10475.0,1.0,0.0,1.0,6000.0,2838.0,1933.0,1.0,A1,500000.0,2009-08-24,Unknown,2009_bronx.xls,1,D4,1,D4,2.0,72000,88000,6.8,2.0,5.15,,176.18040873854827,,,2,,
2.0,BAYCHESTER               ,01  ONE FAMILY HOMES                        ,1,5257.0,31.0, ,A9,3421 DE REIMER AVENUE                    ,            ,10475.0,1.0,0.0,1.0,5363.0,1664.0,1957.0,1.0,A9,0.0,2009-10-26,Unknown,2009_bronx.xls,1,D4,1,D4,2.0,72000,88000,6.8,2.0,5.15,,0.0,,,2,,
2.0,BAYCHESTER               ,01  ONE FAMILY HOMES                        ,1,5263.0,340.0, ,A2,3412 HUNTER AVENUE                       ,            ,10475.0,1.0,0.0,1.0,5000.0,2376.0,1933.0,1.0,A2,65000.0,2009-10-02,Unknown,2009_bronx.xls,1,D4,1,D4,2.0,72000,88000,6.8,2.0,5.15,,27.35690235690236,2009-02-10,2.0,2,2009.0,76.0
2.0,BAYCHESTER               ,01  ONE FAMILY HOMES                        ,1,5273.0,36.0, ,A2,3 REEDS MILL LANE                        ,            ,10475.0,1.0,0.0,1.0,5049.0,414.0,1931.0,1.0,A2,10.0,2009-12-10,Unknown,2009_bronx.xls,1,D4,1,D4,2.0,72000,88000,6.8,2.0,5.15,,0.0241545893719806,2009-10-12,10.0,2,2009.0,78.0
2.0,BAYCHESTER               ,01  ONE FAMILY HOMES                        ,1,5274.0,37.0, ,A2,3520 ROMBOUTS AVENUE                     ,            ,10475.0,1.0,0.0,1.0,2500.0,1840.0,1940.0,1.0,A2,254400.0,2009-10-19,Unknown,2009_bronx.xls,1,D4,1,D4,2.0,72000,88000,6.8,2.0,5.15,,138.2608695652174,,,2,,
2.0,BAYCHESTER               ,01  ONE FAMILY HOMES                        ,1,5274.0,37.0, ,A2,3520 ROMBOUTS AVENUE                     ,            ,10475.0,1.0,0.0,1.0,2500.0,1840.0,1940.0,1.0,A2,0.0,2009-10-08,Unknown,2009_bronx.xls,1,D4,1,D4,2.0,72000,88000,6.8,2.0,5.15,,0.0,2009-08-10,8.0,2,2009.0,69.0
2.0,BAYCHESTER               ,01  ONE FAMILY HOMES                        ,1,5653.0,63.0, ,A1,3560 ROPES AVENUE                        ,            ,10475.0,1.0,0.0,1.0,7855.0,1840.0,1929.0,1.0,A1,380000.0,2009-06-29,Unknown,2009_bronx.xls,1,D4,1,D4,2.0,72000,88000,6.8,2.0,5.15,,206.5217391304348,,,2,,
2.0,BAYCHESTER               ,01  ONE FAMILY HOMES                        ,1,5655.0,59.0, ,A2,3509 ROPES AVENUE                        ,            ,10475.0,1.0,0.0,1.0,7500.0,1920.0,1950.0,1.0,A2,0.0,2009-07-21,Unknown,2009_bronx.xls,1,D4,1,D4,2.0,72000,88000,6.8,2.0,5.15,,0.0,,,2,,
2.0,BAYCHESTER               ,02  TWO FAMILY HOMES                        ,1,4708.0,37.0, ,B1,1107 EAST 213TH STREET                   ,            ,10469.0,2.0,0.0,2.0,2500.0,3021.0,2008.0,1.0,B1,0.0,2009-12-10,Unknown,2009_bronx.xls,1,D4,1,D4,2.0,72000,88000,6.8,2.0,5.3,,0.0,2009-10-12,10.0,2,2009.0,1.0
2.0,BAYCHESTER               ,02  TWO FAMILY HOMES                        ,1,4708.0,37.0, ,B1,1107 EAST 213 STREET                     ,            ,10469.0,2.0,0.0,2.0,2500.0,3021.0,2008.0,1.0,B1,0.0,2009-10-30,Unknown,2009_bronx.xls,1,D4,1,D4,2.0,72000,88000,6.8,2.0,5.3,,0.0,,,2,,
2.0,BAYCHESTER               ,02  TWO FAMILY HOMES                        ,1,4708.0,51.0, ,B1,1120 EAST 214 STREET                     ,            ,10469.0,2.0,0.0,2.0,1900.0,2125.0,1945.0,1.0,B1,332591.0,2009-01-14,Unknown,2009_bronx.xls,1,D4,1,D4,2.0,72000,88000,6.8,2.0,5.3,,156.5134117647059,,,2,,
2.0,BAYCHESTER               ,02  TWO FAMILY HOMES                        ,1,4714.0,9.0, ,B9,3776 LACONIA AVENUE                      ,            ,10469.0,2.0,0.0,2.0,2270.0,2340.0,1950.0,1.0,B9,447000.0,2009-12-21,Unknown,2009_bronx.xls,1,D4,1,D4,2.0,72000,88000,6.8,2.0,5.3,,191.02564102564105,,,2,,
2.0,BAYCHESTER               ,02  TWO FAMILY HOMES                        ,1,4715.0,28.0, ,B1,1467 OAKLEY STREET                       ,            ,10469.0,2.0,0.0,2.0,1661.0,2768.0,2008.0,1.0,B1,575000.0,2009-12-31,Unknown,2009_bronx.xls,1,D4,1,D4,2.0,72000,88000,6.8,2.0,5.3,,207.7312138728324,,,2,,
2.0,BAYCHESTER               ,02  TWO FAMILY HOMES                        ,1,4715.0,127.0, ,B1,1469 OAKLEY STREET                       ,            ,10469.0,2.0,0.0,2.0,1661.0,2768.0,2008.0,1.0,B1,575000.0,2009-10-21,Unknown,2009_bronx.xls,1,D4,1,D4,2.0,72000,88000,6.8,2.0,5.3,,207.7312138728324,,,2,,
2.0,BAYCHESTER               ,02  TWO FAMILY HOMES                        ,1,4715.0,137.0, ,B1,1449A OAKLEY STREET                      ,            ,10469.0,2.0,0.0,2.0,2209.0,3484.0,2008.0,1.0,B1,0.0,2009-06-08,Unknown,2009_bronx.xls,1,D4,1,D4,2.0,72000,88000,6.8,2.0,5.3,,0.0,2009-08-06,8.0,2,2009.0,1.0
2.0,BAYCHESTER               ,02  TWO FAMILY HOMES                        ,1,4716.0,14.0, ,B2,1118 EAST 222ND ST                       ,            ,10469.0,2.0,0.0,2.0,2452.0,2517.0,2005.0,1.0,B2,565000.0,2009-03-06,Unknown,2009_bronx.xls,1,D4,1,D4,2.0,72000,88000,6.8,2.0,5.3,,224.4735796583234,2009-06-03,6.0,2,2009.0,4.0
2.0,BAYCHESTER               ,02  TWO FAMILY HOMES                        ,1,4716.0,36.0, ,B1,3615 EASTCHESTER ROAD                    ,            ,10469.0,2.0,0.0,2.0,2168.0,2500.0,1950.0,1.0,B1,0.0,2009-01-29,Unknown,2009_bronx.xls,1,D4,1,D4,2.0,72000,88000,6.8,2.0,5.3,,0.0,,,2,,
2.0,BAYCHESTER               ,02  TWO FAMILY HOMES                        ,1,4716.0,38.0, ,B2,1157 EAST 221                            ,            ,10469.0,2.0,0.0,2.0,2709.0,2400.0,1899.0,1.0,B2,0.0,2009-02-18,Unknown,2009_bronx.xls,1,D4,1,D4,2.0,72000,88000,6.8,2.0,5.3,,0.0,,,2,,
2.0,BAYCHESTER               ,02  TWO FAMILY HOMES                        ,1,4718.0,62.0, ,B2,1413 NEEDHAM AVENUE                      ,            ,10469.0,2.0,0.0,2.0,2375.0,2844.0,1899.0,1.0,B2,412181.0,2009-09-21,Unknown,2009_bronx.xls,1,D4,1,D4,2.0,72000,88000,6.8,2.0,5.3,,144.93002812939525,,,2,,
2.0,BAYCHESTER               ,02  TWO FAMILY HOMES                        ,1,4718.0,62.0, ,B2,1413 NEEDHAM AVENUE                      ,            ,10469.0,2.0,0.0,2.0,2375.0,2844.0,1899.0,1.0,B2,300000.0,2009-01-27,Unknown,2009_bronx.xls,1,D4,1,D4,2.0,72000,88000,6.8,2.0,5.3,,105.48523206751057,,,2,,
2.0,BAYCHESTER               ,02  TWO FAMILY HOMES                        ,1,4721.0,107.0, ,B1,1462 HICKS STREET                        ,            ,10469.0,2.0,0.0,2.0,1966.0,3168.0,2004.0,1.0,B1,495000.0,2009-03-30,Unknown,2009_bronx.xls,1,D4,1,D4,2.0,72000,88000,6.8,2.0,5.3,,156.25,,,2,,
2.0,BAYCHESTER               ,02  TWO FAMILY HOMES                        ,1,4721.0,108.0, ,B1,1464 HICKS STREET                        ,            ,10469.0,2.0,0.0,2.0,1966.0,3198.0,2004.0,1.0,B1,500000.0,2009-10-06,Unknown,2009_bronx.xls,1,D4,1,D4,2.0,72000,88000,6.8,2.0,5.3,,156.3477173233271,2009-06-10,6.0,2,2009.0,5.0
2.0,BAYCHESTER               ,02  TWO FAMILY HOMES                        ,1,4721.0,108.0, ,B1,1464 HICKS STREET                        ,            ,10469.0,2.0,0.0,2.0,1966.0,3198.0,2004.0,1.0,B1,392000.0,2009-04-29,Unknown,2009_bronx.xls,1,D4,1,D4,2.0,72000,88000,6.8,2.0,5.3,,122.57661038148844,,,2,,
2.0,BAYCHESTER               ,02  TWO FAMILY HOMES                        ,1,4722.0,108.0, ,S2,3515 EASTCHESTER ROAD                    ,            ,10469.0,2.0,1.0,3.0,3200.0,3432.0,1988.0,1.0,S2,10.0,2009-02-02,Unknown,2009_bronx.xls,1,D4,1,D4,2.0,72000,88000,6.8,2.0,5.45,,0.0029137529137529,2009-02-02,2.0,2,2009.0,21.0
2.0,BAYCHESTER               ,02  TWO FAMILY HOMES                        ,1,4723.0,24.0, ,B1,3443 MICKLE AVENUE                       ,            ,10469.0,2.0,0.0,2.0,3088.0,3419.0,1999.0,1.0,B1,573000.0,2009-03-05,Unknown,2009_bronx.xls,1,D4,1,D4,2.0,72000,88000,6.8,2.0,5.3,,167.5928634103539,2009-05-03,5.0,2,2009.0,10.0
2.0,BAYCHESTER               ,02  TWO FAMILY HOMES                        ,1,4723.0,53.0, ,B9,3464 EASTCHESTER ROAD                    ,            ,10469.0,2.0,0.0,2.0,2910.0,2176.0,1960.0,1.0,B9,0.0,2009-07-30,Unknown,2009_bronx.xls,1,D4,1,D4,2.0,72000,88000,6.8,2.0,5.3,,0.0,,,2,,
2.0,BAYCHESTER               ,02  TWO FAMILY HOMES                        ,1,4724.0,20.0, ,B2,3455 KINGSLAND AVENUE                    ,            ,10469.0,2.0,0.0,2.0,2288.0,3047.0,1901.0,1.0,B2,0.0,2009-04-06,Unknown,2009_bronx.xls,1,D4,1,D4,2.0,72000,88000,6.8,2.0,5.3,,0.0,2009-06-04,6.0,2,2009.0,108.0
2.0,BAYCHESTER               ,02  TWO FAMILY HOMES                        ,1,4724.0,38.0, ,B1,3444 MICKLE AVENUE                       ,            ,10469.0,2.0,0.0,2.0,2066.0,2112.0,1950.0,1.0,B1,1000.0,2009-11-23,Unknown,2009_bronx.xls,1,D4,1,D4,2.0,72000,88000,6.8,2.0,5.3,,0.4734848484848485,,,2,,
2.0,BAYCHESTER               ,02  TWO FAMILY HOMES                        ,1,4725.0,16.0, ,B1,1488 NEEDHAM AVENUE                      ,            ,10469.0,2.0,0.0,2.0,3070.0,1912.0,1955.0,1.0,B1,217000.0,2009-01-07,Unknown,2009_bronx.xls,1,D4,1,D4,2.0,72000,88000,6.8,2.0,5.3,,113.4937238493724,2009-07-01,7.0,2,2009.0,54.0
2.0,BAYCHESTER               ,02  TWO FAMILY HOMES                        ,1,4728.0,54.0, ,B1,3470 KINGSLAND AVENUE                    ,            ,10469.0,2.0,0.0,2.0,2002.0,2654.0,2005.0,1.0,B1,503490.0,2009-10-19,Unknown,2009_bronx.xls,1,D4,1,D4,2.0,72000,88000,6.8,2.0,5.3,,189.7098718914845,,,2,,
2.0,BAYCHESTER               ,02  TWO FAMILY HOMES                        ,1,4732.0,28.0, ,B1,3331 PEARSALL AVENUE                     ,            ,10469.0,2.0,0.0,2.0,2819.0,1905.0,1950.0,1.0,B1,0.0,2009-09-02,Unknown,2009_bronx.xls,1,D4,1,D4,2.0,72000,88000,6.8,2.0,5.3,,0.0,2009-02-09,2.0,2,2009.0,59.0
2.0,BAYCHESTER               ,02  TWO FAMILY HOMES                        ,1,4733.0,46.0, ,B1,3342 PEARSALL AVENUE                     ,            ,10469.0,2.0,0.0,2.0,2500.0,2187.0,1955.0,1.0,B1,0.0,2009-11-16,Unknown,2009_bronx.xls,1,D4,1,D4,2.0,72000,88000,6.8,2.0,5.3,,0.0,,,2,,
2.0,BAYCHESTER               ,02  TWO FAMILY HOMES                        ,1,4733.0,46.0, ,B1,3342 PEARSALL AVENUE                     ,            ,10469.0,2.0,0.0,2.0,2500.0,2187.0,1955.0,1.0,B1,0.0,2009-10-30,Unknown,2009_bronx.xls,1,D4,1,D4,2.0,72000,88000,6.8,2.0,5.3,,0.0,,,2,,
2.0,BAYCHESTER               ,02  TWO FAMILY HOMES                        ,1,4736.0,26.0, ,B1,3323 SEYMOUR AVENUE                      ,            ,10469.0,2.0,0.0,2.0,2500.0,2440.0,1920.0,1.0,B1,506575.0,2009-10-26,Unknown,2009_bronx.xls,1,D4,1,D4,2.0,72000,88000,6.8,2.0,5.3,,207.6127049180328,,,2,,
2.0,BAYCHESTER               ,02  TWO FAMILY HOMES                        ,1,4737.0,59.0, ,B1,3330 SEYMOUR AVENUE                      ,            ,10469.0,2.0,0.0,2.0,2450.0,2650.0,1960.0,1.0,B1,0.0,2009-03-19,Unknown,2009_bronx.xls,1,D4,1,D4,2.0,72000,88000,6.8,2.0,5.3,,0.0,,,2,,
2.0,BAYCHESTER               ,02  TWO FAMILY HOMES                        ,1,4737.0,60.0, ,B1,3332 SEYMOUR AVE                         ,            ,10469.0,2.0,0.0,2.0,2450.0,2650.0,1960.0,1.0,B1,0.0,2009-05-05,Unknown,2009_bronx.xls,1,D4,1,D4,2.0,72000,88000,6.8,2.0,5.3,,0.0,2009-05-05,5.0,2,2009.0,49.0
2.0,BAYCHESTER               ,02  TWO FAMILY HOMES                        ,1,4740.0,29.0, ,B1,3202 FISH AVENUE                         ,            ,10469.0,2.0,0.0,2.0,5000.0,2675.0,1956.0,1.0,B1,452800.0,2009-04-06,Unknown,2009_bronx.xls,1,D4,1,D4,2.0,72000,88000,6.8,2.0,5.3,,169.2710280373832,2009-06-04,6.0,2,2009.0,53.0
2.0,BAYCHESTER               ,02  TWO FAMILY HOMES                        ,1,4741.0,47.0, ,B1,3232 SEYMOUR AVENUE                      ,            ,10469.0,2.0,0.0,2.0,2500.0,2160.0,1920.0,1.0,B1,0.0,2009-12-17,Unknown,2009_bronx.xls,1,D4,1,D4,2.0,72000,88000,6.8,2.0,5.3,,0.0,,,2,,
2.0,BAYCHESTER               ,02  TWO FAMILY HOMES                        ,1,4744.0,32.0, ,B1,1511 GIVAN AVENUE                        ,            ,10469.0,2.0,0.0,2.0,1830.0,2070.0,1940.0,1.0,B1,0.0,2009-10-21,Unknown,2009_bronx.xls,1,D4,1,D4,2.0,72000,88000,6.8,2.0,5.3,,0.0,,,2,,
2.0,BAYCHESTER               ,02  TWO FAMILY HOMES                        ,1,4746.0,38.0, ,B3,3226 CORSA AVENUE                        ,            ,10469.0,2.0,0.0,2.0,1800.0,1732.0,1950.0,1.0,B3,0.0,2009-10-01,Unknown,2009_bronx.xls,1,D4,1,D4,2.0,72000,88000,6.8,2.0,5.3,,0.0,2009-01-10,1.0,2,2009.0,59.0
2.0,BAYCHESTER               ,02  TWO FAMILY HOMES                        ,1,4751.0,11.0, ,B1,3355 WICKHAM AVENUE                      ,            ,10469.0,2.0,0.0,2.0,2692.0,2620.0,1970.0,1.0,B1,465245.0,2009-10-19,Unknown,2009_bronx.xls,1,D4,1,D4,2.0,72000,88000,6.8,2.0,5.3,,177.57442748091603,,,2,,
2.0,BAYCHESTER               ,02  TWO FAMILY HOMES                        ,1,4751.0,20.0, ,B1,3333 WICKHAM AVENUE                      ,            ,10469.0,2.0,0.0,2.0,1900.0,2620.0,1970.0,1.0,B1,495000.0,2009-03-31,Unknown,2009_bronx.xls,1,D4,1,D4,2.0,72000,88000,6.8,2.0,5.3,,188.93129770992363,,,2,,
2.0,BAYCHESTER               ,02  TWO FAMILY HOMES                        ,1,4752.0,72.0, ,B1,3212 GUNTHER AVENUE                      ,            ,10469.0,2.0,0.0,2.0,1880.0,2080.0,1970.0,1.0,B1,496000.0,2009-04-08,Unknown,2009_bronx.xls,1,D4,1,D4,2.0,72000,88000,6.8,2.0,5.3,,238.46153846153845,2009-08-04,8.0,2,2009.0,39.0
2.0,BAYCHESTER               ,02  TWO FAMILY HOMES                        ,1,4752.0,125.0, ,B1,1750 GIVAN AVENUE                        ,            ,10469.0,2.0,0.0,2.0,3143.0,3196.0,2005.0,1.0,B1,587000.0,2009-03-11,Unknown,2009_bronx.xls,1,D4,1,D4,2.0,72000,88000,6.8,2.0,5.3,,183.6670838548185,2009-11-03,11.0,2,2009.0,4.0
2.0,BAYCHESTER               ,02  TWO FAMILY HOMES                        ,1,4753.0,52.0, ,S2,3302 WICKHAM AVENUE                      ,            ,10469.0,2.0,1.0,3.0,3214.0,3034.0,1970.0,1.0,S2,0.0,2009-02-10,Unknown,2009_bronx.xls,1,D4,1,D4,2.0,72000,88000,6.8,2.0,5.45,,0.0,2009-10-02,10.0,2,2009.0,39.0
2.0,BAYCHESTER               ,02  TWO FAMILY HOMES                        ,1,4756.0,26.0, ,B1,3217 ELY AVENUE                          ,            ,10469.0,2.0,0.0,2.0,2850.0,3495.0,2006.0,1.0,B1,635000.0,2009-03-17,Unknown,2009_bronx.xls,1,D4,1,D4,2.0,72000,88000,6.8,2.0,5.3,,181.6881258941345,,,2,,
2.0,BAYCHESTER               ,02  TWO FAMILY HOMES                        ,1,4760.0,7.0, ,B1,3145 FENTON AVE                          ,            ,10469.0,2.0,0.0,2.0,2500.0,1986.0,1950.0,1.0,B1,480000.0,2009-02-20,Unknown,2009_bronx.xls,1,D4,1,D4,2.0,72000,88000,6.8,2.0,5.3,,241.6918429003021,,,2,,
2.0,BAYCHESTER               ,02  TWO FAMILY HOMES                        ,1,4760.0,22.0, ,B1,3115 FENTON AVENUE                       ,            ,10469.0,2.0,0.0,2.0,2500.0,2860.0,2008.0,1.0,B1,0.0,2009-01-27,Unknown,2009_bronx.xls,1,D4,1,D4,2.0,72000,88000,6.8,2.0,5.3,,0.0,,,2,,
2.0,BAYCHESTER               ,02  TWO FAMILY HOMES                        ,1,4760.0,121.0, ,B1,3117 FENTON AVENUE                       ,            ,10469.0,2.0,0.0,2.0,2500.0,2860.0,2008.0,1.0,B1,0.0,2009-01-27,Unknown,2009_bronx.xls,1,D4,1,D4,2.0,72000,88000,6.8,2.0,5.3,,0.0,,,2,,
2.0,BAYCHESTER               ,02  TWO FAMILY HOMES                        ,1,4763.0,22.0, ,B1,3127 MICKLE AVENUE                       ,            ,10469.0,2.0,0.0,2.0,2655.0,1568.0,1950.0,1.0,B1,0.0,2009-09-03,Unknown,2009_bronx.xls,1,D4,1,D4,2.0,72000,88000,6.8,2.0,5.3,,0.0,2009-03-09,3.0,2,2009.0,59.0
2.0,BAYCHESTER               ,02  TWO FAMILY HOMES                        ,1,4767.0,34.0, ,B1,3000 MICKLE AVENUE                       ,            ,10469.0,2.0,0.0,2.0,2316.0,2850.0,2008.0,1.0,B1,600000.0,2009-10-09,Unknown,2009_bronx.xls,1,D4,1,D4,2.0,72000,88000,6.8,2.0,5.3,,210.52631578947367,2009-09-10,9.0,2,2009.0,1.0
2.0,BAYCHESTER               ,02  TWO FAMILY HOMES                        ,1,4767.0,35.0, ,B1,3006 MICKLE AVENUE                       ,            ,10469.0,2.0,0.0,2.0,2316.0,3124.0,2008.0,1.0,B1,594000.0,2009-10-05,Unknown,2009_bronx.xls,1,D4,1,D4,2.0,72000,88000,6.8,2.0,5.3,,190.14084507042253,2009-05-10,5.0,2,2009.0,1.0
2.0,BAYCHESTER               ,02  TWO FAMILY HOMES                        ,1,4767.0,36.0, ,B1,3008 MICKLE AVENUE                       ,            ,10469.0,2.0,0.0,2.0,2373.0,2980.0,2008.0,1.0,B1,581500.0,2009-10-01,Unknown,2009_bronx.xls,1,D4,1,D4,2.0,72000,88000,6.8,2.0,5.3,,195.13422818791943,2009-01-10,1.0,2,2009.0,1.0
2.0,BAYCHESTER               ,02  TWO FAMILY HOMES                        ,  ,4767.0,44.0, ,  ,3030 MICKLE AVENUE                       ,            ,10469.0,0.0,0.0,0.0,0.0,0.0,0.0,1.0,B1,153114.0,2009-05-19,Unknown,2009_bronx.xls,1,D4,1,D4,2.0,72000,88000,6.8,2.0,5.0,,,,,2,,
2.0,BAYCHESTER               ,02  TWO FAMILY HOMES                        ,1,4768.0,4.0, ,B1,1656 HAMMERSLEY AVENUE                   ,            ,10469.0,2.0,0.0,2.0,1917.0,2142.0,1960.0,1.0,B1,0.0,2009-11-24,Unknown,2009_bronx.xls,1,D4,1,D4,2.0,72000,88000,6.8,2.0,5.3,,0.0,,,2,,
2.0,BAYCHESTER               ,02  TWO FAMILY HOMES                        ,1,4769.0,34.0, ,B1,1703 HAMMERSLEY AVENUE                   ,            ,10469.0,2.0,0.0,2.0,3395.0,3550.0,2008.0,1.0,B1,610000.0,2009-04-02,Unknown,2009_bronx.xls,1,D4,1,D4,2.0,72000,88000,6.8,2.0,5.3,,171.83098591549296,2009-02-04,2.0,2,2009.0,1.0
2.0,BAYCHESTER               ,02  TWO FAMILY HOMES                        ,1,4773.0,59.0, ,B3,3044 TIEMANN AVENUE                      ,            ,10469.0,2.0,0.0,2.0,4750.0,1652.0,1920.0,1.0,B3,320000.0,2009-08-24,Unknown,2009_bronx.xls,1,D4,1,D4,2.0,72000,88000,6.8,2.0,5.3,,193.7046004842615,,,2,,
2.0,BAYCHESTER               ,02  TWO FAMILY HOMES                        ,1,4775.0,18.0, ,B1,3031 BRUNER AVENUE                       ,            ,10469.0,2.0,0.0,2.0,2684.0,2680.0,1960.0,1.0,B1,493000.0,2009-07-02,Unknown,2009_bronx.xls,1,D4,1,D4,2.0,72000,88000,6.8,2.0,5.3,,183.955223880597,2009-02-07,2.0,2,2009.0,49.0
2.0,BAYCHESTER               ,02  TWO FAMILY HOMES                        ,1,4778.0,36.0, ,B3,3112 GRACE AVENUE                        ,            ,10469.0,2.0,0.0,2.0,3650.0,1898.0,1950.0,1.0,B3,258000.0,2009-07-20,Unknown,2009_bronx.xls,1,D4,1,D4,2.0,72000,88000,6.8,2.0,5.3,,135.93256059009482,,,2,,
2.0,BAYCHESTER               ,02  TWO FAMILY HOMES                        ,1,4779.0,1.0, ,B9,1970 BURKE AVENUE                        ,            ,10469.0,2.0,0.0,2.0,3073.0,2680.0,1970.0,1.0,B9,5000.0,2009-02-27,Unknown,2009_bronx.xls,1,D4,1,D4,2.0,72000,88000,6.8,2.0,5.3,,1.8656716417910448,,,2,,
2.0,BAYCHESTER               ,02  TWO FAMILY HOMES                        ,1,4779.0,17.0, ,B9,3123 BAYCHESTER AVENUE                   ,            ,10469.0,2.0,0.0,2.0,1960.0,2707.0,1970.0,1.0,B9,240000.0,2009-04-13,Unknown,2009_bronx.xls,1,D4,1,D4,2.0,72000,88000,6.8,2.0,5.3,,88.65903213889915,,,2,,
2.0,BAYCHESTER               ,02  TWO FAMILY HOMES                        ,1,4784.0,29.0, ,B3,2917 KINGSLAND AVENUE                    ,            ,10469.0,2.0,0.0,2.0,2375.0,1737.0,1945.0,1.0,B3,0.0,2009-05-26,Unknown,2009_bronx.xls,1,D4,1,D4,2.0,72000,88000,6.8,2.0,5.3,,0.0,,,2,,
2.0,BAYCHESTER               ,02  TWO FAMILY HOMES                        ,1,4785.0,50.0, ,B3,2920 KINGSLAND AVENUE                    ,            ,10469.0,2.0,0.0,2.0,3093.0,2768.0,1935.0,1.0,B3,0.0,2009-10-02,Unknown,2009_bronx.xls,1,D4,1,D4,2.0,72000,88000,6.8,2.0,5.3,,0.0,2009-02-10,2.0,2,2009.0,74.0
2.0,BAYCHESTER               ,02  TWO FAMILY HOMES                        ,1,4787.0,59.0, ,B1,2830 KINGSLAND AVENUE                    ,            ,10469.0,2.0,0.0,2.0,3563.0,3016.0,2009.0,1.0,B1,636000.0,2009-11-16,Unknown,2009_bronx.xls,1,D4,1,D4,2.0,72000,88000,6.8,2.0,5.3,,210.87533156498677,,,2,,
2.0,BAYCHESTER               ,02  TWO FAMILY HOMES                        ,1,4788.0,49.0, ,B1,2940 TIEMANN AVENUE                      ,            ,10469.0,2.0,0.0,2.0,2378.0,3056.0,2008.0,1.0,B1,550000.0,2009-09-22,Unknown,2009_bronx.xls,1,D4,1,D4,2.0,72000,88000,6.8,2.0,5.3,,179.9738219895288,,,2,,
2.0,BAYCHESTER               ,02  TWO FAMILY HOMES                        ,1,4788.0,50.0, ,B1,2940 TIEMANN AVENUE                      ,            ,10469.0,2.0,0.0,2.0,2377.0,3056.0,2008.0,1.0,B1,550000.0,2009-09-22,Unknown,2009_bronx.xls,1,D4,1,D4,2.0,72000,88000,6.8,2.0,5.3,,179.9738219895288,,,2,,
2.0,BAYCHESTER               ,02  TWO FAMILY HOMES                        ,1,4789.0,17.0, ,B1,2933 WICKHAM AVENUE                      ,            ,10469.0,2.0,0.0,2.0,2375.0,2400.0,2002.0,1.0,B1,0.0,2009-02-05,Unknown,2009_bronx.xls,1,D4,1,D4,2.0,72000,88000,6.8,2.0,5.3,,0.0,2009-05-02,5.0,2,2009.0,7.0
2.0,BAYCHESTER               ,02  TWO FAMILY HOMES                        ,1,4790.0,38.0, ,B1,2918 WICKHAM AVENUE                      ,            ,10469.0,2.0,0.0,2.0,2375.0,2616.0,2008.0,1.0,B1,563000.0,2009-08-21,Unknown,2009_bronx.xls,1,D4,1,D4,2.0,72000,88000,6.8,2.0,5.3,,215.21406727828747,,,2,,
2.0,BAYCHESTER               ,02  TWO FAMILY HOMES                        ,1,4790.0,39.0, ,B1,2920 WICKHAM AVENUE                      ,            ,10469.0,2.0,0.0,2.0,2375.0,2615.0,2008.0,1.0,B1,595000.0,2009-05-20,Unknown,2009_bronx.xls,1,D4,1,D4,2.0,72000,88000,6.8,2.0,5.3,,227.53346080305928,,,2,,
2.0,BAYCHESTER               ,02  TWO FAMILY HOMES                        ,1,4791.0,47.0, ,B1,2936 BRUNER AVENUE                       ,            ,10469.0,2.0,0.0,2.0,2605.0,2905.0,2008.0,1.0,B1,561800.0,2009-11-30,Unknown,2009_bronx.xls,1,D4,1,D4,2.0,72000,88000,6.8,2.0,5.3,,193.3907056798623,,,2,,
2.0,BAYCHESTER               ,02  TWO FAMILY HOMES                        ,1,4791.0,48.0, ,B3,2946 BRUNER AVENUE                       ,            ,10469.0,2.0,0.0,2.0,2772.0,1500.0,1920.0,1.0,B3,395000.0,2009-10-23,Unknown,2009_bronx.xls,1,D4,1,D4,2.0,72000,88000,6.8,2.0,5.3,,263.3333333333333,,,2,,
2.0,BAYCHESTER               ,02  TWO FAMILY HOMES                        ,1,4791.0,50.0, ,B1,2952 BRUNER AVENUE                       ,            ,10469.0,2.0,0.0,2.0,3773.0,3523.0,2010.0,1.0,B1,134500.0,2009-10-09,Unknown,2009_bronx.xls,1,D4,1,D4,2.0,72000,88000,6.8,2.0,5.3,,38.177689469202384,2009-09-10,9.0,2,2009.0,0.0
2.0,BAYCHESTER               ,02  TWO FAMILY HOMES                        ,1,4791.0,50.0, ,B1,2952 BRUNER AVENUE                       ,            ,10469.0,2.0,0.0,2.0,3773.0,3523.0,2010.0,1.0,B1,380718.0,2009-06-15,Unknown,2009_bronx.xls,1,D4,1,D4,2.0,72000,88000,6.8,2.0,5.3,,108.06642066420665,,,2,,
2.0,BAYCHESTER               ,02  TWO FAMILY HOMES                        ,1,4881.0,84.0, ,B1,3322 EDSON AVENUE                        ,            ,10469.0,2.0,0.0,2.0,3117.0,2025.0,1975.0,1.0,B1,520000.0,2009-07-17,Unknown,2009_bronx.xls,1,D4,1,D4,2.0,72000,88000,6.8,2.0,5.3,,256.7901234567901,,,2,,
2.0,BAYCHESTER               ,02  TWO FAMILY HOMES                        ,1,4881.0,84.0, ,B1,3322 EDSON AVENUE                        ,            ,10469.0,2.0,0.0,2.0,3117.0,2025.0,1975.0,1.0,B1,210000.0,2009-03-12,Unknown,2009_bronx.xls,1,D4,1,D4,2.0,72000,88000,6.8,2.0,5.3,,103.70370370370372,2009-12-03,12.0,2,2009.0,34.0
2.0,BAYCHESTER               ,02  TWO FAMILY HOMES                        ,1,4901.0,10.0, ,B1,1177 EAST 222ND STREET                   ,            ,10469.0,2.0,0.0,2.0,3500.0,2585.0,1964.0,1.0,B1,0.0,2009-09-30,Unknown,2009_bronx.xls,1,D4,1,D4,2.0,72000,88000,6.8,2.0,5.3,,0.0,,,2,,
2.0,BAYCHESTER               ,02  TWO FAMILY HOMES                        ,1,4903.0,16.0, ,B3,1157 EAST 224                            ,            ,10466.0,2.0,0.0,2.0,2300.0,1620.0,1950.0,1.0,B3,0.0,2009-08-14,Unknown,2009_bronx.xls,1,D4,1,D4,2.0,72000,88000,6.8,2.0,5.3,,0.0,,,2,,
2.0,BAYCHESTER               ,02  TWO FAMILY HOMES                        ,1,4903.0,64.0, ,B1,1132 EAST 225 STREET                     ,            ,10466.0,2.0,0.0,2.0,1934.0,1912.0,1950.0,1.0,B1,1000.0,2009-09-14,Unknown,2009_bronx.xls,1,D4,1,D4,2.0,72000,88000,6.8,2.0,5.3,,0.5230125523012552,,,2,,
2.0,BAYCHESTER               ,02  TWO FAMILY HOMES                        ,1,4903.0,74.0, ,B9,1160 EAST 225TH STREET                   ,            ,10466.0,2.0,0.0,2.0,1840.0,1384.0,1970.0,1.0,B9,90000.0,2009-06-01,Unknown,2009_bronx.xls,1,D4,1,D4,2.0,72000,88000,6.8,2.0,5.3,,65.02890173410404,2009-01-06,1.0,2,2009.0,39.0
2.0,BAYCHESTER               ,02  TWO FAMILY HOMES                        ,1,4903.0,168.0, ,B1,1142 EAST 225 STREET                     ,            ,10466.0,2.0,0.0,2.0,1934.0,1894.0,1950.0,1.0,B1,262500.0,2009-10-05,Unknown,2009_bronx.xls,1,D4,1,D4,2.0,72000,88000,6.8,2.0,5.3,,138.59556494192185,2009-05-10,5.0,2,2009.0,59.0
2.0,BAYCHESTER               ,02  TWO FAMILY HOMES                        ,1,4903.0,168.0, ,B1,1142 EAST 225TH STREET                   ,            ,10466.0,2.0,0.0,2.0,1934.0,1894.0,1950.0,1.0,B1,407299.0,2009-01-12,Unknown,2009_bronx.xls,1,D4,1,D4,2.0,72000,88000,6.8,2.0,5.3,,215.0469904963041,2009-12-01,12.0,2,2009.0,59.0
2.0,BAYCHESTER               ,02  TWO FAMILY HOMES                        ,1,4916.0,51.0, ,B1,3614 BAYCHESTER                          ,            ,10466.0,2.0,0.0,2.0,3045.0,3420.0,1965.0,1.0,B1,0.0,2009-01-24,Unknown,2009_bronx.xls,1,D4,1,D4,2.0,72000,88000,6.8,2.0,5.3,,0.0,,,2,,
2.0,BAYCHESTER               ,02  TWO FAMILY HOMES                        ,1,4918.0,36.0, ,B9,3535 DEREIMER AVE                        ,            ,10466.0,2.0,0.0,2.0,1800.0,2556.0,1964.0,1.0,B9,0.0,2009-02-12,Unknown,2009_bronx.xls,1,D4,1,D4,2.0,72000,88000,6.8,2.0,5.3,,0.0,2009-12-02,12.0,2,2009.0,45.0
2.0,BAYCHESTER               ,02  TWO FAMILY HOMES                        ,1,4929.0,16.0, ,B1,3933 ELY AVENUE                          ,            ,10466.0,2.0,0.0,2.0,1933.0,1920.0,1961.0,1.0,B1,0.0,2009-06-09,Unknown,2009_bronx.xls,1,D4,1,D4,2.0,72000,88000,6.8,2.0,5.3,,0.0,2009-09-06,9.0,2,2009.0,48.0
2.0,BAYCHESTER               ,02  TWO FAMILY HOMES                        ,1,4929.0,65.0, ,B1,1115 EAST 231 STREET                     ,            ,10466.0,2.0,0.0,2.0,2409.0,1952.0,1955.0,1.0,B1,314893.0,2009-08-04,Unknown,2009_bronx.xls,1,D4,1,D4,2.0,72000,88000,6.8,2.0,5.3,,161.31813524590163,2009-04-08,4.0,2,2009.0,54.0
2.0,BAYCHESTER               ,02  TWO FAMILY HOMES                        ,1,4939.0,23.0, ,B1,3847 AMUNDSON                            ,            ,10466.0,2.0,0.0,2.0,2500.0,2340.0,2007.0,1.0,B1,499000.0,2009-10-21,Unknown,2009_bronx.xls,1,D4,1,D4,2.0,72000,88000,6.8,2.0,5.3,,213.24786324786325,,,2,,
2.0,BAYCHESTER               ,02  TWO FAMILY HOMES                        ,1,4941.0,42.0, ,B2,3663 VARIAN AVENUE                       ,            ,10466.0,2.0,0.0,2.0,2628.0,3010.0,1999.0,1.0,B2,480000.0,2009-11-19,Unknown,2009_bronx.xls,1,D4,1,D4,2.0,72000,88000,6.8,2.0,5.3,,159.468438538206,,,2,,
2.0,BAYCHESTER               ,02  TWO FAMILY HOMES                        ,1,4941.0,45.0, ,B2,3669 VARIAN AVENUE                       ,            ,10466.0,2.0,0.0,2.0,3263.0,3010.0,1999.0,1.0,B2,0.0,2009-10-23,Unknown,2009_bronx.xls,1,D4,1,D4,2.0,72000,88000,6.8,2.0,5.3,,0.0,,,2,,
2.0,BAYCHESTER               ,02  TWO FAMILY HOMES                        ,1,4941.0,83.0, ,B2,41 HARPER COURT                          ,            ,10466.0,2.0,0.0,2.0,1975.0,2888.0,1996.0,1.0,B2,534872.0,2009-11-09,Unknown,2009_bronx.xls,1,D4,1,D4,2.0,72000,88000,6.8,2.0,5.3,,185.2049861495845,2009-09-11,9.0,2,2009.0,13.0
2.0,BAYCHESTER               ,02  TWO FAMILY HOMES                        ,1,4941.0,97.0, ,B2,77 HARPER COURT                          ,            ,10466.0,2.0,0.0,2.0,1716.0,2166.0,1999.0,1.0,B2,385218.0,2009-04-24,Unknown,2009_bronx.xls,1,D4,1,D4,2.0,72000,88000,6.8,2.0,5.3,,177.84764542936287,,,2,,
2.0,BAYCHESTER               ,02  TWO FAMILY HOMES                        ,1,4941.0,97.0, ,B2,77 HARPER COURT                          ,            ,10466.0,2.0,0.0,2.0,1716.0,2166.0,1999.0,1.0,B2,0.0,2009-04-24,Unknown,2009_bronx.xls,1,D4,1,D4,2.0,72000,88000,6.8,2.0,5.3,,0.0,,,2,,
2.0,BAYCHESTER               ,02  TWO FAMILY HOMES                        ,1,4942.0,34.0, ,B2,3660 VARIAN AVENUE                       ,            ,10466.0,2.0,0.0,2.0,2993.0,3010.0,1999.0,1.0,B2,540000.0,2009-08-14,Unknown,2009_bronx.xls,1,D4,1,D4,2.0,72000,88000,6.8,2.0,5.3,,179.40199335548172,,,2,,
2.0,BAYCHESTER               ,02  TWO FAMILY HOMES                        ,1,4955.0,33.0, ,B3,2012 STRANG AVENUE                       ,            ,10466.0,2.0,0.0,2.0,1958.0,2189.0,1920.0,1.0,B3,355000.0,2009-07-29,Unknown,2009_bronx.xls,1,D4,1,D4,2.0,72000,88000,6.8,2.0,5.3,,162.17450890817724,,,2,,
2.0,BAYCHESTER               ,02  TWO FAMILY HOMES                        ,1,4956.0,17.0, ,B9,3940 DE REIMER AVENUE                    ,            ,10466.0,2.0,0.0,2.0,1710.0,1890.0,1959.0,1.0,B9,444810.0,2009-03-30,Unknown,2009_bronx.xls,1,D4,1,D4,2.0,72000,88000,6.8,2.0,5.3,,235.3492063492064,,,2,,
2.0,BAYCHESTER               ,02  TWO FAMILY HOMES                        ,1,4959.0,66.0, ,B1,3921 MONTICELLO AVENUE                   ,            ,10466.0,2.0,0.0,2.0,2311.0,1880.0,1958.0,1.0,B1,0.0,2009-10-13,Unknown,2009_bronx.xls,1,D4,1,D4,2.0,72000,88000,6.8,2.0,5.3,,0.0,,,2,,
2.0,BAYCHESTER               ,02  TWO FAMILY HOMES                        ,1,4960.0,19.0, ,B1,3934 MONTICELLO AVENUE                   ,            ,10466.0,2.0,0.0,2.0,2375.0,1970.0,1962.0,1.0,B1,243970.0,2009-10-29,Unknown,2009_bronx.xls,1,D4,1,D4,2.0,72000,88000,6.8,2.0,5.3,,123.84263959390864,,,2,,
2.0,BAYCHESTER               ,02  TWO FAMILY HOMES                        ,  ,4960.0,27.0, ,  ,3948 MONTICELLO AVENUE                   ,            ,10466.0,0.0,0.0,0.0,0.0,0.0,0.0,1.0,B1,283000.0,2009-10-07,Unknown,2009_bronx.xls,1,D4,1,D4,2.0,72000,88000,6.8,2.0,5.0,,,2009-07-10,7.0,2,2009.0,200.0
2.0,BAYCHESTER               ,02  TWO FAMILY HOMES                        ,  ,4960.0,30.0, ,  ,MONTICELLO AVENUE                        ,            ,10466.0,0.0,0.0,0.0,0.0,0.0,0.0,1.0,B1,0.0,2009-10-07,Unknown,2009_bronx.xls,1,D4,1,D4,2.0,72000,88000,6.8,2.0,5.0,,,2009-07-10,7.0,2,2009.0,200.0
2.0,BAYCHESTER               ,02  TWO FAMILY HOMES                        ,1,4960.0,42.0, ,B1,2132 STRANG AVENUE                       ,            ,10466.0,2.0,0.0,2.0,5000.0,2764.0,1961.0,1.0,B1,470000.0,2009-02-03,Unknown,2009_bronx.xls,1,D4,1,D4,2.0,72000,88000,6.8,2.0,5.3,,170.04341534008682,2009-03-02,3.0,2,2009.0,48.0
2.0,BAYCHESTER               ,02  TWO FAMILY HOMES                        ,1,4960.0,81.0, ,B1,1389 EAST 233RD STREET                   ,            ,10466.0,2.0,0.0,2.0,5000.0,2632.0,1963.0,1.0,B1,536000.0,2009-06-29,Unknown,2009_bronx.xls,1,D4,1,D4,2.0,72000,88000,6.8,2.0,5.3,,203.64741641337383,,,2,,
2.0,BAYCHESTER               ,02  TWO FAMILY HOMES                        ,1,4961.0,157.0, ,B1,3937 AMUNDSON AVENUE                     ,            ,10466.0,2.0,0.0,2.0,2500.0,3104.0,2007.0,1.0,B1,593000.0,2009-02-12,Unknown,2009_bronx.xls,1,D4,1,D4,2.0,72000,88000,6.8,2.0,5.3,,191.04381443298968,2009-12-02,12.0,2,2009.0,2.0
2.0,BAYCHESTER               ,02  TWO FAMILY HOMES                        ,1,4962.0,60.0, ,B1,3935 DURYEA AVENUE                       ,            ,10466.0,2.0,0.0,2.0,5000.0,2952.0,1933.0,1.0,B1,292000.0,2009-12-10,Unknown,2009_bronx.xls,1,D4,1,D4,2.0,72000,88000,6.8,2.0,5.3,,98.9159891598916,2009-10-12,10.0,2,2009.0,76.0
2.0,BAYCHESTER               ,02  TWO FAMILY HOMES                        ,1,4963.0,92.0, ,B1,2232 STRANG AVENUE                       ,            ,10466.0,2.0,0.0,2.0,2500.0,3315.0,2007.0,1.0,B1,530000.0,2009-03-26,Unknown,2009_bronx.xls,1,D4,1,D4,2.0,72000,88000,6.8,2.0,5.3,,159.8793363499246,,,2,,
2.0,BAYCHESTER               ,02  TWO FAMILY HOMES                        ,1,4963.0,192.0, ,B1,2234 STRANG AVENUE                       ,            ,10466.0,2.0,0.0,2.0,2500.0,3315.0,2007.0,1.0,B1,515000.0,2009-08-28,Unknown,2009_bronx.xls,1,D4,1,D4,2.0,72000,88000,6.8,2.0,5.3,,155.35444947209652,,,2,,
2.0,BAYCHESTER               ,02  TWO FAMILY HOMES                        ,1,4964.0,140.0, ,B2,3948 PRATT AVENUE                        ,            ,10466.0,2.0,0.0,2.0,2989.0,3096.0,2003.0,1.0,B2,340000.0,2009-08-19,Unknown,2009_bronx.xls,1,D4,1,D4,2.0,72000,88000,6.8,2.0,5.3,,109.81912144702842,,,2,,
2.0,BAYCHESTER               ,02  TWO FAMILY HOMES                        ,1,4965.0,1.0, ,B1,3901 SECOR AVENUE                        ,            ,10466.0,2.0,0.0,2.0,3375.0,2000.0,1965.0,1.0,B1,125000.0,2009-03-12,Unknown,2009_bronx.xls,1,D4,1,D4,2.0,72000,88000,6.8,2.0,5.3,,62.5,2009-12-03,12.0,2,2009.0,44.0
2.0,BAYCHESTER               ,02  TWO FAMILY HOMES                        ,1,4965.0,1.0, ,B1,3901 SECOR AVENUE                        ,            ,10466.0,2.0,0.0,2.0,3375.0,2000.0,1965.0,1.0,B1,250000.0,2009-03-12,Unknown,2009_bronx.xls,1,D4,1,D4,2.0,72000,88000,6.8,2.0,5.3,,125.0,2009-12-03,12.0,2,2009.0,44.0
2.0,BAYCHESTER               ,02  TWO FAMILY HOMES                        ,1,4966.0,36.0, ,B1,4056 PRATT AVE                           ,            ,10466.0,2.0,0.0,2.0,2500.0,2125.0,1961.0,1.0,B1,415000.0,2009-06-12,Unknown,2009_bronx.xls,1,D4,1,D4,2.0,72000,88000,6.8,2.0,5.3,,195.2941176470588,2009-12-06,12.0,2,2009.0,48.0
2.0,BAYCHESTER               ,02  TWO FAMILY HOMES                        ,1,4966.0,55.0, ,B3,4035 HARPER AVE                          ,            ,10466.0,2.0,0.0,2.0,5257.0,1953.0,1955.0,1.0,B3,460000.0,2009-10-14,Unknown,2009_bronx.xls,1,D4,1,D4,2.0,72000,88000,6.8,2.0,5.3,,235.53507424475168,,,2,,
2.0,BAYCHESTER               ,02  TWO FAMILY HOMES                        ,1,4967.0,62.0, ,B1,4044 HARPER AVENUE                       ,            ,10466.0,2.0,0.0,2.0,2346.0,2500.0,1957.0,1.0,B1,0.0,2009-03-06,Unknown,2009_bronx.xls,1,D4,1,D4,2.0,72000,88000,6.8,2.0,5.3,,0.0,2009-06-03,6.0,2,2009.0,52.0
2.0,BAYCHESTER               ,02  TWO FAMILY HOMES                        ,1,4967.0,68.0, ,B1,4056 HARPER AVE                          ,            ,10466.0,2.0,0.0,2.0,2469.0,2500.0,1957.0,1.0,B1,200000.0,2009-05-12,Unknown,2009_bronx.xls,1,D4,1,D4,2.0,72000,88000,6.8,2.0,5.3,,80.0,2009-12-05,12.0,2,2009.0,52.0
2.0,BAYCHESTER               ,02  TWO FAMILY HOMES                        ,1,4967.0,68.0, ,B1,4056 HARPER AVE                          ,            ,10466.0,2.0,0.0,2.0,2469.0,2500.0,1957.0,1.0,B1,0.0,2009-05-12,Unknown,2009_bronx.xls,1,D4,1,D4,2.0,72000,88000,6.8,2.0,5.3,,0.0,2009-12-05,12.0,2,2009.0,52.0
2.0,BAYCHESTER               ,02  TWO FAMILY HOMES                        ,1,4978.0,11.0, ,B3,4020 BRUNER AVENUE                       ,            ,10466.0,2.0,0.0,2.0,2215.0,1386.0,1950.0,1.0,B3,0.0,2009-07-30,Unknown,2009_bronx.xls,1,D4,1,D4,2.0,72000,88000,6.8,2.0,5.3,,0.0,,,2,,
2.0,BAYCHESTER               ,02  TWO FAMILY HOMES                        ,1,4978.0,79.0, ,B1,4019 ELY AVENUE                          ,            ,10466.0,2.0,0.0,2.0,1810.0,1920.0,1955.0,1.0,B1,0.0,2009-11-07,Unknown,2009_bronx.xls,1,D4,1,D4,2.0,72000,88000,6.8,2.0,5.3,,0.0,2009-07-11,7.0,2,2009.0,54.0
2.0,BAYCHESTER               ,02  TWO FAMILY HOMES                        ,1,4980.0,73.0, ,B1,4049 EDSON AVENUE                        ,            ,10466.0,2.0,0.0,2.0,2500.0,2520.0,1940.0,1.0,B1,0.0,2009-03-24,Unknown,2009_bronx.xls,1,D4,1,D4,2.0,72000,88000,6.8,2.0,5.3,,0.0,,,2,,
2.0,BAYCHESTER               ,02  TWO FAMILY HOMES                        ,1,4980.0,81.0, ,B1,4039 EDSON AVENUE                        ,            ,10466.0,2.0,0.0,2.0,2500.0,2620.0,1950.0,1.0,B1,515000.0,2009-04-13,Unknown,2009_bronx.xls,1,D4,1,D4,2.0,72000,88000,6.8,2.0,5.3,,196.5648854961832,,,2,,
2.0,BAYCHESTER               ,02  TWO FAMILY HOMES                        ,1,4980.0,88.0, ,B1,4029 EDSON AVENUE                        ,            ,10466.0,2.0,0.0,2.0,2500.0,3106.0,2006.0,1.0,B1,549980.0,2009-07-06,Unknown,2009_bronx.xls,1,D4,1,D4,2.0,72000,88000,6.8,2.0,5.3,,177.07018673535094,2009-06-07,6.0,2,2009.0,3.0
2.0,BAYCHESTER               ,02  TWO FAMILY HOMES                        ,1,4980.0,89.0, ,B2,4027 EDSON AVENUE                        ,            ,10466.0,2.0,0.0,2.0,2500.0,1848.0,1914.0,1.0,B2,250000.0,2009-08-18,Unknown,2009_bronx.xls,1,D4,1,D4,2.0,72000,88000,6.8,2.0,5.3,,135.28138528138527,,,2,,
2.0,BAYCHESTER               ,02  TWO FAMILY HOMES                        ,1,4981.0,19.0, ,B1,4052 EDSON AVE                           ,            ,10466.0,2.0,0.0,2.0,2400.0,2880.0,2007.0,1.0,B1,545900.0,2009-03-25,Unknown,2009_bronx.xls,1,D4,1,D4,2.0,72000,88000,6.8,2.0,5.3,,189.54861111111111,,,2,,
2.0,BAYCHESTER               ,02  TWO FAMILY HOMES                        ,1,4981.0,20.0, ,B1,4054 EDSON AVENUE                        ,            ,10466.0,2.0,0.0,2.0,2050.0,2955.0,2007.0,1.0,B1,540600.0,2009-03-13,Unknown,2009_bronx.xls,1,D4,1,D4,2.0,72000,88000,6.8,2.0,5.3,,182.94416243654825,,,2,,
2.0,BAYCHESTER               ,02  TWO FAMILY HOMES                        ,1,4981.0,22.0, ,B1,4056B EDSON AVENUE                       ,            ,10466.0,2.0,0.0,2.0,2400.0,2880.0,2007.0,1.0,B1,490000.0,2009-10-09,Unknown,2009_bronx.xls,1,D4,1,D4,2.0,72000,88000,6.8,2.0,5.3,,170.13888888888889,2009-09-10,9.0,2,2009.0,2.0
2.0,BAYCHESTER               ,02  TWO FAMILY HOMES                        ,1,4985.0,22.0, ,B1,4052 MURDOCK AVENUE                      ,            ,10466.0,2.0,0.0,2.0,2500.0,3000.0,1959.0,1.0,B1,515000.0,2009-10-27,Unknown,2009_bronx.xls,1,D4,1,D4,2.0,72000,88000,6.8,2.0,5.3,,171.66666666666666,,,2,,
2.0,BAYCHESTER               ,02  TWO FAMILY HOMES                        ,1,4985.0,32.0, ,B1,4066 MURDOCK AVE.                        ,            ,10466.0,2.0,0.0,2.0,2500.0,2805.0,2008.0,1.0,B1,0.0,2009-03-12,Unknown,2009_bronx.xls,1,D4,1,D4,2.0,72000,88000,6.8,2.0,5.3,,0.0,2009-12-03,12.0,2,2009.0,1.0
2.0,BAYCHESTER               ,02  TWO FAMILY HOMES                        ,1,4985.0,62.0, ,B1,4059 HILL AVENUE                         ,            ,10466.0,2.0,0.0,2.0,1829.0,2023.0,1955.0,1.0,B1,465000.0,2009-03-12,Unknown,2009_bronx.xls,1,D4,1,D4,2.0,72000,88000,6.8,2.0,5.3,,229.8566485417697,2009-12-03,12.0,2,2009.0,54.0
2.0,BAYCHESTER               ,02  TWO FAMILY HOMES                        ,1,4985.0,68.0, ,B1,4051 HILL AVENUE                         ,            ,10466.0,2.0,0.0,2.0,1829.0,2023.0,1955.0,1.0,B1,0.0,2009-01-14,Unknown,2009_bronx.xls,1,D4,1,D4,2.0,72000,88000,6.8,2.0,5.3,,0.0,,,2,,
2.0,BAYCHESTER               ,02  TWO FAMILY HOMES                        ,1,4987.0,23.0, ,B3,4064 MONTICELLO AVENUE                   ,            ,10466.0,2.0,0.0,2.0,4750.0,3274.0,1949.0,1.0,B3,10000.0,2009-12-16,Unknown,2009_bronx.xls,1,D4,1,D4,2.0,72000,88000,6.8,2.0,5.3,,3.054367745876604,,,2,,
2.0,BAYCHESTER               ,02  TWO FAMILY HOMES                        ,1,4987.0,169.0, ,B1,4019 SETON AVENUE                        ,            ,10466.0,2.0,0.0,2.0,1967.0,3066.0,2007.0,1.0,B1,0.0,2009-01-14,Unknown,2009_bronx.xls,1,D4,1,D4,2.0,72000,88000,6.8,2.0,5.3,,0.0,,,2,,
2.0,BAYCHESTER               ,02  TWO FAMILY HOMES                        ,1,4988.0,30.0, ,B9,4078 SETON AVENUE                        ,            ,10466.0,2.0,0.0,2.0,2500.0,1848.0,1963.0,1.0,B9,0.0,2009-03-09,Unknown,2009_bronx.xls,1,D4,1,D4,2.0,72000,88000,6.8,2.0,5.3,,0.0,2009-09-03,9.0,2,2009.0,46.0
2.0,BAYCHESTER               ,02  TWO FAMILY HOMES                        ,1,4988.0,69.0, ,B1,4027 AMUNDSON AVENUE                     ,            ,10466.0,2.0,0.0,2.0,2500.0,2992.0,2006.0,1.0,B1,534581.0,2009-04-07,Unknown,2009_bronx.xls,1,D4,1,D4,2.0,72000,88000,6.8,2.0,5.3,,178.6701203208556,2009-07-04,7.0,2,2009.0,3.0
2.0,BAYCHESTER               ,02  TWO FAMILY HOMES                        ,1,4991.0,26.0, ,B1,4018 BELL AVE                            ,            ,10466.0,2.0,0.0,2.0,2225.0,3032.0,1960.0,1.0,B1,0.0,2009-12-23,Unknown,2009_bronx.xls,1,D4,1,D4,2.0,72000,88000,6.8,2.0,5.3,,0.0,,,2,,
2.0,BAYCHESTER               ,02  TWO FAMILY HOMES                        ,1,5133.0,1.0, ,B1,2208 DE REIMER AVENUE                    ,            ,10475.0,2.0,0.0,2.0,2375.0,2366.0,1990.0,1.0,B1,450000.0,2009-02-27,Unknown,2009_bronx.xls,1,D4,1,D4,2.0,72000,88000,6.8,2.0,5.3,,190.1944209636517,,,2,,
2.0,BAYCHESTER               ,02  TWO FAMILY HOMES                        ,1,5134.0,27.0, ,B2,2059 STILLWELL AVENUE                    ,            ,10475.0,2.0,0.0,2.0,4275.0,3460.0,2000.0,1.0,B2,0.0,2009-07-07,Unknown,2009_bronx.xls,1,D4,1,D4,2.0,72000,88000,6.8,2.0,5.3,,0.0,2009-07-07,7.0,2,2009.0,9.0
2.0,BAYCHESTER               ,02  TWO FAMILY HOMES                        ,1,5134.0,67.0, ,B3,2327 BOLLER AVE.                         ,            ,10475.0,2.0,0.0,2.0,2961.0,1653.0,1925.0,1.0,B3,361702.0,2009-09-30,Unknown,2009_bronx.xls,1,D4,1,D4,2.0,72000,88000,6.8,2.0,5.3,,218.81548699334544,,,2,,
2.0,BAYCHESTER               ,02  TWO FAMILY HOMES                        ,1,5135.0,11.0, ,B2,2222 BOLLER AVENUE                       ,            ,10475.0,2.0,0.0,2.0,2375.0,965.0,1932.0,1.0,B2,0.0,2009-09-22,Unknown,2009_bronx.xls,1,D4,1,D4,2.0,72000,88000,6.8,2.0,5.3,,0.0,,,2,,
2.0,BAYCHESTER               ,02  TWO FAMILY HOMES                        ,1,5653.0,114.0, ,B1,2579 HOLLERS AVENUE                      ,            ,10475.0,2.0,0.0,2.0,3159.0,1712.0,2008.0,1.0,B1,0.0,2009-01-28,Unknown,2009_bronx.xls,1,D4,1,D4,2.0,72000,88000,6.8,2.0,5.3,,0.0,,,2,,
2.0,BAYCHESTER               ,02  TWO FAMILY HOMES                        ,1,5653.0,116.0, ,B1,2577 HOLLERS AVENUE                      ,            ,10475.0,2.0,0.0,2.0,3144.0,1712.0,2008.0,1.0,B1,0.0,2009-01-28,Unknown,2009_bronx.xls,1,D4,1,D4,2.0,72000,88000,6.8,2.0,5.3,,0.0,,,2,,
2.0,BAYCHESTER               ,02  TWO FAMILY HOMES                        ,1,5653.0,222.0, ,B1,2565 FLINT AVENUE                        ,            ,10475.0,2.0,0.0,2.0,2900.0,2008.0,1963.0,1.0,B1,0.0,2009-11-09,Unknown,2009_bronx.xls,1,D4,1,D4,2.0,72000,88000,6.8,2.0,5.3,,0.0,2009-09-11,9.0,2,2009.0,46.0
2.0,BAYCHESTER               ,02  TWO FAMILY HOMES                        ,1,5653.0,222.0, ,B1,2565 FLINT AVENUE                        ,            ,10475.0,2.0,0.0,2.0,2900.0,2008.0,1963.0,1.0,B1,0.0,2009-04-29,Unknown,2009_bronx.xls,1,D4,1,D4,2.0,72000,88000,6.8,2.0,5.3,,0.0,,,2,,
2.0,BAYCHESTER               ,02  TWO FAMILY HOMES                        ,1,5653.0,232.0, ,B9,2585 FLINT AVENUE                        ,            ,10475.0,2.0,0.0,2.0,2600.0,2280.0,1991.0,1.0,B9,500000.0,2009-10-08,Unknown,2009_bronx.xls,1,D4,1,D4,2.0,72000,88000,6.8,2.0,5.3,,219.2982456140351,2009-08-10,8.0,2,2009.0,18.0
2.0,BAYCHESTER               ,02  TWO FAMILY HOMES                        ,1,5655.0,50.0, ,B1,3541 ROPES AVENUE                        ,            ,10475.0,2.0,0.0,2.0,2500.0,1800.0,1963.0,1.0,B1,539593.0,2009-12-07,Unknown,2009_bronx.xls,1,D4,1,D4,2.0,72000,88000,6.8,2.0,5.3,,299.7738888888889,2009-07-12,7.0,2,2009.0,46.0
2.0,BAYCHESTER               ,02  TWO FAMILY HOMES                        ,1,5655.0,85.0, ,B1,2521 HOLLERS AVENUE                      ,            ,10475.0,2.0,0.0,2.0,1900.0,1836.0,1965.0,1.0,B1,0.0,2009-12-30,Unknown,2009_bronx.xls,1,D4,1,D4,2.0,72000,88000,6.8,2.0,5.3,,0.0,,,2,,
2.0,BAYCHESTER               ,02  TWO FAMILY HOMES                        ,1,5655.0,150.0, ,B1,2533 HOLLERS AVENUE                      ,            ,10475.0,2.0,0.0,2.0,1530.0,1836.0,1965.0,1.0,B1,468520.0,2009-04-22,Unknown,2009_bronx.xls,1,D4,1,D4,2.0,72000,88000,6.8,2.0,5.3,,255.1851851851852,,,2,,
2.0,BAYCHESTER               ,03  THREE FAMILY HOMES                      ,1,4710.0,28.0, ,C0,3583 WILSON AVENUE                       ,            ,10469.0,3.0,0.0,3.0,3628.0,3816.0,1987.0,1.0,C0,0.0,2009-02-13,Unknown,2009_bronx.xls,1,D4,1,D4,2.0,72000,88000,6.8,2.0,5.45,,0.0,,,2,,
2.0,BAYCHESTER               ,03  THREE FAMILY HOMES                      ,1,4717.0,45.0, ,C0,1451 NEEDHAM AVENUE                      ,            ,10469.0,3.0,0.0,3.0,4750.0,2160.0,1905.0,1.0,C0,0.0,2009-02-28,Unknown,2009_bronx.xls,1,D4,1,D4,2.0,72000,88000,6.8,2.0,5.45,,0.0,,,2,,
2.0,BAYCHESTER               ,03  THREE FAMILY HOMES                      ,1,4717.0,45.0, ,C0,1451 NEEDHAM AVENUE                      ,            ,10469.0,3.0,0.0,3.0,4750.0,2160.0,1905.0,1.0,C0,0.0,2009-02-14,Unknown,2009_bronx.xls,1,D4,1,D4,2.0,72000,88000,6.8,2.0,5.45,,0.0,,,2,,
2.0,BAYCHESTER               ,03  THREE FAMILY HOMES                      ,1,4735.0,25.0, ,C0,3323 FISH AVENUE                         ,            ,10469.0,3.0,0.0,3.0,2500.0,3200.0,1930.0,1.0,C0,0.0,2009-01-11,Unknown,2009_bronx.xls,1,D4,1,D4,2.0,72000,88000,6.8,2.0,5.45,,0.0,2009-11-01,11.0,2,2009.0,79.0
2.0,BAYCHESTER               ,03  THREE FAMILY HOMES                      ,1,4735.0,28.0, ,C0,3317 FISH AVENUE                         ,            ,10469.0,3.0,0.0,3.0,2500.0,3080.0,1930.0,1.0,C0,0.0,2009-03-17,Unknown,2009_bronx.xls,1,D4,1,D4,2.0,72000,88000,6.8,2.0,5.45,,0.0,,,2,,
2.0,BAYCHESTER               ,03  THREE FAMILY HOMES                      ,1,4736.0,18.0, ,C0,3339 SEYMOUR AVENUE                      ,            ,10469.0,3.0,0.0,3.0,2500.0,3050.0,1920.0,1.0,C0,0.0,2009-04-23,Unknown,2009_bronx.xls,1,D4,1,D4,2.0,72000,88000,6.8,2.0,5.45,,0.0,,,2,,
2.0,BAYCHESTER               ,03  THREE FAMILY HOMES                      ,1,4736.0,20.0, ,C0,3335 SEYMOUR AVENUE                      ,            ,10469.0,3.0,0.0,3.0,2500.0,3050.0,1920.0,1.0,C0,0.0,2009-12-22,Unknown,2009_bronx.xls,1,D4,1,D4,2.0,72000,88000,6.8,2.0,5.45,,0.0,,,2,,
2.0,BAYCHESTER               ,03  THREE FAMILY HOMES                      ,1,4736.0,32.0, ,C0,3311 SEYMOUR AVENUE                      ,            ,10469.0,3.0,0.0,3.0,2500.0,3050.0,1920.0,1.0,C0,0.0,2009-05-04,Unknown,2009_bronx.xls,1,D4,1,D4,2.0,72000,88000,6.8,2.0,5.45,,0.0,2009-04-05,4.0,2,2009.0,89.0
2.0,BAYCHESTER               ,03  THREE FAMILY HOMES                      ,1,4736.0,52.0, ,C0,3328 FISH AVENUE                         ,            ,10469.0,3.0,0.0,3.0,2500.0,2800.0,1920.0,1.0,C0,0.0,2009-07-01,Unknown,2009_bronx.xls,1,D4,1,D4,2.0,72000,88000,6.8,2.0,5.45,,0.0,2009-01-07,1.0,2,2009.0,89.0
2.0,BAYCHESTER               ,03  THREE FAMILY HOMES                      ,1,4737.0,43.0, ,C0,3306 SEYMOUR AVENUE                      ,            ,10469.0,3.0,0.0,3.0,5000.0,4296.0,1935.0,1.0,C0,0.0,2009-11-14,Unknown,2009_bronx.xls,1,D4,1,D4,2.0,72000,88000,6.8,2.0,5.45,,0.0,,,2,,
2.0,BAYCHESTER               ,03  THREE FAMILY HOMES                      ,1,4748.0,10.0, ,C0,3237 KINGSLAND AVENUE                    ,            ,10469.0,3.0,0.0,3.0,3372.0,3700.0,1997.0,1.0,C0,0.0,2009-01-30,Unknown,2009_bronx.xls,1,D4,1,D4,2.0,72000,88000,6.8,2.0,5.45,,0.0,,,2,,
2.0,BAYCHESTER               ,03  THREE FAMILY HOMES                      ,1,4752.0,54.0, ,C0,3229 WICKHAM AVENUE                      ,            ,10469.0,3.0,0.0,3.0,1900.0,2080.0,1970.0,1.0,C0,0.0,2009-07-13,Unknown,2009_bronx.xls,1,D4,1,D4,2.0,72000,88000,6.8,2.0,5.45,,0.0,,,2,,
2.0,BAYCHESTER               ,03  THREE FAMILY HOMES                      ,1,4757.0,51.0, ,C0,3232 ELY AVENUE                          ,            ,10469.0,3.0,0.0,3.0,2177.0,3100.0,1989.0,1.0,C0,0.0,2009-08-10,Unknown,2009_bronx.xls,1,D4,1,D4,2.0,72000,88000,6.8,2.0,5.45,,0.0,2009-10-08,10.0,2,2009.0,20.0
2.0,BAYCHESTER               ,03  THREE FAMILY HOMES                      ,1,4761.0,26.0, ,C0,3166 FENTON AVENUE                       ,            ,10469.0,3.0,0.0,3.0,2500.0,4488.0,2004.0,1.0,C0,417500.0,2009-12-21,Unknown,2009_bronx.xls,1,D4,1,D4,2.0,72000,88000,6.8,2.0,5.45,,93.0258467023173,,,2,,
2.0,BAYCHESTER               ,03  THREE FAMILY HOMES                      ,1,4774.0,6.0, ,C0,1770 HAMMERSLEY AVENUE                   ,            ,10469.0,3.0,0.0,3.0,3508.0,4752.0,1993.0,1.0,C0,525000.0,2009-06-12,Unknown,2009_bronx.xls,1,D4,1,D4,2.0,72000,88000,6.8,2.0,5.45,,110.47979797979798,2009-12-06,12.0,2,2009.0,16.0
2.0,BAYCHESTER               ,03  THREE FAMILY HOMES                      ,1,4797.0,7.0, ,C0,2979 EDSON AVENUE                        ,            ,10469.0,3.0,0.0,3.0,2305.0,3651.0,1989.0,1.0,C0,0.0,2009-11-20,Unknown,2009_bronx.xls,1,D4,1,D4,2.0,72000,88000,6.8,2.0,5.45,,0.0,,,2,,
2.0,BAYCHESTER               ,03  THREE FAMILY HOMES                      ,1,4797.0,7.0, ,C0,2979 EDSON AVENUE                        ,            ,10469.0,3.0,0.0,3.0,2305.0,3651.0,1989.0,1.0,C0,0.0,2009-11-06,Unknown,2009_bronx.xls,1,D4,1,D4,2.0,72000,88000,6.8,2.0,5.45,,0.0,2009-06-11,6.0,2,2009.0,20.0
2.0,BAYCHESTER               ,03  THREE FAMILY HOMES                      ,1,4883.0,125.0, ,C0,3473 BRUNER AVENUE                       ,            ,10469.0,3.0,0.0,3.0,2468.0,3543.0,2004.0,1.0,C0,0.0,2009-07-02,Unknown,2009_bronx.xls,1,D4,1,D4,2.0,72000,88000,6.8,2.0,5.45,,0.0,2009-02-07,2.0,2,2009.0,5.0
2.0,BAYCHESTER               ,03  THREE FAMILY HOMES                      ,1,4883.0,126.0, ,C0,3471 BRUNER AVENUE                       ,            ,10469.0,3.0,0.0,3.0,2346.0,3456.0,2004.0,1.0,C0,0.0,2009-07-02,Unknown,2009_bronx.xls,1,D4,1,D4,2.0,72000,88000,6.8,2.0,5.45,,0.0,2009-02-07,2.0,2,2009.0,5.0
2.0,BAYCHESTER               ,03  THREE FAMILY HOMES                      ,1,4883.0,227.0, ,C0,3469 BRUNER AVENUE                       ,            ,10469.0,3.0,0.0,3.0,4045.0,3720.0,2004.0,1.0,C0,0.0,2009-07-02,Unknown,2009_bronx.xls,1,D4,1,D4,2.0,72000,88000,6.8,2.0,5.45,,0.0,2009-02-07,2.0,2,2009.0,5.0
2.0,BAYCHESTER               ,03  THREE FAMILY HOMES                      ,1,4884.0,72.0, ,C0,3422 BRUNER AVENUE                       ,            ,10469.0,3.0,0.0,3.0,2471.0,3621.0,1989.0,1.0,C0,0.0,2009-11-06,Unknown,2009_bronx.xls,1,D4,1,D4,2.0,72000,88000,6.8,2.0,5.45,,0.0,2009-06-11,6.0,2,2009.0,20.0
2.0,BAYCHESTER               ,03  THREE FAMILY HOMES                      ,1,4889.0,19.0, ,C0,1317 EAST 223 STREET                     ,            ,10466.0,3.0,0.0,3.0,3000.0,4200.0,1985.0,1.0,C0,0.0,2009-07-23,Unknown,2009_bronx.xls,1,D4,1,D4,2.0,72000,88000,6.8,2.0,5.45,,0.0,,,2,,
2.0,BAYCHESTER               ,03  THREE FAMILY HOMES                      ,1,4889.0,19.0, ,C0,1317 EAST 223 STREET                     ,            ,10466.0,3.0,0.0,3.0,3000.0,4200.0,1985.0,1.0,C0,0.0,2009-06-25,Unknown,2009_bronx.xls,1,D4,1,D4,2.0,72000,88000,6.8,2.0,5.45,,0.0,,,2,,
2.0,BAYCHESTER               ,03  THREE FAMILY HOMES                      ,1,4889.0,27.0, ,C0,1306 EAST 224 STREET                     ,            ,10466.0,3.0,0.0,3.0,3225.0,2968.0,1975.0,1.0,C0,0.0,2009-07-23,Unknown,2009_bronx.xls,1,D4,1,D4,2.0,72000,88000,6.8,2.0,5.45,,0.0,,,2,,
2.0,BAYCHESTER               ,03  THREE FAMILY HOMES                      ,1,4889.0,27.0, ,C0,1306 EAST 224 STREET                     ,            ,10466.0,3.0,0.0,3.0,3225.0,2968.0,1975.0,1.0,C0,0.0,2009-06-25,Unknown,2009_bronx.xls,1,D4,1,D4,2.0,72000,88000,6.8,2.0,5.45,,0.0,,,2,,
2.0,BAYCHESTER               ,03  THREE FAMILY HOMES                      ,1,4890.0,40.0, ,C0,3547 ELY AVENUE                          ,            ,10466.0,3.0,0.0,3.0,4000.0,3760.0,1987.0,1.0,C0,0.0,2009-02-10,Unknown,2009_bronx.xls,1,D4,1,D4,2.0,72000,88000,6.8,2.0,5.45,,0.0,2009-10-02,10.0,2,2009.0,22.0
2.0,BAYCHESTER               ,03  THREE FAMILY HOMES                      ,1,4892.0,14.0, ,C0,3530 ELY AVENUE                          ,            ,10466.0,3.0,0.0,3.0,2090.0,4376.0,1970.0,1.0,C0,0.0,2009-06-22,Unknown,2009_bronx.xls,1,D4,1,D4,2.0,72000,88000,6.8,2.0,5.45,,0.0,,,2,,
2.0,BAYCHESTER               ,03  THREE FAMILY HOMES                      ,1,4892.0,15.0, ,C0,3532 ELY AVENUE                          ,            ,10466.0,3.0,0.0,3.0,2090.0,4376.0,1970.0,1.0,C0,0.0,2009-06-22,Unknown,2009_bronx.xls,1,D4,1,D4,2.0,72000,88000,6.8,2.0,5.45,,0.0,,,2,,
2.0,BAYCHESTER               ,03  THREE FAMILY HOMES                      ,  ,4898.0,73.0, ,  ,1248 EAST 224 STREET                     ,            ,10466.0,0.0,0.0,0.0,0.0,0.0,0.0,1.0,C0,0.0,2009-11-30,Unknown,2009_bronx.xls,1,D4,1,D4,2.0,72000,88000,6.8,2.0,5.0,,,,,2,,
2.0,BAYCHESTER               ,03  THREE FAMILY HOMES                      ,  ,4898.0,73.0, ,  ,1248 EAST 224 STREET                     ,            ,10466.0,0.0,0.0,0.0,0.0,0.0,0.0,1.0,C0,500000.0,2009-07-30,Unknown,2009_bronx.xls,1,D4,1,D4,2.0,72000,88000,6.8,2.0,5.0,,,,,2,,
2.0,BAYCHESTER               ,03  THREE FAMILY HOMES                      ,1,4903.0,37.0, ,C0,1115 EAST 224TH STREET                   ,            ,10466.0,3.0,0.0,3.0,2311.0,3000.0,1992.0,1.0,C0,0.0,2009-09-22,Unknown,2009_bronx.xls,1,D4,1,D4,2.0,72000,88000,6.8,2.0,5.45,,0.0,,,2,,
2.0,BAYCHESTER               ,03  THREE FAMILY HOMES                      ,1,4919.0,27.0, ,C0,3535 PALMER AVENUE                       ,            ,10466.0,3.0,0.0,3.0,3500.0,3702.0,1988.0,1.0,C0,0.0,2009-08-22,Unknown,2009_bronx.xls,1,D4,1,D4,2.0,72000,88000,6.8,2.0,5.45,,0.0,,,2,,
2.0,BAYCHESTER               ,03  THREE FAMILY HOMES                      ,1,4923.0,10.0, ,C0,3565 BOLLER AVENUE                       ,            ,10466.0,3.0,0.0,3.0,4110.0,3178.0,1989.0,1.0,C0,575000.0,2009-12-09,Unknown,2009_bronx.xls,1,D4,1,D4,2.0,72000,88000,6.8,2.0,5.45,,180.93140339836376,2009-09-12,9.0,2,2009.0,20.0
2.0,BAYCHESTER               ,03  THREE FAMILY HOMES                      ,1,4943.0,28.0, ,C0,3632 HARPER AVENUE                       ,            ,10466.0,3.0,0.0,3.0,4000.0,3280.0,1977.0,1.0,C0,550000.0,2009-09-21,Unknown,2009_bronx.xls,1,D4,1,D4,2.0,72000,88000,6.8,2.0,5.45,,167.6829268292683,,,2,,
2.0,BAYCHESTER               ,03  THREE FAMILY HOMES                      ,1,4945.0,17.0, ,C0,3716 PRATT AVENUE                        ,            ,10466.0,3.0,0.0,3.0,3440.0,3256.0,1979.0,1.0,C0,500000.0,2009-04-02,Unknown,2009_bronx.xls,1,D4,1,D4,2.0,72000,88000,6.8,2.0,5.45,,153.56265356265357,2009-02-04,2.0,2,2009.0,30.0
2.0,BAYCHESTER               ,03  THREE FAMILY HOMES                      ,1,4959.0,2.0, ,C0,3912 HILL AVENUE                         ,            ,10466.0,3.0,0.0,3.0,2771.0,3150.0,1973.0,1.0,C0,0.0,2009-04-22,Unknown,2009_bronx.xls,1,D4,1,D4,2.0,72000,88000,6.8,2.0,5.45,,0.0,,,2,,
2.0,BAYCHESTER               ,03  THREE FAMILY HOMES                      ,1,4963.0,47.0, ,C0,3995 BELL AVENUE                         ,            ,10466.0,3.0,0.0,3.0,5250.0,2652.0,1930.0,1.0,C0,0.0,2009-02-16,Unknown,2009_bronx.xls,1,D4,1,D4,2.0,72000,88000,6.8,2.0,5.45,,0.0,,,2,,
2.0,BAYCHESTER               ,03  THREE FAMILY HOMES                      ,1,4963.0,65.0, ,C0,3943 BELL AVENUE                         ,            ,10466.0,3.0,0.0,3.0,2625.0,1728.0,1925.0,1.0,C0,330000.0,2009-08-31,Unknown,2009_bronx.xls,1,D4,1,D4,2.0,72000,88000,6.8,2.0,5.45,,190.97222222222223,,,2,,
2.0,BAYCHESTER               ,03  THREE FAMILY HOMES                      ,1,4977.0,9.0, ,C0,4014 WICKHAM AVENUE                      ,            ,10466.0,3.0,0.0,3.0,2715.0,2440.0,1970.0,1.0,C0,0.0,2009-06-23,Unknown,2009_bronx.xls,1,D4,1,D4,2.0,72000,88000,6.8,2.0,5.45,,0.0,,,2,,
2.0,BAYCHESTER               ,03  THREE FAMILY HOMES                      ,1,4981.0,101.0, ,C0,4004 EDSON AVENUE                        ,            ,10466.0,3.0,0.0,3.0,1888.0,2760.0,1965.0,1.0,C0,0.0,2009-10-13,Unknown,2009_bronx.xls,1,D4,1,D4,2.0,72000,88000,6.8,2.0,5.45,,0.0,,,2,,
2.0,BAYCHESTER               ,03  THREE FAMILY HOMES                      ,1,4982.0,43.0, ,C0,2004 EDENWALD AVENUE                     ,            ,10466.0,3.0,0.0,3.0,2900.0,3076.0,1970.0,1.0,C0,0.0,2009-11-06,Unknown,2009_bronx.xls,1,D4,1,D4,2.0,72000,88000,6.8,2.0,5.45,,0.0,2009-06-11,6.0,2,2009.0,39.0
2.0,BAYCHESTER               ,03  THREE FAMILY HOMES                      ,1,4984.0,14.0, ,C0,4036 WILDER AVENUE                       ,            ,10466.0,3.0,0.0,3.0,2375.0,2700.0,1993.0,1.0,C0,0.0,2009-07-14,Unknown,2009_bronx.xls,1,D4,1,D4,2.0,72000,88000,6.8,2.0,5.45,,0.0,,,2,,
2.0,BAYCHESTER               ,03  THREE FAMILY HOMES                      ,1,4989.0,29.0, ,C0,4070 AMUNDSON AVENUE                     ,            ,10466.0,3.0,0.0,3.0,3742.0,4921.0,1920.0,1.0,C0,508800.0,2009-09-10,Unknown,2009_bronx.xls,1,D4,1,D4,2.0,72000,88000,6.8,2.0,5.45,,103.39361918309288,2009-10-09,10.0,2,2009.0,89.0
2.0,BAYCHESTER               ,03  THREE FAMILY HOMES                      ,1,5227.0,121.0, ,C0,3317 PALMER AVENUE                       ,            ,10475.0,3.0,0.0,3.0,3267.0,3613.0,1994.0,1.0,C0,0.0,2009-07-10,Unknown,2009_bronx.xls,1,D4,1,D4,2.0,72000,88000,6.8,2.0,5.45,,0.0,2009-10-07,10.0,2,2009.0,15.0
2.0,BAYCHESTER               ,03  THREE FAMILY HOMES                      ,1,5227.0,123.0, ,C0,3305 PALMER AVENUE                       ,            ,10475.0,3.0,0.0,3.0,3177.0,3888.0,1995.0,1.0,C0,0.0,2009-01-29,Unknown,2009_bronx.xls,1,D4,1,D4,2.0,72000,88000,6.8,2.0,5.45,,0.0,,,2,,
2.0,BAYCHESTER               ,03  THREE FAMILY HOMES                      ,1,5263.0,244.0, ,C0,3406 WRIGHT AVENUE                       ,            ,10475.0,3.0,0.0,3.0,2018.0,3300.0,2000.0,1.0,C0,550000.0,2009-11-19,Unknown,2009_bronx.xls,1,D4,1,D4,2.0,72000,88000,6.8,2.0,5.45,,166.66666666666666,,,2,,
2.0,BAYCHESTER               ,03  THREE FAMILY HOMES                      ,2A,5263.0,418.0, ,C3,2181 ENGLAND THRUWAY SR                  ,            ,10475.0,4.0,0.0,4.0,5263.0,3370.0,1991.0,1.0,C0,10.0,2009-02-02,Unknown,2009_bronx.xls,1,D4,1,D4,2.0,72000,88000,6.8,2.0,5.6,,0.0029673590504451,2009-02-02,2.0,2,2009.0,18.0
2.0,BAYCHESTER               ,03  THREE FAMILY HOMES                      ,1,5275.0,47.0, ,C0,3532 DELAVALL AVENUE                     ,            ,10475.0,3.0,0.0,3.0,2500.0,2961.0,1910.0,1.0,C0,351000.0,2009-11-20,Unknown,2009_bronx.xls,1,D4,1,D4,2.0,72000,88000,6.8,2.0,5.45,,118.54103343465046,,,2,,
2.0,BAYCHESTER               ,05  TAX CLASS 1 VACANT LAND                 ,1B,4752.0,175.0, ,V0,3209 TIEMANN AVENUE                      ,            ,10469.0,0.0,0.0,0.0,8330.0,0.0,0.0,1.0,V0,0.0,2009-09-16,Unknown,2009_bronx.xls,1,D4,1,D4,2.0,72000,88000,6.8,2.0,5.0,,,,,2,,
2.0,BAYCHESTER               ,05  TAX CLASS 1 VACANT LAND                 ,1B,4752.0,182.0, ,V0,3200 KINGSLAND AVENUE                    ,            ,10469.0,0.0,0.0,0.0,4840.0,0.0,0.0,1.0,V0,0.0,2009-09-30,Unknown,2009_bronx.xls,1,D4,1,D4,2.0,72000,88000,6.8,2.0,5.0,,,,,2,,
2.0,BAYCHESTER               ,05  TAX CLASS 1 VACANT LAND                 ,1B,4756.0,64.0, ,V0,BRUNER AVENUE                            ,            ,10469.0,0.0,0.0,0.0,4148.0,0.0,0.0,1.0,V0,736250.0,2009-07-31,Unknown,2009_bronx.xls,1,D4,1,D4,2.0,72000,88000,6.8,2.0,5.0,,,,,2,,
2.0,BAYCHESTER               ,05  TAX CLASS 1 VACANT LAND                 ,1B,4760.0,50.0, ,V0,SEYMOUR AVENUE                           ,            ,10469.0,0.0,0.0,0.0,2500.0,0.0,0.0,1.0,V0,0.0,2009-10-09,Unknown,2009_bronx.xls,1,D4,1,D4,2.0,72000,88000,6.8,2.0,5.0,,,2009-09-10,9.0,2,2009.0,200.0
2.0,BAYCHESTER               ,05  TAX CLASS 1 VACANT LAND                 ,1,4787.0,59.0, ,B1,2830 KINGSLAND AVENUE                    ,            ,10469.0,2.0,0.0,2.0,3563.0,3016.0,2009.0,1.0,V0,150000.0,2009-02-23,Unknown,2009_bronx.xls,1,D4,1,D4,2.0,72000,88000,6.8,2.0,5.3,,49.73474801061008,,,2,,
2.0,BAYCHESTER               ,05  TAX CLASS 1 VACANT LAND                 ,1B,4799.0,16.0, ,V0,GRACE AVENUE                             ,            ,10469.0,0.0,0.0,0.0,5527.0,0.0,0.0,1.0,V0,750000.0,2009-07-14,Unknown,2009_bronx.xls,1,D4,1,D4,2.0,72000,88000,6.8,2.0,5.0,,,,,2,,
2.0,BAYCHESTER               ,05  TAX CLASS 1 VACANT LAND                 ,1B,4799.0,20.0, ,V0,GRACE AVENUE                             ,            ,10469.0,0.0,0.0,0.0,7454.0,0.0,0.0,1.0,V0,0.0,2009-07-14,Unknown,2009_bronx.xls,1,D4,1,D4,2.0,72000,88000,6.8,2.0,5.0,,,,,2,,
2.0,BAYCHESTER               ,05  TAX CLASS 1 VACANT LAND                 ,1B,4799.0,26.0, ,V0,GRACE AVENUE                             ,            ,10469.0,0.0,0.0,0.0,3654.0,0.0,0.0,1.0,V0,0.0,2009-07-14,Unknown,2009_bronx.xls,1,D4,1,D4,2.0,72000,88000,6.8,2.0,5.0,,,,,2,,
2.0,BAYCHESTER               ,05  TAX CLASS 1 VACANT LAND                 ,1B,4803.0,14.0, ,V0,2743 WICKHAM AVENUE                      ,            ,10469.0,0.0,0.0,0.0,2375.0,0.0,0.0,1.0,V0,0.0,2009-12-15,Unknown,2009_bronx.xls,1,D4,1,D4,2.0,72000,88000,6.8,2.0,5.0,,,,,2,,
2.0,BAYCHESTER               ,05  TAX CLASS 1 VACANT LAND                 ,1B,4803.0,16.0, ,V0,2739 WICKHAM AVENUE                      ,            ,10469.0,0.0,0.0,0.0,2375.0,0.0,0.0,1.0,V0,0.0,2009-10-13,Unknown,2009_bronx.xls,1,D4,1,D4,2.0,72000,88000,6.8,2.0,5.0,,,,,2,,
2.0,BAYCHESTER               ,05  TAX CLASS 1 VACANT LAND                 ,1B,4803.0,17.0, ,V0,2737 WICKHAM AVENUE                      ,            ,10469.0,0.0,0.0,0.0,2375.0,0.0,0.0,1.0,V0,140000.0,2009-10-13,Unknown,2009_bronx.xls,1,D4,1,D4,2.0,72000,88000,6.8,2.0,5.0,,,,,2,,
2.0,BAYCHESTER               ,05  TAX CLASS 1 VACANT LAND                 ,1,4939.0,50.0, ,C0,3701 PRATT AVENUE                        ,            ,10466.0,3.0,0.0,3.0,2842.0,3010.0,2011.0,1.0,V0,0.0,2009-12-08,Unknown,2009_bronx.xls,1,D4,1,D4,2.0,72000,88000,6.8,2.0,5.45,,0.0,2009-08-12,8.0,2,2009.0,0.0
2.0,BAYCHESTER               ,05  TAX CLASS 1 VACANT LAND                 ,1B,4945.0,9.0, ,V0,CONNER STREET                            ,            ,10466.0,0.0,0.0,0.0,1695.0,0.0,0.0,1.0,V0,10.0,2009-02-11,Unknown,2009_bronx.xls,1,D4,1,D4,2.0,72000,88000,6.8,2.0,5.0,,,2009-11-02,11.0,2,2009.0,200.0
2.0,BAYCHESTER               ,05  TAX CLASS 1 VACANT LAND                 ,1,4962.0,47.0, ,B1,DURYEA AVENUE                            ,            ,10466.0,2.0,0.0,2.0,5000.0,2950.0,2010.0,1.0,V0,90000.0,2009-03-27,Unknown,2009_bronx.xls,1,D4,1,D4,2.0,72000,88000,6.8,2.0,5.3,,30.508474576271187,,,2,,
2.0,BAYCHESTER               ,05  TAX CLASS 1 VACANT LAND                 ,1B,4970.0,29.0, ,V0,ROMBOUTS AVENUE                          ,            ,10466.0,0.0,0.0,0.0,1988.0,0.0,0.0,1.0,V0,0.0,2009-05-22,Unknown,2009_bronx.xls,1,D4,1,D4,2.0,72000,88000,6.8,2.0,5.0,,,,,2,,
2.0,BAYCHESTER               ,05  TAX CLASS 1 VACANT LAND                 ,1,5134.0,1.0, ,A1,2204 PALMER AVENUE                       ,            ,10475.0,1.0,0.0,1.0,2375.0,1922.0,2011.0,1.0,V0,130000.0,2009-08-05,Unknown,2009_bronx.xls,1,D4,1,D4,2.0,72000,88000,6.8,2.0,5.15,,67.63787721123829,2009-05-08,5.0,2,2009.0,0.0
2.0,BAYCHESTER               ,05  TAX CLASS 1 VACANT LAND                 ,1B,5275.0,146.0, ,V2,DE LAVALL AVENUE                         ,            ,10475.0,0.0,0.0,0.0,1250.0,0.0,0.0,1.0,V2,0.0,2009-11-20,Unknown,2009_bronx.xls,1,D4,1,D4,2.0,72000,88000,6.8,2.0,5.0,,,,,2,,
2.0,BAYCHESTER               ,05  TAX CLASS 1 VACANT LAND                 ,1B,5653.0,322.0, ,V0,FLINT AVENUE                             ,            ,10475.0,0.0,0.0,0.0,3813.0,0.0,0.0,1.0,V0,0.0,2009-04-29,Unknown,2009_bronx.xls,1,D4,1,D4,2.0,72000,88000,6.8,2.0,5.0,,,,,2,,
2.0,BAYCHESTER               ,06  TAX CLASS 1 - OTHER                     ,1,4752.0,173.0, ,Z0,TIEMANN AVENUE                           ,            ,10469.0,0.0,0.0,0.0,2990.0,200.0,1954.0,1.0,Z0,0.0,2009-09-16,Unknown,2009_bronx.xls,1,D4,1,D4,2.0,72000,88000,6.8,2.0,5.0,,0.0,,,2,,
2.0,BAYCHESTER               ,06  TAX CLASS 1 - OTHER                     ,1,5134.0,2.0, ,A1,PALMER AVENUE                            ,            ,10475.0,1.0,0.0,1.0,2375.0,1922.0,2011.0,1.0,G0,0.0,2009-08-05,Unknown,2009_bronx.xls,1,D4,1,D4,2.0,72000,88000,6.8,2.0,5.15,,0.0,2009-05-08,5.0,2,2009.0,0.0
2.0,BAYCHESTER               ,07  RENTALS - WALKUP APARTMENTS             ,2A,4706.0,64.0, ,C2,1154 EAST 212TH STREET                   ,            ,10469.0,6.0,0.0,6.0,5730.0,3906.0,1930.0,2.0,C2,0.0,2009-05-06,Unknown,2009_bronx.xls,1,D4,1,D4,2.0,72000,88000,6.8,2.0,5.9,,0.0,2009-06-05,6.0,2,2009.0,79.0
2.0,BAYCHESTER               ,07  RENTALS - WALKUP APARTMENTS             ,2B,4708.0,5.0, ,C1,1185 EAST 213 STREET                     ,            ,10469.0,8.0,0.0,8.0,3614.0,7197.0,2005.0,2.0,C1,0.0,2009-07-02,Unknown,2009_bronx.xls,1,D4,1,D4,2.0,72000,88000,6.8,2.0,6.2,,0.0,2009-02-07,2.0,2,2009.0,4.0
2.0,BAYCHESTER               ,07  RENTALS - WALKUP APARTMENTS             ,2B,4708.0,8.0, ,C1,1183 EAST 213 STREET                     ,            ,10469.0,8.0,0.0,8.0,3297.0,7170.0,2005.0,2.0,C1,0.0,2009-07-02,Unknown,2009_bronx.xls,1,D4,1,D4,2.0,72000,88000,6.8,2.0,6.2,,0.0,2009-02-07,2.0,2,2009.0,4.0
2.0,BAYCHESTER               ,07  RENTALS - WALKUP APARTMENTS             ,2B,4708.0,181.0, ,C1,1184 EAST 214 STREET                     ,            ,10469.0,8.0,0.0,8.0,3656.0,7668.0,2004.0,2.0,C1,0.0,2009-07-02,Unknown,2009_bronx.xls,1,D4,1,D4,2.0,72000,88000,6.8,2.0,6.2,,0.0,2009-02-07,2.0,2,2009.0,5.0
2.0,BAYCHESTER               ,07  RENTALS - WALKUP APARTMENTS             ,2B,4708.0,182.0, ,C1,1186 EAST 214 STREET                     ,            ,10469.0,8.0,0.0,8.0,3646.0,7344.0,2004.0,2.0,C1,0.0,2009-07-02,Unknown,2009_bronx.xls,1,D4,1,D4,2.0,72000,88000,6.8,2.0,6.2,,0.0,2009-02-07,2.0,2,2009.0,5.0
2.0,BAYCHESTER               ,07  RENTALS - WALKUP APARTMENTS             ,2A,4939.0,101.0, ,C3,3886 SETON AVENUE                        ,            ,10466.0,4.0,0.0,4.0,2500.0,2000.0,1931.0,2.0,C3,499000.0,2009-06-18,Unknown,2009_bronx.xls,1,D4,1,D4,2.0,72000,88000,6.8,2.0,5.6,,249.5,,,2,,
2.0,BAYCHESTER               ,07  RENTALS - WALKUP APARTMENTS             ,2A,4939.0,101.0, ,C3,3886 SETON AVENUE                        ,            ,10466.0,4.0,0.0,4.0,2500.0,2000.0,1931.0,2.0,C3,275000.0,2009-01-23,Unknown,2009_bronx.xls,1,D4,1,D4,2.0,72000,88000,6.8,2.0,5.6,,137.5,,,2,,
2.0,BAYCHESTER               ,07  RENTALS - WALKUP APARTMENTS             ,2A,4945.0,69.0, ,C2,3828 PRATT AVENUE                        ,            ,10466.0,5.0,0.0,5.0,2500.0,4150.0,1934.0,2.0,C2,0.0,2009-01-20,Unknown,2009_bronx.xls,1,D4,1,D4,2.0,72000,88000,6.8,2.0,5.75,,0.0,,,2,,
2.0,BAYCHESTER               ,07  RENTALS - WALKUP APARTMENTS             ,2,4947.0,45.0, ,C7,3805 DYRE                                ,            ,10466.0,12.0,3.0,15.0,5250.0,12150.0,1931.0,2.0,C7,0.0,2009-10-08,Unknown,2009_bronx.xls,1,D4,1,D4,2.0,72000,88000,6.8,2.0,7.25,,0.0,2009-08-10,8.0,2,2009.0,78.0
2.0,BAYCHESTER               ,10  COOPS - ELEVATOR APARTMENTS             ,2,5259.0,16.0, ,D4,"3410 DEREIMER AVENUE, 14G                ",            ,10475.0,0.0,0.0,0.0,0.0,0.0,1965.0,2.0,D4,150000.0,2009-01-21,Unknown,2009_bronx.xls,1,D4,1,D4,2.0,72000,88000,6.8,2.0,5.0,,,,,2,,
2.0,BAYCHESTER               ,10  COOPS - ELEVATOR APARTMENTS             ,2,5259.0,16.0, ,D4,"3410 DEREIMER AVENUE, 16A                ",            ,10475.0,0.0,0.0,0.0,0.0,0.0,1965.0,2.0,D4,105000.0,2009-01-30,Unknown,2009_bronx.xls,1,D4,1,D4,2.0,72000,88000,6.8,2.0,5.0,,,,,2,,
2.0,BAYCHESTER               ,10  COOPS - ELEVATOR APARTMENTS             ,2,5259.0,16.0, ,D4,"3410 DE REIMER AVENUE, 5M                ",            ,10475.0,0.0,0.0,0.0,0.0,0.0,1965.0,2.0,D4,0.0,2009-03-11,Unknown,2009_bronx.xls,1,D4,1,D4,2.0,72000,88000,6.8,2.0,5.0,,,2009-11-03,11.0,2,2009.0,44.0
2.0,BAYCHESTER               ,10  COOPS - ELEVATOR APARTMENTS             ,2,5259.0,16.0, ,D4,"3410 DEREIMER AVENUE, 12A                ",            ,10475.0,0.0,0.0,0.0,0.0,0.0,1965.0,2.0,D4,93030.0,2009-04-02,Unknown,2009_bronx.xls,1,D4,1,D4,2.0,72000,88000,6.8,2.0,5.0,,,2009-02-04,2.0,2,2009.0,44.0
2.0,BAYCHESTER               ,10  COOPS - ELEVATOR APARTMENTS             ,2,5259.0,16.0, ,D4,"3410 DE REIMER AVE, 13F                  ",            ,10475.0,0.0,0.0,0.0,0.0,0.0,1965.0,2.0,D4,120000.0,2009-06-11,Unknown,2009_bronx.xls,1,D4,1,D4,2.0,72000,88000,6.8,2.0,5.0,,,2009-11-06,11.0,2,2009.0,44.0
2.0,BAYCHESTER               ,10  COOPS - ELEVATOR APARTMENTS             ,2,5259.0,16.0, ,D4,"3410 DE REIMER AVENUE, 5K                ",            ,10475.0,0.0,0.0,0.0,0.0,0.0,1965.0,2.0,D4,160000.0,2009-07-21,Unknown,2009_bronx.xls,1,D4,1,D4,2.0,72000,88000,6.8,2.0,5.0,,,,,2,,
2.0,BAYCHESTER               ,10  COOPS - ELEVATOR APARTMENTS             ,2,5259.0,16.0, ,D4,"3410 DEREIMER, 1L                        ",            ,10475.0,0.0,0.0,0.0,0.0,0.0,1965.0,2.0,D4,113860.0,2009-11-04,Unknown,2009_bronx.xls,1,D4,1,D4,2.0,72000,88000,6.8,2.0,5.0,,,2009-04-11,4.0,2,2009.0,44.0
2.0,BAYCHESTER               ,14  RENTALS - 4-10 UNIT                     ,2A,4950.0,43.0, ,S3,2234 LIGHT STREET                        ,            ,10466.0,3.0,1.0,4.0,2000.0,3000.0,1931.0,2.0,S3,115000.0,2009-03-20,Unknown,2009_bronx.xls,1,D4,1,D4,2.0,72000,88000,6.8,2.0,5.6,,38.333333333333336,,,2,,
2.0,BAYCHESTER               ,21  OFFICE BUILDINGS                        ,4,4762.0,90.0, ,O9,3015 EASTCHESTER ROAD                    ,            ,10469.0,0.0,2.0,2.0,3820.0,2330.0,1949.0,4.0,O9,425000.0,2009-02-06,Unknown,2009_bronx.xls,1,D4,1,D4,2.0,72000,88000,6.8,2.0,5.3,,182.40343347639484,2009-06-02,6.0,2,2009.0,60.0
2.0,BAYCHESTER               ,22  STORE BUILDINGS                         ,4,4766.0,39.0, ,K1,3006 EASTCHESTER ROAD                    ,            ,10469.0,0.0,4.0,4.0,4935.0,3740.0,1931.0,4.0,K1,650000.0,2009-09-25,Unknown,2009_bronx.xls,1,D4,1,D4,2.0,72000,88000,6.8,2.0,5.6,,173.79679144385025,,,2,,
2.0,BAYCHESTER               ,22  STORE BUILDINGS                         ,4,4766.0,39.0, ,K1,3006 EASTCHESTER ROAD                    ,            ,10469.0,0.0,4.0,4.0,4935.0,3740.0,1931.0,4.0,K1,0.0,2009-09-25,Unknown,2009_bronx.xls,1,D4,1,D4,2.0,72000,88000,6.8,2.0,5.6,,0.0,,,2,,
2.0,BAYCHESTER               ,22  STORE BUILDINGS                         ,4,4766.0,39.0, ,K1,3006 EASTCHESTER ROAD                    ,            ,10469.0,0.0,4.0,4.0,4935.0,3740.0,1931.0,4.0,K1,0.0,2009-03-30,Unknown,2009_bronx.xls,1,D4,1,D4,2.0,72000,88000,6.8,2.0,5.6,,0.0,,,2,,
2.0,BAYCHESTER               ,22  STORE BUILDINGS                         ,4,4766.0,47.0, ,K1,3040 EASTCHESTER ROAD                    ,            ,10469.0,0.0,1.0,1.0,28925.0,9190.0,1963.0,4.0,K1,2650000.0,2009-03-20,Unknown,2009_bronx.xls,1,D4,1,D4,2.0,72000,88000,6.8,2.0,5.15,,288.3569096844396,,,2,,
2.0,BAYCHESTER               ,22  STORE BUILDINGS                         ,4,4766.0,47.0, ,K1,3040 EASTCHESTER ROAD                    ,            ,10469.0,0.0,1.0,1.0,28925.0,9190.0,1963.0,4.0,K1,0.0,2009-03-20,Unknown,2009_bronx.xls,1,D4,1,D4,2.0,72000,88000,6.8,2.0,5.15,,0.0,,,2,,
2.0,BAYCHESTER               ,22  STORE BUILDINGS                         ,4,5287.0,1.0, ,K9,2417 HOLLERS AVENUE                      ,            ,10475.0,0.0,1.0,1.0,30360.0,26950.0,1961.0,4.0,K9,0.0,2009-08-05,Unknown,2009_bronx.xls,1,D4,1,D4,2.0,72000,88000,6.8,2.0,5.15,,0.0,2009-05-08,5.0,2,2009.0,48.0
2.0,BAYCHESTER               ,22  STORE BUILDINGS                         ,4,5655.0,112.0, ,K1,4300 BOSTON ROAD                         ,            ,10475.0,0.0,1.0,1.0,30000.0,3000.0,1975.0,4.0,K1,1150000.0,2009-09-25,Unknown,2009_bronx.xls,1,D4,1,D4,2.0,72000,88000,6.8,2.0,5.15,,383.3333333333333,,,2,,
2.0,BAYCHESTER               ,22  STORE BUILDINGS                         ,4,5655.0,112.0, ,K1,4300 BOSTON ROAD                         ,            ,10475.0,0.0,1.0,1.0,30000.0,3000.0,1975.0,4.0,K1,0.0,2009-09-25,Unknown,2009_bronx.xls,1,D4,1,D4,2.0,72000,88000,6.8,2.0,5.15,,0.0,,,2,,
2.0,BAYCHESTER               ,29  COMMERCIAL GARAGES                      ,4,4884.0,1.0, ,G8,3660 BOSTON ROAD                         ,            ,10469.0,0.0,1.0,1.0,23940.0,8186.0,2006.0,4.0,G8,4850000.0,2009-07-15,Unknown,2009_bronx.xls,1,D4,1,D4,2.0,72000,88000,6.8,2.0,5.15,,592.4749572440752,,,2,,
2.0,BAYCHESTER               ,29  COMMERCIAL GARAGES                      ,4,5274.0,3.0, ,G2,4044A BOSTON ROAD                        ,            ,10475.0,0.0,1.0,1.0,3505.0,2800.0,1972.0,4.0,G2,570000.0,2009-09-28,Unknown,2009_bronx.xls,1,D4,1,D4,2.0,72000,88000,6.8,2.0,5.15,,203.57142857142856,,,2,,
2.0,BAYCHESTER               ,29  COMMERCIAL GARAGES                      ,4,5280.0,40.0, ,G2,3525 CONNER STREET                       ,            ,10475.0,0.0,1.0,1.0,23000.0,8800.0,1970.0,4.0,G2,0.0,2009-11-11,Unknown,2009_bronx.xls,1,D4,1,D4,2.0,72000,88000,6.8,2.0,5.15,,0.0,2009-11-11,11.0,2,2009.0,39.0
2.0,BAYCHESTER               ,30  WAREHOUSES                              ,4,4756.0,66.0, ,E1,3256 BRUNER AVENUE                       ,            ,10469.0,0.0,1.0,1.0,7900.0,7900.0,1965.0,4.0,E1,0.0,2009-07-31,Unknown,2009_bronx.xls,1,D4,1,D4,2.0,72000,88000,6.8,2.0,5.15,,0.0,,,2,,
2.0,BAYCHESTER               ,30  WAREHOUSES                              ,4,4973.0,5.0, ,E1,3913 PROVOST AVE                         ,            ,10466.0,0.0,1.0,1.0,2750.0,5500.0,1920.0,4.0,E1,300000.0,2009-07-08,Unknown,2009_bronx.xls,1,D4,1,D4,2.0,72000,88000,6.8,2.0,5.15,,54.54545454545455,2009-08-07,8.0,2,2009.0,89.0
2.0,BAYCHESTER               ,30  WAREHOUSES                              ,4,5280.0,34.0, ,E3,3505 CONNER STREET                       ,            ,10475.0,0.0,2.0,2.0,62900.0,26000.0,1967.0,4.0,E3,0.0,2009-01-30,Unknown,2009_bronx.xls,1,D4,1,D4,2.0,72000,88000,6.8,2.0,5.3,,0.0,,,2,,
2.0,BAYCHESTER               ,32  HOSPITAL AND HEALTH FACILITIES          ,4,4894.0,11.0, ,I6,3525 BAYCHESTER AVENUE                   ,            ,10466.0,0.0,1.0,1.0,47500.0,80844.0,1970.0,4.0,I6,7360000.0,2009-02-19,Unknown,2009_bronx.xls,1,D4,1,D4,2.0,72000,88000,6.8,2.0,5.15,,91.03953292761368,,,2,,
2.0,BAYCHESTER               ,35  INDOOR PUBLIC AND CULTURAL FACILITIES   ,4,4732.0,35.0, ,P6,1215 EAST GUN HILL ROAD                  ,            ,10469.0,0.0,1.0,1.0,31595.0,36263.0,1962.0,4.0,P6,0.0,2009-08-05,Unknown,2009_bronx.xls,1,D4,1,D4,2.0,72000,88000,6.8,2.0,5.15,,0.0,2009-05-08,5.0,2,2009.0,47.0
2.0,BAYCHESTER               ,37  RELIGIOUS FACILITIES                    ,4,4760.0,47.0, ,M1,3146 SEYMOUR AVENUE                      ,            ,10469.0,0.0,1.0,1.0,5000.0,2632.0,1930.0,4.0,M1,0.0,2009-10-09,Unknown,2009_bronx.xls,1,D4,1,D4,2.0,72000,88000,6.8,2.0,5.15,,0.0,2009-09-10,9.0,2,2009.0,79.0
2.0,BAYCHESTER               ,37  RELIGIOUS FACILITIES                    ,4,4766.0,41.0, ,M9,3020 EASTCHESTER ROAD                    ,            ,10469.0,0.0,2.0,2.0,19150.0,11000.0,1960.0,4.0,M9,0.0,2009-02-24,Unknown,2009_bronx.xls,1,D4,1,D4,2.0,72000,88000,6.8,2.0,5.3,,0.0,,,2,,
2.0,BAYCHESTER               ,41  TAX CLASS 4 - OTHER                     ,4,4733.0,62.0, ,Z9,1250 GIVAN AVENUE                        ,            ,10469.0,0.0,0.0,0.0,15122.0,0.0,0.0,4.0,Z9,0.0,2009-08-05,Unknown,2009_bronx.xls,1,D4,1,D4,2.0,72000,88000,6.8,2.0,5.0,,,2009-05-08,5.0,2,2009.0,200.0
2.0,BAYCHESTER               ,41  TAX CLASS 4 - OTHER                     ,4,4799.0,29.0, ,Z9,2801 GRACE AVENUE                        ,            ,10469.0,0.0,1.0,1.0,6469.0,120.0,1970.0,4.0,Z9,0.0,2009-07-14,Unknown,2009_bronx.xls,1,D4,1,D4,2.0,72000,88000,6.8,2.0,5.15,,0.0,,,2,,
2.0,BAYCHESTER               ,41  TAX CLASS 4 - OTHER                     ,4,4949.0,84.0, ,Z9,4061 BOSTON ROAD                         ,            ,10466.0,0.0,0.0,0.0,1998.0,520.0,1931.0,4.0,Z9,590000.0,2009-07-29,Unknown,2009_bronx.xls,1,D4,1,D4,2.0,72000,88000,6.8,2.0,5.0,,1134.6153846153843,,,2,,
2.0,BEDFORD PARK/NORWOOD     ,01  ONE FAMILY HOMES                        ,1,3283.0,32.0, ,S1,2742 MARION AVENUE                       ,            ,10458.0,1.0,1.0,2.0,2940.0,2590.0,1930.0,1.0,S1,0.0,2009-06-18,Unknown,2009_bronx.xls,1,D4,1,D4,2.0,72000,88000,6.8,2.0,5.3,,0.0,,,2,,
2.0,BEDFORD PARK/NORWOOD     ,01  ONE FAMILY HOMES                        ,1,3283.0,32.0, ,S1,2742 MARION AVENUE                       ,            ,10458.0,1.0,1.0,2.0,2940.0,2590.0,1930.0,1.0,S1,440000.0,2009-06-18,Unknown,2009_bronx.xls,1,D4,1,D4,2.0,72000,88000,6.8,2.0,5.3,,169.8841698841699,,,2,,
2.0,BEDFORD PARK/NORWOOD     ,01  ONE FAMILY HOMES                        ,1,3283.0,68.0, ,A1,2772 MARION AVENUE                       ,            ,10458.0,1.0,0.0,1.0,1588.0,1291.0,1930.0,1.0,A1,308000.0,2009-02-09,Unknown,2009_bronx.xls,1,D4,1,D4,2.0,72000,88000,6.8,2.0,5.15,,238.574748257165,2009-09-02,9.0,2,2009.0,79.0
2.0,BEDFORD PARK/NORWOOD     ,01  ONE FAMILY HOMES                        ,1,3287.0,85.0, ,A1,2691 MARION AVE                          ,            ,10458.0,1.0,0.0,1.0,4187.0,1360.0,1910.0,1.0,A1,425000.0,2009-10-26,Unknown,2009_bronx.xls,1,D4,1,D4,2.0,72000,88000,6.8,2.0,5.15,,312.5,,,2,,
2.0,BEDFORD PARK/NORWOOD     ,01  ONE FAMILY HOMES                        ,1,3287.0,86.0, ,A1,2689 MARION AVE                          ,            ,10458.0,1.0,0.0,1.0,3726.0,1620.0,1899.0,1.0,A1,350000.0,2009-10-26,Unknown,2009_bronx.xls,1,D4,1,D4,2.0,72000,88000,6.8,2.0,5.15,,216.0493827160494,,,2,,
2.0,BEDFORD PARK/NORWOOD     ,01  ONE FAMILY HOMES                        ,1,3288.0,15.0, ,A1,303 EAST 196TH STREET                    ,            ,10458.0,1.0,0.0,1.0,3348.0,2139.0,1899.0,1.0,A1,413500.0,2009-06-03,Unknown,2009_bronx.xls,1,D4,1,D4,2.0,72000,88000,6.8,2.0,5.15,,193.3146330060776,2009-03-06,3.0,2,2009.0,110.0
2.0,BEDFORD PARK/NORWOOD     ,01  ONE FAMILY HOMES                        ,1,3294.0,10.0, ,A1,2654 BRIGGS AVENUE                       ,            ,10458.0,1.0,0.0,1.0,1731.0,1411.0,1915.0,1.0,A1,150500.0,2009-03-25,Unknown,2009_bronx.xls,1,D4,1,D4,2.0,72000,88000,6.8,2.0,5.15,,106.66194188518782,,,2,,
2.0,BEDFORD PARK/NORWOOD     ,01  ONE FAMILY HOMES                        ,1,3299.0,10.0, ,A1,3020 BAINBRIDGE AVENUE                   ,            ,10458.0,1.0,0.0,1.0,2027.0,2270.0,1901.0,1.0,A1,310000.0,2009-05-11,Unknown,2009_bronx.xls,1,D4,1,D4,2.0,72000,88000,6.8,2.0,5.15,,136.56387665198238,2009-11-05,11.0,2,2009.0,108.0
2.0,BEDFORD PARK/NORWOOD     ,01  ONE FAMILY HOMES                        ,1,3307.0,24.0, ,A1,266 EAST 202 STREET                      ,            ,10458.0,1.0,0.0,1.0,2500.0,3400.0,1920.0,1.0,A1,240000.0,2009-10-30,Unknown,2009_bronx.xls,1,D4,1,D4,2.0,72000,88000,6.8,2.0,5.15,,70.58823529411765,,,2,,
2.0,BEDFORD PARK/NORWOOD     ,01  ONE FAMILY HOMES                        ,1,3309.0,89.0, ,A1,263 EAST 203 STREET                      ,            ,10458.0,1.0,0.0,1.0,3154.0,2163.0,1920.0,1.0,A1,0.0,2009-01-27,Unknown,2009_bronx.xls,1,D4,1,D4,2.0,72000,88000,6.8,2.0,5.15,,0.0,,,2,,
2.0,BEDFORD PARK/NORWOOD     ,01  ONE FAMILY HOMES                        ,1,3343.0,334.0, ,S1,3334 BAINBRIDGE AVENUE                   ,            ,10467.0,1.0,1.0,2.0,5408.0,1968.0,1925.0,1.0,S1,530000.0,2009-06-29,Unknown,2009_bronx.xls,1,D4,1,D4,2.0,72000,88000,6.8,2.0,5.3,,269.3089430894309,,,2,,
2.0,BEDFORD PARK/NORWOOD     ,01  ONE FAMILY HOMES                        ,1,3345.0,25.0, ,A5,3169 HULL AVENUE                         ,            ,10467.0,1.0,0.0,1.0,1549.0,1836.0,1901.0,1.0,A5,230000.0,2009-02-23,Unknown,2009_bronx.xls,1,D4,1,D4,2.0,72000,88000,6.8,2.0,5.15,,125.2723311546841,,,2,,
2.0,BEDFORD PARK/NORWOOD     ,01  ONE FAMILY HOMES                        ,1,3347.0,16.0, ,A1,3268 PERRY AVENUE                        ,            ,10467.0,1.0,0.0,1.0,2500.0,1599.0,1915.0,1.0,A1,255000.0,2009-02-25,Unknown,2009_bronx.xls,1,D4,1,D4,2.0,72000,88000,6.8,2.0,5.15,,159.47467166979362,,,2,,
2.0,BEDFORD PARK/NORWOOD     ,02  TWO FAMILY HOMES                        ,1,3280.0,23.0, ,B2,2970 DECATUR AVE                         ,            ,10458.0,2.0,0.0,2.0,3000.0,2484.0,1910.0,1.0,B2,0.0,2009-09-25,Unknown,2009_bronx.xls,1,D4,1,D4,2.0,72000,88000,6.8,2.0,5.3,,0.0,,,2,,
2.0,BEDFORD PARK/NORWOOD     ,02  TWO FAMILY HOMES                        ,1,3280.0,67.0, ,S2,391 BEDFORD PARK BOULEVA                 ,            ,10458.0,2.0,1.0,3.0,2500.0,2200.0,1910.0,1.0,S2,400000.0,2009-10-13,Unknown,2009_bronx.xls,1,D4,1,D4,2.0,72000,88000,6.8,2.0,5.45,,181.8181818181818,,,2,,
2.0,BEDFORD PARK/NORWOOD     ,02  TWO FAMILY HOMES                        ,1,3287.0,27.0, ,B2,2656 BAINBRIDGE AVENUE                   ,            ,10458.0,2.0,0.0,2.0,3115.0,4408.0,1907.0,1.0,B2,187843.0,2009-11-13,Unknown,2009_bronx.xls,1,D4,1,D4,2.0,72000,88000,6.8,2.0,5.3,,42.614110707804,,,2,,
2.0,BEDFORD PARK/NORWOOD     ,02  TWO FAMILY HOMES                        ,1,3287.0,94.0, ,B3,2681 MARION AVE                          ,            ,10458.0,2.0,0.0,2.0,5957.0,1320.0,1915.0,1.0,B3,585000.0,2009-10-26,Unknown,2009_bronx.xls,1,D4,1,D4,2.0,72000,88000,6.8,2.0,5.3,,443.1818181818182,,,2,,
2.0,BEDFORD PARK/NORWOOD     ,02  TWO FAMILY HOMES                        ,  ,3289.0,13.0, ,  ,2792 POND PLACE                          ,            ,10458.0,0.0,0.0,0.0,0.0,0.0,0.0,1.0,B1,620000.0,2009-02-24,Unknown,2009_bronx.xls,1,D4,1,D4,2.0,72000,88000,6.8,2.0,5.0,,,,,2,,
2.0,BEDFORD PARK/NORWOOD     ,02  TWO FAMILY HOMES                        ,1,3289.0,14.0, ,B1,2790 POND PLACE                          ,            ,10458.0,2.0,0.0,2.0,2452.0,4136.0,2008.0,1.0,B1,620000.0,2009-03-13,Unknown,2009_bronx.xls,1,D4,1,D4,2.0,72000,88000,6.8,2.0,5.3,,149.90328820116054,,,2,,
2.0,BEDFORD PARK/NORWOOD     ,02  TWO FAMILY HOMES                        ,1,3289.0,113.0, ,B1,2788 POND PLACE                          ,            ,10458.0,2.0,0.0,2.0,2334.0,4136.0,2008.0,1.0,B1,620000.0,2009-02-13,Unknown,2009_bronx.xls,1,D4,1,D4,2.0,72000,88000,6.8,2.0,5.3,,149.90328820116054,,,2,,
2.0,BEDFORD PARK/NORWOOD     ,02  TWO FAMILY HOMES                        ,1,3292.0,87.0, ,B2,2982 BAINBRIDGE AVENUE                   ,            ,10458.0,2.0,0.0,2.0,1574.0,1888.0,1910.0,1.0,B2,0.0,2009-01-08,Unknown,2009_bronx.xls,1,D4,1,D4,2.0,72000,88000,6.8,2.0,5.3,,0.0,2009-08-01,8.0,2,2009.0,99.0
2.0,BEDFORD PARK/NORWOOD     ,02  TWO FAMILY HOMES                        ,1,3294.0,20.0, ,B2,2668 BRIGGS AVENUE                       ,            ,10458.0,2.0,0.0,2.0,1671.0,2808.0,1915.0,1.0,B2,228714.0,2009-05-29,Unknown,2009_bronx.xls,1,D4,1,D4,2.0,72000,88000,6.8,2.0,5.3,,81.4508547008547,,,2,,
2.0,BEDFORD PARK/NORWOOD     ,02  TWO FAMILY HOMES                        ,1,3296.0,23.0, ,B2,2878 BRIGGS AVENUE                       ,            ,10458.0,2.0,0.0,2.0,3125.0,3194.0,1901.0,1.0,B2,100.0,2009-06-08,Unknown,2009_bronx.xls,1,D4,1,D4,2.0,72000,88000,6.8,2.0,5.3,,0.0313087038196618,2009-08-06,8.0,2,2009.0,108.0
2.0,BEDFORD PARK/NORWOOD     ,02  TWO FAMILY HOMES                        ,1,3298.0,48.0, ,B2,2951 BAINBRIDGE AVENUE                   ,            ,10458.0,2.0,0.0,2.0,2777.0,3303.0,1901.0,1.0,B2,0.0,2009-12-16,Unknown,2009_bronx.xls,1,D4,1,D4,2.0,72000,88000,6.8,2.0,5.3,,0.0,,,2,,
2.0,BEDFORD PARK/NORWOOD     ,02  TWO FAMILY HOMES                        ,1,3301.0,86.0, ,B2,2793 BRIGGS AVENUE                       ,            ,10458.0,2.0,0.0,2.0,2304.0,3618.0,1901.0,1.0,B2,0.0,2009-08-10,Unknown,2009_bronx.xls,1,D4,1,D4,2.0,72000,88000,6.8,2.0,5.3,,0.0,2009-10-08,10.0,2,2009.0,108.0
2.0,BEDFORD PARK/NORWOOD     ,02  TWO FAMILY HOMES                        ,1,3302.0,31.0, ,B1,2904 VALENTINE AVENUE                    ,            ,10458.0,2.0,0.0,2.0,2438.0,2726.0,1901.0,1.0,B1,440000.0,2009-10-30,Unknown,2009_bronx.xls,1,D4,1,D4,2.0,72000,88000,6.8,2.0,5.3,,161.40865737344097,,,2,,
2.0,BEDFORD PARK/NORWOOD     ,02  TWO FAMILY HOMES                        ,1,3302.0,68.0, ,B2,2849 BRIGGS AVENUE                       ,            ,10458.0,2.0,0.0,2.0,2500.0,2358.0,1901.0,1.0,B2,0.0,2009-02-16,Unknown,2009_bronx.xls,1,D4,1,D4,2.0,72000,88000,6.8,2.0,5.3,,0.0,,,2,,
2.0,BEDFORD PARK/NORWOOD     ,02  TWO FAMILY HOMES                        ,1,3309.0,79.0, ,B1,289 EAST 203RD                           ,            ,10458.0,2.0,0.0,2.0,2375.0,2456.0,1910.0,1.0,B1,0.0,2009-03-27,Unknown,2009_bronx.xls,1,D4,1,D4,2.0,72000,88000,6.8,2.0,5.3,,0.0,,,2,,
2.0,BEDFORD PARK/NORWOOD     ,02  TWO FAMILY HOMES                        ,1,3315.0,38.0, ,B2,2784 CRESTON AVENUE                      ,            ,10468.0,2.0,0.0,2.0,2375.0,2248.0,1899.0,1.0,B2,435000.0,2009-06-30,Unknown,2009_bronx.xls,1,D4,1,D4,2.0,72000,88000,6.8,2.0,5.3,,193.50533807829183,,,2,,
2.0,BEDFORD PARK/NORWOOD     ,02  TWO FAMILY HOMES                        ,1,3315.0,38.0, ,B2,2784 CRESTON AVENUE                      ,            ,10468.0,2.0,0.0,2.0,2375.0,2248.0,1899.0,1.0,B2,260000.0,2009-01-26,Unknown,2009_bronx.xls,1,D4,1,D4,2.0,72000,88000,6.8,2.0,5.3,,115.65836298932383,,,2,,
2.0,BEDFORD PARK/NORWOOD     ,02  TWO FAMILY HOMES                        ,1,3315.0,38.0, ,B2,2784 CRESTON AVENUE                      ,            ,10468.0,2.0,0.0,2.0,2375.0,2248.0,1899.0,1.0,B2,10.0,2009-01-08,Unknown,2009_bronx.xls,1,D4,1,D4,2.0,72000,88000,6.8,2.0,5.3,,0.0044483985765124,2009-08-01,8.0,2,2009.0,110.0
2.0,BEDFORD PARK/NORWOOD     ,02  TWO FAMILY HOMES                        ,1,3315.0,122.0, ,B1,2782 CRESTON AVENUE                      ,            ,10468.0,2.0,0.0,2.0,1905.0,3042.0,1930.0,1.0,B1,435000.0,2009-10-02,Unknown,2009_bronx.xls,1,D4,1,D4,2.0,72000,88000,6.8,2.0,5.3,,142.99802761341223,2009-02-10,2.0,2,2009.0,79.0
2.0,BEDFORD PARK/NORWOOD     ,02  TWO FAMILY HOMES                        ,1,3315.0,122.0, ,B1,2782 CRESTON AVENUE                      ,            ,10468.0,2.0,0.0,2.0,1905.0,3042.0,1930.0,1.0,B1,244627.0,2009-04-03,Unknown,2009_bronx.xls,1,D4,1,D4,2.0,72000,88000,6.8,2.0,5.3,,80.41650230111769,2009-03-04,3.0,2,2009.0,79.0
2.0,BEDFORD PARK/NORWOOD     ,02  TWO FAMILY HOMES                        ,1,3318.0,87.0, ,B2,2794 MORRIS AVENUE                       ,            ,10468.0,2.0,0.0,2.0,2381.0,2448.0,1910.0,1.0,B2,434600.0,2009-07-20,Unknown,2009_bronx.xls,1,D4,1,D4,2.0,72000,88000,6.8,2.0,5.3,,177.53267973856208,,,2,,
2.0,BEDFORD PARK/NORWOOD     ,02  TWO FAMILY HOMES                        ,1,3342.0,25.0, ,B2,248 EAST 207 STREET                      ,            ,10467.0,2.0,0.0,2.0,2500.0,2432.0,1915.0,1.0,B2,0.0,2009-05-13,Unknown,2009_bronx.xls,1,D4,1,D4,2.0,72000,88000,6.8,2.0,5.3,,0.0,,,2,,
2.0,BEDFORD PARK/NORWOOD     ,02  TWO FAMILY HOMES                        ,1,3352.0,37.0, ,B1,3360 HULL AVENUE                         ,            ,10467.0,2.0,0.0,2.0,2500.0,3720.0,1940.0,1.0,B1,305000.0,2009-12-21,Unknown,2009_bronx.xls,1,D4,1,D4,2.0,72000,88000,6.8,2.0,5.3,,81.98924731182795,,,2,,
2.0,BEDFORD PARK/NORWOOD     ,02  TWO FAMILY HOMES                        ,1,3352.0,37.0, ,B1,3360 HULL AVENUE                         ,            ,10467.0,2.0,0.0,2.0,2500.0,3720.0,1940.0,1.0,B1,437000.0,2009-04-20,Unknown,2009_bronx.xls,1,D4,1,D4,2.0,72000,88000,6.8,2.0,5.3,,117.47311827956987,,,2,,
2.0,BEDFORD PARK/NORWOOD     ,02  TWO FAMILY HOMES                        ,1,3352.0,56.0, ,B1,3357 DECATUR AVE                         ,            ,10467.0,2.0,0.0,2.0,2500.0,2736.0,1940.0,1.0,B1,100.0,2009-10-20,Unknown,2009_bronx.xls,1,D4,1,D4,2.0,72000,88000,6.8,2.0,5.3,,0.0365497076023391,,,2,,
2.0,BEDFORD PARK/NORWOOD     ,02  TWO FAMILY HOMES                        ,1,3352.0,56.0, ,B1,3357 DECATUR AVE                         ,            ,10467.0,2.0,0.0,2.0,2500.0,2736.0,1940.0,1.0,B1,100.0,2009-01-07,Unknown,2009_bronx.xls,1,D4,1,D4,2.0,72000,88000,6.8,2.0,5.3,,0.0365497076023391,2009-07-01,7.0,2,2009.0,69.0
2.0,BEDFORD PARK/NORWOOD     ,02  TWO FAMILY HOMES                        ,1,3355.0,46.0, ,B1,3259 PARKSIDE PLACE                      ,            ,10467.0,2.0,0.0,2.0,2375.0,2800.0,2008.0,1.0,B1,262500.0,2009-12-28,Unknown,2009_bronx.xls,1,D4,1,D4,2.0,72000,88000,6.8,2.0,5.3,,93.75,,,2,,
2.0,BEDFORD PARK/NORWOOD     ,03  THREE FAMILY HOMES                      ,1,3283.0,53.0, ,C0,2705 DECATUR AVENUE                      ,            ,10458.0,3.0,0.0,3.0,2585.0,3270.0,1930.0,1.0,C0,50000.0,2009-11-05,Unknown,2009_bronx.xls,1,D4,1,D4,2.0,72000,88000,6.8,2.0,5.45,,15.29051987767584,2009-05-11,5.0,2,2009.0,79.0
2.0,BEDFORD PARK/NORWOOD     ,03  THREE FAMILY HOMES                      ,1,3285.0,50.0, ,C0,2969B DECATUR AVENUE                     ,            ,10458.0,3.0,0.0,3.0,2058.0,3732.0,2007.0,1.0,C0,685000.0,2009-01-02,Unknown,2009_bronx.xls,1,D4,1,D4,2.0,72000,88000,6.8,2.0,5.45,,183.5476956055734,2009-02-01,2.0,2,2009.0,2.0
2.0,BEDFORD PARK/NORWOOD     ,03  THREE FAMILY HOMES                      ,1,3285.0,51.0, ,C0,2969A DECATUR AVENUE                     ,            ,10458.0,3.0,0.0,3.0,2058.0,3732.0,2007.0,1.0,C0,671800.0,2009-02-12,Unknown,2009_bronx.xls,1,D4,1,D4,2.0,72000,88000,6.8,2.0,5.45,,180.010718113612,2009-12-02,12.0,2,2009.0,2.0
2.0,BEDFORD PARK/NORWOOD     ,03  THREE FAMILY HOMES                      ,1,3285.0,139.0, ,C0,370 EAST 201ST STREET                    ,            ,10458.0,3.0,0.0,3.0,1109.0,3460.0,2006.0,1.0,C0,0.0,2009-09-23,Unknown,2009_bronx.xls,1,D4,1,D4,2.0,72000,88000,6.8,2.0,5.45,,0.0,,,2,,
2.0,BEDFORD PARK/NORWOOD     ,03  THREE FAMILY HOMES                      ,1,3285.0,139.0, ,C0,370 EAST 201 STREET                      ,            ,10458.0,3.0,0.0,3.0,1109.0,3460.0,2006.0,1.0,C0,615000.0,2009-08-19,Unknown,2009_bronx.xls,1,D4,1,D4,2.0,72000,88000,6.8,2.0,5.45,,177.7456647398844,,,2,,
2.0,BEDFORD PARK/NORWOOD     ,03  THREE FAMILY HOMES                      ,1,3292.0,102.0, ,C0,2985 PERRY AVENUE                        ,            ,10458.0,3.0,0.0,3.0,2264.0,2680.0,1920.0,1.0,C0,0.0,2009-06-06,Unknown,2009_bronx.xls,1,D4,1,D4,2.0,72000,88000,6.8,2.0,5.45,,0.0,2009-06-06,6.0,2,2009.0,89.0
2.0,BEDFORD PARK/NORWOOD     ,03  THREE FAMILY HOMES                      ,1,3294.0,24.0, ,C0,2676 BRIGGS                              ,            ,10458.0,3.0,0.0,3.0,1752.0,2808.0,1915.0,1.0,C0,527845.0,2009-08-07,Unknown,2009_bronx.xls,1,D4,1,D4,2.0,72000,88000,6.8,2.0,5.45,,187.9789886039886,2009-07-08,7.0,2,2009.0,94.0
2.0,BEDFORD PARK/NORWOOD     ,03  THREE FAMILY HOMES                      ,1,3294.0,24.0, ,C0,2676 BRIGGS AVENUE                       ,            ,10458.0,3.0,0.0,3.0,1752.0,2808.0,1915.0,1.0,C0,0.0,2009-05-14,Unknown,2009_bronx.xls,1,D4,1,D4,2.0,72000,88000,6.8,2.0,5.45,,0.0,,,2,,
2.0,BEDFORD PARK/NORWOOD     ,03  THREE FAMILY HOMES                      ,1,3297.0,24.0, ,C0,2933 BAINBRIDGE AVENUE                   ,            ,10458.0,3.0,0.0,3.0,1315.0,2624.0,2008.0,1.0,C0,500000.0,2009-03-03,Unknown,2009_bronx.xls,1,D4,1,D4,2.0,72000,88000,6.8,2.0,5.45,,190.5487804878049,2009-03-03,3.0,2,2009.0,1.0
2.0,BEDFORD PARK/NORWOOD     ,03  THREE FAMILY HOMES                      ,1,3300.0,80.0, ,C0,2655 BRIGGS AVENUE                       ,            ,10458.0,3.0,0.0,3.0,1714.0,2871.0,2004.0,1.0,C0,0.0,2009-10-13,Unknown,2009_bronx.xls,1,D4,1,D4,2.0,72000,88000,6.8,2.0,5.45,,0.0,,,2,,
2.0,BEDFORD PARK/NORWOOD     ,03  THREE FAMILY HOMES                      ,1,3308.0,61.0, ,C0,276 EAST 203 STREET                      ,            ,10458.0,3.0,0.0,3.0,2058.0,4524.0,2001.0,1.0,C0,525000.0,2009-10-08,Unknown,2009_bronx.xls,1,D4,1,D4,2.0,72000,88000,6.8,2.0,5.45,,116.04774535809018,2009-08-10,8.0,2,2009.0,8.0
2.0,BEDFORD PARK/NORWOOD     ,03  THREE FAMILY HOMES                      ,1,3312.0,8.0, ,C0,162 EAST 206TH STREET                    ,            ,10458.0,3.0,0.0,3.0,4400.0,3300.0,1910.0,1.0,C0,0.0,2009-05-04,Unknown,2009_bronx.xls,1,D4,1,D4,2.0,72000,88000,6.8,2.0,5.45,,0.0,2009-04-05,4.0,2,2009.0,99.0
2.0,BEDFORD PARK/NORWOOD     ,03  THREE FAMILY HOMES                      ,1,3312.0,48.0, ,C0,199 EAST 205 STREET                      ,            ,10458.0,3.0,0.0,3.0,3197.0,3504.0,1901.0,1.0,C0,0.0,2009-10-06,Unknown,2009_bronx.xls,1,D4,1,D4,2.0,72000,88000,6.8,2.0,5.45,,0.0,2009-06-10,6.0,2,2009.0,108.0
2.0,BEDFORD PARK/NORWOOD     ,03  THREE FAMILY HOMES                      ,1,3322.0,46.0, ,C0,3161 VILLA AVENUE                        ,            ,10468.0,3.0,0.0,3.0,2000.0,3000.0,1930.0,1.0,C0,0.0,2009-07-21,Unknown,2009_bronx.xls,1,D4,1,D4,2.0,72000,88000,6.8,2.0,5.45,,0.0,,,2,,
2.0,BEDFORD PARK/NORWOOD     ,03  THREE FAMILY HOMES                      ,1,3326.0,27.0, ,C0,82 EAST 208TH STREET                     ,            ,10467.0,3.0,0.0,3.0,5000.0,4500.0,1915.0,1.0,C0,0.0,2009-01-26,Unknown,2009_bronx.xls,1,D4,1,D4,2.0,72000,88000,6.8,2.0,5.45,,0.0,,,2,,
2.0,BEDFORD PARK/NORWOOD     ,03  THREE FAMILY HOMES                      ,1,3334.0,49.0, ,C0,3049 PERRY AVENUE                        ,            ,10467.0,3.0,0.0,3.0,2500.0,3735.0,1915.0,1.0,C0,148874.0,2009-07-01,Unknown,2009_bronx.xls,1,D4,1,D4,2.0,72000,88000,6.8,2.0,5.45,,39.85917001338688,2009-01-07,1.0,2,2009.0,94.0
2.0,BEDFORD PARK/NORWOOD     ,03  THREE FAMILY HOMES                      ,1,3335.0,123.0, ,C0,3183 ROCHAMBEAU AVENUE                   ,            ,10467.0,3.0,0.0,3.0,7125.0,4279.0,1930.0,1.0,C0,555000.0,2009-10-15,Unknown,2009_bronx.xls,1,D4,1,D4,2.0,72000,88000,6.8,2.0,5.45,,129.70320168263612,,,2,,
2.0,BEDFORD PARK/NORWOOD     ,03  THREE FAMILY HOMES                      ,1,3343.0,181.0, ,C0,287 RESERVOIR PLACE                      ,            ,10467.0,3.0,0.0,3.0,3751.0,3741.0,1920.0,1.0,C0,400000.0,2009-08-20,Unknown,2009_bronx.xls,1,D4,1,D4,2.0,72000,88000,6.8,2.0,5.45,,106.92328254477412,,,2,,
2.0,BEDFORD PARK/NORWOOD     ,03  THREE FAMILY HOMES                      ,1,3343.0,181.0, ,C0,287 RESERVOIR PLACE                      ,            ,10467.0,3.0,0.0,3.0,3751.0,3741.0,1920.0,1.0,C0,224000.0,2009-01-21,Unknown,2009_bronx.xls,1,D4,1,D4,2.0,72000,88000,6.8,2.0,5.45,,59.87703822507351,,,2,,
2.0,BEDFORD PARK/NORWOOD     ,03  THREE FAMILY HOMES                      ,1,3349.0,15.0, ,C0,3148 HULL AVENUE                         ,            ,10467.0,3.0,0.0,3.0,2500.0,3498.0,1920.0,1.0,C0,577700.0,2009-07-02,Unknown,2009_bronx.xls,1,D4,1,D4,2.0,72000,88000,6.8,2.0,5.45,,165.15151515151516,2009-02-07,2.0,2,2009.0,89.0
2.0,BEDFORD PARK/NORWOOD     ,03  THREE FAMILY HOMES                      ,1,3355.0,41.0, ,C0,3279 PARKSIDE PLACE                      ,            ,10467.0,3.0,0.0,3.0,2250.0,3872.0,1920.0,1.0,C0,350000.0,2009-12-29,Unknown,2009_bronx.xls,1,D4,1,D4,2.0,72000,88000,6.8,2.0,5.45,,90.39256198347108,,,2,,
2.0,BEDFORD PARK/NORWOOD     ,04  TAX CLASS 1 CONDOS                      ,1A,3355.0,1001.0, ,R3,3241 PARKSIDE PLACE                      ,1A          ,10467.0,1.0,0.0,1.0,0.0,0.0,2007.0,1.0,R3,350000.0,2009-09-29,Unknown,2009_bronx.xls,1,D4,1,D4,2.0,72000,88000,6.8,2.0,5.15,,,,,2,,
2.0,BEDFORD PARK/NORWOOD     ,04  TAX CLASS 1 CONDOS                      ,1A,3355.0,1002.0, ,R3,3241 PARKSIDE PLACE                      ,2B          ,10467.0,1.0,0.0,1.0,0.0,0.0,2007.0,1.0,R3,294060.0,2009-10-22,Unknown,2009_bronx.xls,1,D4,1,D4,2.0,72000,88000,6.8,2.0,5.15,,,,,2,,
2.0,BEDFORD PARK/NORWOOD     ,04  TAX CLASS 1 CONDOS                      ,1A,3355.0,1008.0, ,R3,3245 PARKSIDE PLACE                      ,2B          ,10467.0,1.0,0.0,1.0,0.0,0.0,2007.0,1.0,R3,299130.0,2009-10-16,Unknown,2009_bronx.xls,1,D4,1,D4,2.0,72000,88000,6.8,2.0,5.15,,,,,2,,
2.0,BEDFORD PARK/NORWOOD     ,04  TAX CLASS 1 CONDOS                      ,1A,3355.0,1011.0, ,R3,3247 PARKSIDE PLACE                      ,2B          ,10467.0,1.0,0.0,1.0,0.0,0.0,2007.0,1.0,R3,299130.0,2009-10-30,Unknown,2009_bronx.xls,1,D4,1,D4,2.0,72000,88000,6.8,2.0,5.15,,,,,2,,
2.0,BEDFORD PARK/NORWOOD     ,05  TAX CLASS 1 VACANT LAND                 ,  ,3277.0,25.0, ,  ,EAST 195 STREET                          ,            ,10458.0,0.0,0.0,0.0,0.0,0.0,0.0,1.0,V0,280000.0,2009-06-10,Unknown,2009_bronx.xls,1,D4,1,D4,2.0,72000,88000,6.8,2.0,5.0,,,2009-10-06,10.0,2,2009.0,200.0
2.0,BEDFORD PARK/NORWOOD     ,05  TAX CLASS 1 VACANT LAND                 ,  ,3277.0,125.0, ,  ,EAST 195 STREET                          ,            ,10458.0,0.0,0.0,0.0,0.0,0.0,0.0,1.0,V0,0.0,2009-06-10,Unknown,2009_bronx.xls,1,D4,1,D4,2.0,72000,88000,6.8,2.0,5.0,,,2009-10-06,10.0,2,2009.0,200.0
2.0,BEDFORD PARK/NORWOOD     ,05  TAX CLASS 1 VACANT LAND                 ,  ,3283.0,28.0, ,  ,2736 MARION AVENUE                       ,            ,10458.0,0.0,0.0,0.0,0.0,0.0,0.0,1.0,V0,0.0,2009-04-23,Unknown,2009_bronx.xls,1,D4,1,D4,2.0,72000,88000,6.8,2.0,5.0,,,,,2,,
2.0,BEDFORD PARK/NORWOOD     ,05  TAX CLASS 1 VACANT LAND                 ,1B,3335.0,41.0, ,V0,245 E MOSHOLU PARKWAY N                  ,            ,10467.0,0.0,0.0,0.0,8062.0,0.0,0.0,1.0,V0,1050000.0,2009-04-30,Unknown,2009_bronx.xls,1,D4,1,D4,2.0,72000,88000,6.8,2.0,5.0,,,,,2,,
2.0,BEDFORD PARK/NORWOOD     ,07  RENTALS - WALKUP APARTMENTS             ,2,3290.0,65.0, ,C1,319 EAST 197TH STREET                    ,            ,10458.0,30.0,0.0,30.0,6250.0,28751.0,1913.0,2.0,C1,0.0,2009-07-27,Unknown,2009_bronx.xls,1,D4,1,D4,2.0,72000,88000,6.8,2.0,9.5,,0.0,,,2,,
2.0,BEDFORD PARK/NORWOOD     ,07  RENTALS - WALKUP APARTMENTS             ,2,3292.0,34.0, ,C1,326 EAST 201ST STREET                    ,            ,10458.0,32.0,0.0,32.0,7035.0,28555.0,1930.0,2.0,C1,2500000.0,2009-05-05,Unknown,2009_bronx.xls,1,D4,1,D4,2.0,72000,88000,6.8,2.0,9.8,,87.55034144633164,2009-05-05,5.0,2,2009.0,79.0
2.0,BEDFORD PARK/NORWOOD     ,07  RENTALS - WALKUP APARTMENTS             ,2A,3292.0,67.0, ,C2,309 BEDFORD PARK BOULEVA                 ,            ,10458.0,5.0,0.0,5.0,2519.0,7400.0,1910.0,2.0,C2,680000.0,2009-06-01,Unknown,2009_bronx.xls,1,D4,1,D4,2.0,72000,88000,6.8,2.0,5.75,,91.89189189189187,2009-01-06,1.0,2,2009.0,99.0
2.0,BEDFORD PARK/NORWOOD     ,07  RENTALS - WALKUP APARTMENTS             ,2,3303.0,43.0, ,C5,247 BEDFORD PARK BLVD                    ,            ,10458.0,17.0,0.0,17.0,2500.0,3969.0,1909.0,2.0,C5,400000.0,2009-09-26,Unknown,2009_bronx.xls,1,D4,1,D4,2.0,72000,88000,6.8,2.0,7.55,,100.78105316200556,,,2,,
2.0,BEDFORD PARK/NORWOOD     ,07  RENTALS - WALKUP APARTMENTS             ,2,3304.0,170.0, ,C1,2801 VALENTINE AVENUE                    ,            ,10458.0,16.0,0.0,16.0,2950.0,25839.0,1912.0,2.0,C1,0.0,2009-05-22,Unknown,2009_bronx.xls,1,D4,1,D4,2.0,72000,88000,6.8,2.0,7.4,,0.0,,,2,,
2.0,BEDFORD PARK/NORWOOD     ,07  RENTALS - WALKUP APARTMENTS             ,2A,3311.0,13.0, ,C2,20 EAST 205 STREET                       ,            ,10468.0,6.0,0.0,6.0,2008.0,4300.0,1925.0,2.0,C2,312869.0,2009-08-31,Unknown,2009_bronx.xls,1,D4,1,D4,2.0,72000,88000,6.8,2.0,5.9,,72.76023255813953,,,2,,
2.0,BEDFORD PARK/NORWOOD     ,07  RENTALS - WALKUP APARTMENTS             ,2,3311.0,38.0, ,C7,3184 VILLA AVENUE                        ,            ,10468.0,20.0,2.0,22.0,6158.0,16000.0,1913.0,2.0,C7,1200000.0,2009-12-17,Unknown,2009_bronx.xls,1,D4,1,D4,2.0,72000,88000,6.8,2.0,8.3,,75.0,,,2,,
2.0,BEDFORD PARK/NORWOOD     ,07  RENTALS - WALKUP APARTMENTS             ,2,3326.0,8.0, ,C1,111 E MOSHOLU PARKWAY N                  ,            ,10467.0,63.0,0.0,63.0,12500.0,48834.0,1925.0,2.0,C1,3400000.0,2009-07-21,Unknown,2009_bronx.xls,1,D4,1,D4,2.0,72000,88000,6.8,2.0,10.0,,69.62362288569439,,,2,,
2.0,BEDFORD PARK/NORWOOD     ,07  RENTALS - WALKUP APARTMENTS             ,2,3326.0,113.0, ,C1,25 EAST MOSHOLU PARKWAY                  ,            ,10467.0,54.0,0.0,54.0,10000.0,48840.0,1925.0,2.0,C1,3200000.0,2009-02-26,Unknown,2009_bronx.xls,1,D4,1,D4,2.0,72000,88000,6.8,2.0,10.0,,65.52006552006551,,,2,,
2.0,BEDFORD PARK/NORWOOD     ,07  RENTALS - WALKUP APARTMENTS             ,2A,3336.0,67.0, ,C3,108 EAST 208 STREET                      ,            ,10467.0,4.0,0.0,4.0,3822.0,3496.0,1925.0,2.0,C3,0.0,2009-07-01,Unknown,2009_bronx.xls,1,D4,1,D4,2.0,72000,88000,6.8,2.0,5.6,,0.0,2009-01-07,1.0,2,2009.0,84.0
2.0,BEDFORD PARK/NORWOOD     ,07  RENTALS - WALKUP APARTMENTS             ,2A,3344.0,71.0, ,C3,3519 TRYON AVENUE                        ,            ,10467.0,4.0,0.0,4.0,2500.0,3485.0,1920.0,2.0,C3,0.0,2009-02-12,Unknown,2009_bronx.xls,1,D4,1,D4,2.0,72000,88000,6.8,2.0,5.6,,0.0,2009-12-02,12.0,2,2009.0,89.0
2.0,BEDFORD PARK/NORWOOD     ,07  RENTALS - WALKUP APARTMENTS             ,2B,3349.0,14.0, ,C1,3144 HULL AVENUE                         ,            ,10467.0,8.0,0.0,8.0,2500.0,5780.0,2010.0,2.0,C1,140000.0,2009-04-30,Unknown,2009_bronx.xls,1,D4,1,D4,2.0,72000,88000,6.8,2.0,6.2,,24.22145328719723,,,2,,
2.0,BEDFORD PARK/NORWOOD     ,07  RENTALS - WALKUP APARTMENTS             ,2,3350.0,19.0, ,C1,3232 HULL AVENUE                         ,            ,10467.0,47.0,0.0,47.0,10323.0,38945.0,1925.0,2.0,C1,3000000.0,2009-04-01,Unknown,2009_bronx.xls,1,D4,1,D4,2.0,72000,88000,6.8,2.0,10.0,,77.03171138785467,2009-01-04,1.0,2,2009.0,84.0
2.0,BEDFORD PARK/NORWOOD     ,08  RENTALS - ELEVATOR APARTMENTS           ,2,3283.0,25.0, ,D1,2732 MARION AVENUE                       ,            ,10458.0,33.0,0.0,33.0,10054.0,33947.0,2007.0,2.0,D1,0.0,2009-04-23,Unknown,2009_bronx.xls,1,D4,1,D4,2.0,72000,88000,6.8,2.0,9.95,,0.0,,,2,,
2.0,BEDFORD PARK/NORWOOD     ,08  RENTALS - ELEVATOR APARTMENTS           ,2,3304.0,146.0, ,D1,2830 GRAND CONCOURSE                     ,            ,10458.0,73.0,0.0,73.0,14614.0,80889.0,1931.0,2.0,D1,5400000.0,2009-12-29,Unknown,2009_bronx.xls,1,D4,1,D4,2.0,72000,88000,6.8,2.0,10.0,,66.75815005748619,,,2,,
2.0,BEDFORD PARK/NORWOOD     ,08  RENTALS - ELEVATOR APARTMENTS           ,2,3306.0,53.0, ,D1,211 BEDFORD PARK BOULEVA                 ,            ,10458.0,54.0,0.0,54.0,14052.0,60775.0,1927.0,2.0,D1,3450000.0,2009-10-09,Unknown,2009_bronx.xls,1,D4,1,D4,2.0,72000,88000,6.8,2.0,10.0,,56.76676264911559,2009-09-10,9.0,2,2009.0,82.0
2.0,BEDFORD PARK/NORWOOD     ,08  RENTALS - ELEVATOR APARTMENTS           ,2,3318.0,7.0, ,D1,5 EAST 196TH STREET                      ,            ,10468.0,50.0,0.0,50.0,10000.0,51896.0,1941.0,2.0,D1,3412500.0,2009-07-31,Unknown,2009_bronx.xls,1,D4,1,D4,2.0,72000,88000,6.8,2.0,10.0,,65.7565130260521,,,2,,
2.0,BEDFORD PARK/NORWOOD     ,08  RENTALS - ELEVATOR APARTMENTS           ,2,3318.0,7.0, ,D1,5 EAST 196TH STREET                      ,            ,10468.0,50.0,0.0,50.0,10000.0,51896.0,1941.0,2.0,D1,0.0,2009-07-31,Unknown,2009_bronx.xls,1,D4,1,D4,2.0,72000,88000,6.8,2.0,10.0,,0.0,,,2,,
2.0,BEDFORD PARK/NORWOOD     ,08  RENTALS - ELEVATOR APARTMENTS           ,2,3318.0,23.0, ,D1,2800 JEROME AVENUE                       ,            ,10468.0,78.0,0.0,78.0,16900.0,67320.0,1939.0,2.0,D1,5100000.0,2009-10-30,Unknown,2009_bronx.xls,1,D4,1,D4,2.0,72000,88000,6.8,2.0,10.0,,75.75757575757575,,,2,,
2.0,BEDFORD PARK/NORWOOD     ,08  RENTALS - ELEVATOR APARTMENTS           ,2,3320.0,52.0, ,D9,2927 VALENTINE AVENUE                    ,            ,10458.0,55.0,1.0,56.0,18750.0,59320.0,1940.0,2.0,D1,0.0,2009-01-12,Unknown,2009_bronx.xls,1,D4,1,D4,2.0,72000,88000,6.8,2.0,10.0,,0.0,2009-12-01,12.0,2,2009.0,69.0
2.0,BEDFORD PARK/NORWOOD     ,08  RENTALS - ELEVATOR APARTMENTS           ,2,3324.0,13.0, ,D1,66 WEST GUN HILL ROAD                    ,            ,10467.0,48.0,0.0,48.0,11514.0,51450.0,1926.0,2.0,D1,3000000.0,2009-03-19,Unknown,2009_bronx.xls,1,D4,1,D4,2.0,72000,88000,6.8,2.0,10.0,,58.30903790087464,,,2,,
2.0,BEDFORD PARK/NORWOOD     ,08  RENTALS - ELEVATOR APARTMENTS           ,2,3324.0,14.0, ,D1,50 WEST GUN HILL ROAD                    ,            ,10467.0,49.0,0.0,49.0,15720.0,64400.0,1939.0,2.0,D1,3800000.0,2009-06-16,Unknown,2009_bronx.xls,1,D4,1,D4,2.0,72000,88000,6.8,2.0,10.0,,59.00621118012423,,,2,,
2.0,BEDFORD PARK/NORWOOD     ,08  RENTALS - ELEVATOR APARTMENTS           ,2,3326.0,111.0, ,D1,29 EAST MOSHOLU PARKWAY                  ,            ,10467.0,31.0,0.0,31.0,5000.0,21000.0,1937.0,2.0,D1,2300000.0,2009-11-20,Unknown,2009_bronx.xls,1,D4,1,D4,2.0,72000,88000,6.8,2.0,9.65,,109.52380952380952,,,2,,
2.0,BEDFORD PARK/NORWOOD     ,08  RENTALS - ELEVATOR APARTMENTS           ,2,3356.0,85.0, ,D7,301 EAST GUN HILL ROAD                   ,            ,10467.0,31.0,3.0,34.0,7530.0,42324.0,2005.0,2.0,D7,0.0,2009-11-26,Unknown,2009_bronx.xls,1,D4,1,D4,2.0,72000,88000,6.8,2.0,10.0,,0.0,,,2,,
2.0,BEDFORD PARK/NORWOOD     ,09  COOPS - WALKUP APARTMENTS               ,2,3326.0,45.0, ,C6,"91 EAST 208TH STREET, NUMER              ",            ,10467.0,0.0,0.0,0.0,0.0,0.0,1926.0,2.0,C6,250000.0,2009-12-30,Unknown,2009_bronx.xls,1,D4,1,D4,2.0,72000,88000,6.8,2.0,5.0,,,,,2,,
2.0,BEDFORD PARK/NORWOOD     ,09  COOPS - WALKUP APARTMENTS               ,2,3326.0,45.0, ,C6,"91 EAST 208TH STREET, M                  ",            ,10467.0,0.0,0.0,0.0,0.0,0.0,1926.0,2.0,C6,56600.0,2009-03-17,Unknown,2009_bronx.xls,1,D4,1,D4,2.0,72000,88000,6.8,2.0,5.0,,,,,2,,
2.0,BEDFORD PARK/NORWOOD     ,09  COOPS - WALKUP APARTMENTS               ,2,3347.0,43.0, ,C6,"3279 HULL AVENUE, 11                     ",            ,10467.0,0.0,0.0,0.0,0.0,0.0,1924.0,2.0,C6,28000.0,2009-07-14,Unknown,2009_bronx.xls,1,D4,1,D4,2.0,72000,88000,6.8,2.0,5.0,,,,,2,,
2.0,BEDFORD PARK/NORWOOD     ,10  COOPS - ELEVATOR APARTMENTS             ,2,3280.0,13.0, ,D4,"2962 DECATUR AVENUE, 1F                  ",            ,10458.0,0.0,0.0,0.0,0.0,0.0,1940.0,2.0,D4,161634.0,2009-03-11,Unknown,2009_bronx.xls,1,D4,1,D4,2.0,72000,88000,6.8,2.0,5.0,,,2009-11-03,11.0,2,2009.0,69.0
2.0,BEDFORD PARK/NORWOOD     ,10  COOPS - ELEVATOR APARTMENTS             ,2,3280.0,13.0, ,D4,"2962 DECATUR AVENUE, 3F                  ",            ,10458.0,0.0,0.0,0.0,0.0,0.0,1940.0,2.0,D4,0.0,2009-08-03,Unknown,2009_bronx.xls,1,D4,1,D4,2.0,72000,88000,6.8,2.0,5.0,,,2009-03-08,3.0,2,2009.0,69.0
2.0,BEDFORD PARK/NORWOOD     ,10  COOPS - ELEVATOR APARTMENTS             ,2,3280.0,13.0, ,D4,"2962 DECATUR AVENUE, 1H                  ",            ,10458.0,0.0,0.0,0.0,0.0,0.0,1940.0,2.0,D4,136253.0,2009-08-26,Unknown,2009_bronx.xls,1,D4,1,D4,2.0,72000,88000,6.8,2.0,5.0,,,,,2,,
2.0,BEDFORD PARK/NORWOOD     ,10  COOPS - ELEVATOR APARTMENTS             ,2,3281.0,1.0, ,D4,"325 EAST 201 STREET, 6C                  ",            ,10458.0,0.0,0.0,0.0,0.0,0.0,1950.0,2.0,D4,120000.0,2009-08-04,Unknown,2009_bronx.xls,1,D4,1,D4,2.0,72000,88000,6.8,2.0,5.0,,,2009-04-08,4.0,2,2009.0,59.0
2.0,BEDFORD PARK/NORWOOD     ,10  COOPS - ELEVATOR APARTMENTS             ,2,3281.0,1.0, ,D4,"325 EAST 201 STREET, 1A                  ",            ,10458.0,0.0,0.0,0.0,0.0,0.0,1950.0,2.0,D4,0.0,2009-09-24,Unknown,2009_bronx.xls,1,D4,1,D4,2.0,72000,88000,6.8,2.0,5.0,,,,,2,,
2.0,BEDFORD PARK/NORWOOD     ,10  COOPS - ELEVATOR APARTMENTS             ,2,3281.0,1.0, ,D4,"325 EAST 201 STREET, 3E                  ",            ,10458.0,0.0,0.0,0.0,0.0,0.0,1950.0,2.0,D4,0.0,2009-09-24,Unknown,2009_bronx.xls,1,D4,1,D4,2.0,72000,88000,6.8,2.0,5.0,,,,,2,,
2.0,BEDFORD PARK/NORWOOD     ,10  COOPS - ELEVATOR APARTMENTS             ,2,3281.0,1.0, ,D4,"325 EAST 201 STREET, 1C                  ",            ,10458.0,0.0,0.0,0.0,0.0,0.0,1950.0,2.0,D4,135000.0,2009-11-18,Unknown,2009_bronx.xls,1,D4,1,D4,2.0,72000,88000,6.8,2.0,5.0,,,,,2,,
2.0,BEDFORD PARK/NORWOOD     ,10  COOPS - ELEVATOR APARTMENTS             ,2,3281.0,1.0, ,D4,"325 EAST 201ST STREET, 2F                ",            ,10458.0,0.0,0.0,0.0,0.0,0.0,1950.0,2.0,D4,117000.0,2009-12-17,Unknown,2009_bronx.xls,1,D4,1,D4,2.0,72000,88000,6.8,2.0,5.0,,,,,2,,
2.0,BEDFORD PARK/NORWOOD     ,10  COOPS - ELEVATOR APARTMENTS             ,2,3282.0,7.0, ,D4,"2640 MARION AVENUE, 6H                   ",            ,10458.0,0.0,0.0,0.0,0.0,0.0,1961.0,2.0,D4,64000.0,2009-09-15,Unknown,2009_bronx.xls,1,D4,1,D4,2.0,72000,88000,6.8,2.0,5.0,,,,,2,,
2.0,BEDFORD PARK/NORWOOD     ,10  COOPS - ELEVATOR APARTMENTS             ,2,3284.0,48.0, ,D4,"2866 MARION AVENUE, 6H                   ",            ,10458.0,0.0,0.0,0.0,0.0,0.0,1956.0,2.0,D4,111000.0,2009-04-03,Unknown,2009_bronx.xls,1,D4,1,D4,2.0,72000,88000,6.8,2.0,5.0,,,2009-03-04,3.0,2,2009.0,53.0
2.0,BEDFORD PARK/NORWOOD     ,10  COOPS - ELEVATOR APARTMENTS             ,2,3284.0,48.0, ,D4,"2866 MARION AVENUE, 1G                   ",            ,10458.0,0.0,0.0,0.0,0.0,0.0,1956.0,2.0,D4,163000.0,2009-05-22,Unknown,2009_bronx.xls,1,D4,1,D4,2.0,72000,88000,6.8,2.0,5.0,,,,,2,,
2.0,BEDFORD PARK/NORWOOD     ,10  COOPS - ELEVATOR APARTMENTS             ,2,3299.0,14.0, ,D4,"306 MOSHOLU PARKWAY, 3B                  ",            ,10458.0,0.0,0.0,0.0,0.0,0.0,1939.0,2.0,D4,75000.0,2009-09-30,Unknown,2009_bronx.xls,1,D4,1,D4,2.0,72000,88000,6.8,2.0,5.0,,,,,2,,
2.0,BEDFORD PARK/NORWOOD     ,10  COOPS - ELEVATOR APARTMENTS             ,2,3311.0,1.0, ,D4,"3131 GRAND CONCOURSE, 6K                 ",            ,10468.0,0.0,0.0,0.0,0.0,0.0,1956.0,2.0,D4,0.0,2009-01-13,Unknown,2009_bronx.xls,1,D4,1,D4,2.0,72000,88000,6.8,2.0,5.0,,,,,2,,
2.0,BEDFORD PARK/NORWOOD     ,10  COOPS - ELEVATOR APARTMENTS             ,2,3311.0,1.0, ,D4,"3131 GRAND CONCOURSE, 8D                 ",            ,10468.0,0.0,0.0,0.0,0.0,0.0,1956.0,2.0,D4,0.0,2009-01-13,Unknown,2009_bronx.xls,1,D4,1,D4,2.0,72000,88000,6.8,2.0,5.0,,,,,2,,
2.0,BEDFORD PARK/NORWOOD     ,10  COOPS - ELEVATOR APARTMENTS             ,2,3311.0,1.0, ,D4,"3131 GRAND CONCOURSE, 4A                 ",            ,10468.0,0.0,0.0,0.0,0.0,0.0,1956.0,2.0,D4,68000.0,2009-03-26,Unknown,2009_bronx.xls,1,D4,1,D4,2.0,72000,88000,6.8,2.0,5.0,,,,,2,,
2.0,BEDFORD PARK/NORWOOD     ,10  COOPS - ELEVATOR APARTMENTS             ,2,3311.0,1.0, ,D4,"3131 GRAND CONCOURSE, 9K                 ",            ,10468.0,0.0,0.0,0.0,0.0,0.0,1956.0,2.0,D4,20000.0,2009-07-30,Unknown,2009_bronx.xls,1,D4,1,D4,2.0,72000,88000,6.8,2.0,5.0,,,,,2,,
2.0,BEDFORD PARK/NORWOOD     ,10  COOPS - ELEVATOR APARTMENTS             ,2,3311.0,1.0, ,D4,"3131 GRAND CONCOURSE, 9C                 ",            ,10468.0,0.0,0.0,0.0,0.0,0.0,1956.0,2.0,D4,190500.0,2009-11-10,Unknown,2009_bronx.xls,1,D4,1,D4,2.0,72000,88000,6.8,2.0,5.0,,,2009-10-11,10.0,2,2009.0,53.0
2.0,BEDFORD PARK/NORWOOD     ,10  COOPS - ELEVATOR APARTMENTS             ,2,3311.0,44.0, ,D4,"3201 GRAND CONCOURSE, 4N                 ",            ,10468.0,0.0,0.0,0.0,0.0,0.0,1963.0,2.0,D4,135000.0,2009-02-05,Unknown,2009_bronx.xls,1,D4,1,D4,2.0,72000,88000,6.8,2.0,5.0,,,2009-05-02,5.0,2,2009.0,46.0
2.0,BEDFORD PARK/NORWOOD     ,10  COOPS - ELEVATOR APARTMENTS             ,2,3311.0,44.0, ,D4,"3201 GRAND CONCOURSE, 2H                 ",            ,10468.0,0.0,0.0,0.0,0.0,0.0,1963.0,2.0,D4,125000.0,2009-05-28,Unknown,2009_bronx.xls,1,D4,1,D4,2.0,72000,88000,6.8,2.0,5.0,,,,,2,,
2.0,BEDFORD PARK/NORWOOD     ,10  COOPS - ELEVATOR APARTMENTS             ,2,3311.0,44.0, ,D4,"3201 GRAND CONCOURSE, 2E                 ",            ,10468.0,0.0,0.0,0.0,0.0,0.0,1963.0,2.0,D4,168583.0,2009-07-23,Unknown,2009_bronx.xls,1,D4,1,D4,2.0,72000,88000,6.8,2.0,5.0,,,,,2,,
2.0,BEDFORD PARK/NORWOOD     ,10  COOPS - ELEVATOR APARTMENTS             ,2,3311.0,44.0, ,D4,"3201 GRAND CONCOURSE, 5K                 ",            ,10468.0,0.0,0.0,0.0,0.0,0.0,1963.0,2.0,D4,268942.0,2009-08-26,Unknown,2009_bronx.xls,1,D4,1,D4,2.0,72000,88000,6.8,2.0,5.0,,,,,2,,
2.0,BEDFORD PARK/NORWOOD     ,10  COOPS - ELEVATOR APARTMENTS             ,2,3311.0,44.0, ,D4,"3201 GRAND CONCOURSE, 4J                 ",            ,10468.0,0.0,0.0,0.0,0.0,0.0,1963.0,2.0,D4,182583.0,2009-09-22,Unknown,2009_bronx.xls,1,D4,1,D4,2.0,72000,88000,6.8,2.0,5.0,,,,,2,,
2.0,BEDFORD PARK/NORWOOD     ,10  COOPS - ELEVATOR APARTMENTS             ,2,3311.0,44.0, ,D4,"3201 GRAND CONCOURSE, 6J                 ",            ,10468.0,0.0,0.0,0.0,0.0,0.0,1963.0,2.0,D4,160000.0,2009-09-25,Unknown,2009_bronx.xls,1,D4,1,D4,2.0,72000,88000,6.8,2.0,5.0,,,,,2,,
2.0,BEDFORD PARK/NORWOOD     ,10  COOPS - ELEVATOR APARTMENTS             ,2,3311.0,138.0, ,D4,"190 E MOSHOLU PARKWAY S, 6B              ",            ,10458.0,0.0,0.0,0.0,0.0,0.0,1939.0,2.0,D4,120000.0,2009-06-19,Unknown,2009_bronx.xls,1,D4,1,D4,2.0,72000,88000,6.8,2.0,5.0,,,,,2,,
2.0,BEDFORD PARK/NORWOOD     ,10  COOPS - ELEVATOR APARTMENTS             ,2,3311.0,138.0, ,D4,"190 EAST MOSHOLU PARKWAY, 6F             ",            ,10458.0,0.0,0.0,0.0,0.0,0.0,1939.0,2.0,D4,106000.0,2009-08-11,Unknown,2009_bronx.xls,1,D4,1,D4,2.0,72000,88000,6.8,2.0,5.0,,,2009-11-08,11.0,2,2009.0,70.0
2.0,BEDFORD PARK/NORWOOD     ,10  COOPS - ELEVATOR APARTMENTS             ,2,3313.0,69.0, ,D4,"3184 GRAND CONCOURSE, 2F                 ",            ,10458.0,0.0,0.0,0.0,0.0,0.0,1963.0,2.0,D4,150000.0,2009-05-15,Unknown,2009_bronx.xls,1,D4,1,D4,2.0,72000,88000,6.8,2.0,5.0,,,,,2,,
2.0,BEDFORD PARK/NORWOOD     ,10  COOPS - ELEVATOR APARTMENTS             ,2,3313.0,69.0, ,D4,"3184 GRAND CONCOURSE, 7G                 ",            ,10458.0,0.0,0.0,0.0,0.0,0.0,1963.0,2.0,D4,180000.0,2009-09-17,Unknown,2009_bronx.xls,1,D4,1,D4,2.0,72000,88000,6.8,2.0,5.0,,,,,2,,
2.0,BEDFORD PARK/NORWOOD     ,10  COOPS - ELEVATOR APARTMENTS             ,2,3343.0,260.0, ,D4,"3400 WAYNE AVENUE, C-41                  ",            ,10467.0,0.0,0.0,0.0,0.0,0.0,1928.0,2.0,D4,75000.0,2009-05-04,Unknown,2009_bronx.xls,1,D4,1,D4,2.0,72000,88000,6.8,2.0,5.0,,,2009-04-05,4.0,2,2009.0,81.0
2.0,BEDFORD PARK/NORWOOD     ,10  COOPS - ELEVATOR APARTMENTS             ,2,3343.0,260.0, ,D4,"3398 WAYNE AVENUE, C-22                  ",            ,10467.0,0.0,0.0,0.0,0.0,0.0,1928.0,2.0,D4,126050.0,2009-12-17,Unknown,2009_bronx.xls,1,D4,1,D4,2.0,72000,88000,6.8,2.0,5.0,,,,,2,,
2.0,BEDFORD PARK/NORWOOD     ,10  COOPS - ELEVATOR APARTMENTS             ,2,3344.0,86.0, ,D4,3520 TRYON                               ,            ,10467.0,0.0,0.0,0.0,0.0,0.0,1962.0,2.0,D4,179198.0,2009-01-27,Unknown,2009_bronx.xls,1,D4,1,D4,2.0,72000,88000,6.8,2.0,5.0,,,,,2,,
2.0,BEDFORD PARK/NORWOOD     ,10  COOPS - ELEVATOR APARTMENTS             ,2,3344.0,86.0, ,D4,"3520 TRYON AVENUE, 404                   ",            ,10467.0,0.0,0.0,0.0,0.0,0.0,1962.0,2.0,D4,159000.0,2009-09-25,Unknown,2009_bronx.xls,1,D4,1,D4,2.0,72000,88000,6.8,2.0,5.0,,,,,2,,
2.0,BEDFORD PARK/NORWOOD     ,10  COOPS - ELEVATOR APARTMENTS             ,2,3344.0,86.0, ,D4,3520 TRYON                               ,            ,10467.0,0.0,0.0,0.0,0.0,0.0,1962.0,2.0,D4,118500.0,2009-09-30,Unknown,2009_bronx.xls,1,D4,1,D4,2.0,72000,88000,6.8,2.0,5.0,,,,,2,,
2.0,BEDFORD PARK/NORWOOD     ,10  COOPS - ELEVATOR APARTMENTS             ,2,3344.0,102.0, ,D4,"3535 KINGS COLLEGE PLACE, 1A             ",            ,10467.0,0.0,0.0,0.0,0.0,0.0,1954.0,2.0,D4,152000.0,2009-01-27,Unknown,2009_bronx.xls,1,D4,1,D4,2.0,72000,88000,6.8,2.0,5.0,,,,,2,,
2.0,BEDFORD PARK/NORWOOD     ,10  COOPS - ELEVATOR APARTMENTS             ,2,3344.0,102.0, ,D4,"3535 KINGS COLLEGE PLACE, 2C             ",            ,10467.0,0.0,0.0,0.0,0.0,0.0,1954.0,2.0,D4,175000.0,2009-05-29,Unknown,2009_bronx.xls,1,D4,1,D4,2.0,72000,88000,6.8,2.0,5.0,,,,,2,,
2.0,BEDFORD PARK/NORWOOD     ,10  COOPS - ELEVATOR APARTMENTS             ,2,3344.0,102.0, ,D4,"3535 KINGS COLLEGE PLACE, 5E             ",            ,10467.0,0.0,0.0,0.0,0.0,0.0,1954.0,2.0,D4,117000.0,2009-08-06,Unknown,2009_bronx.xls,1,D4,1,D4,2.0,72000,88000,6.8,2.0,5.0,,,2009-06-08,6.0,2,2009.0,55.0
2.0,BEDFORD PARK/NORWOOD     ,10  COOPS - ELEVATOR APARTMENTS             ,2,3344.0,102.0, ,D4,"3535 KINGS COLLEGE PLACE, 4B             ",            ,10467.0,0.0,0.0,0.0,0.0,0.0,1954.0,2.0,D4,150000.0,2009-08-06,Unknown,2009_bronx.xls,1,D4,1,D4,2.0,72000,88000,6.8,2.0,5.0,,,2009-06-08,6.0,2,2009.0,55.0
2.0,BEDFORD PARK/NORWOOD     ,10  COOPS - ELEVATOR APARTMENTS             ,2,3344.0,102.0, ,D4,"3555 KINGS COLLEGE PLACE, 1E             ",            ,10467.0,0.0,0.0,0.0,0.0,0.0,1954.0,2.0,D4,95000.0,2009-12-11,Unknown,2009_bronx.xls,1,D4,1,D4,2.0,72000,88000,6.8,2.0,5.0,,,2009-11-12,11.0,2,2009.0,55.0
2.0,BEDFORD PARK/NORWOOD     ,10  COOPS - ELEVATOR APARTMENTS             ,2,3344.0,102.0, ,D4,"3535 KINGS COLLEGE PLACE, 2B             ",            ,10467.0,0.0,0.0,0.0,0.0,0.0,1954.0,2.0,D4,110000.0,2009-12-23,Unknown,2009_bronx.xls,1,D4,1,D4,2.0,72000,88000,6.8,2.0,5.0,,,,,2,,
2.0,BEDFORD PARK/NORWOOD     ,10  COOPS - ELEVATOR APARTMENTS             ,2,3344.0,102.0, ,D4,"3555 KINGS COLLEGE PLACE, 1K             ",            ,10467.0,0.0,0.0,0.0,0.0,0.0,1954.0,2.0,D4,150000.0,2009-12-11,Unknown,2009_bronx.xls,1,D4,1,D4,2.0,72000,88000,6.8,2.0,5.0,,,2009-11-12,11.0,2,2009.0,55.0
2.0,BEDFORD PARK/NORWOOD     ,10  COOPS - ELEVATOR APARTMENTS             ,2,3353.0,33.0, ,D4,"3176 DECATUR AVENUE, 6B                  ",            ,10467.0,0.0,0.0,0.0,0.0,0.0,1960.0,2.0,D4,107000.0,2009-08-27,Unknown,2009_bronx.xls,1,D4,1,D4,2.0,72000,88000,6.8,2.0,5.0,,,,,2,,
2.0,BEDFORD PARK/NORWOOD     ,12  CONDOS - WALKUP APARTMENTS              ,2,3318.0,1013.0, ,R2,2805C CRESTON AVENUE                     ,1,10468.0,1.0,0.0,1.0,0.0,0.0,1990.0,2.0,R2,0.0,2009-06-15,Unknown,2009_bronx.xls,1,D4,1,D4,2.0,72000,88000,6.8,2.0,5.15,,,,,2,,
2.0,BEDFORD PARK/NORWOOD     ,14  RENTALS - 4-10 UNIT                     ,2A,3311.0,9.0, ,S3,101 EAST 204 STREET                      ,            ,10468.0,3.0,1.0,4.0,2060.0,6282.0,1915.0,2.0,S3,553350.0,2009-04-02,Unknown,2009_bronx.xls,1,D4,1,D4,2.0,72000,88000,6.8,2.0,5.6,,88.0850047755492,2009-02-04,2.0,2,2009.0,94.0
2.0,BEDFORD PARK/NORWOOD     ,14  RENTALS - 4-10 UNIT                     ,2A,3320.0,4.0, ,S9,2958 JEROME AVENUE                       ,            ,10468.0,2.0,2.0,4.0,4324.0,3150.0,1931.0,2.0,S9,250000.0,2009-12-30,Unknown,2009_bronx.xls,1,D4,1,D4,2.0,72000,88000,6.8,2.0,5.6,,79.36507936507937,,,2,,
2.0,BEDFORD PARK/NORWOOD     ,21  OFFICE BUILDINGS                        ,4,3338.0,55.0, ,O7,3307 BAINBRIDGE AVENUE                   ,            ,10467.0,0.0,1.0,1.0,3000.0,2959.0,1925.0,4.0,O7,0.0,2009-03-13,Unknown,2009_bronx.xls,1,D4,1,D4,2.0,72000,88000,6.8,2.0,5.15,,0.0,,,2,,
2.0,BEDFORD PARK/NORWOOD     ,21  OFFICE BUILDINGS                        ,4,3344.0,11.0, ,O7,3514 BAINBRIDGE AVENUE                   ,            ,10467.0,0.0,2.0,2.0,2500.0,3600.0,1971.0,4.0,O7,1400000.0,2009-11-30,Unknown,2009_bronx.xls,1,D4,1,D4,2.0,72000,88000,6.8,2.0,5.3,,388.8888888888889,,,2,,
2.0,BEDFORD PARK/NORWOOD     ,22  STORE BUILDINGS                         ,1,3309.0,52.0, ,S2,246 EAST 204TH STREET                    ,            ,10458.0,2.0,1.0,3.0,709.0,2132.0,1931.0,4.0,K9,325000.0,2009-10-14,Unknown,2009_bronx.xls,1,D4,1,D4,2.0,72000,88000,6.8,2.0,5.45,,152.4390243902439,,,2,,
2.0,BEDFORD PARK/NORWOOD     ,22  STORE BUILDINGS                         ,4,3316.0,1.0, ,K1,77-79 EAST KINGSBRIDGE ROA               ,            ,10468.0,0.0,2.0,2.0,1902.0,1902.0,1920.0,4.0,K1,0.0,2009-10-02,Unknown,2009_bronx.xls,1,D4,1,D4,2.0,72000,88000,6.8,2.0,5.3,,0.0,2009-02-10,2.0,2,2009.0,89.0
2.0,BEDFORD PARK/NORWOOD     ,28  COMMERCIAL CONDOS                       ,4,3311.0,1002.0, ,R5,3130 GRAND CONCOURSE                     ,B-1         ,10458.0,0.0,1.0,1.0,0.0,0.0,1955.0,4.0,R5,284694.0,2009-12-28,Unknown,2009_bronx.xls,1,D4,1,D4,2.0,72000,88000,6.8,2.0,5.15,,,,,2,,
2.0,BEDFORD PARK/NORWOOD     ,28  COMMERCIAL CONDOS                       ,4,3311.0,1019.0, ,R5,3130 GRAND CONCOURSE                     ,B-3         ,10458.0,0.0,1.0,1.0,0.0,0.0,1955.0,4.0,R5,147959.0,2009-12-28,Unknown,2009_bronx.xls,1,D4,1,D4,2.0,72000,88000,6.8,2.0,5.15,,,,,2,,
2.0,BEDFORD PARK/NORWOOD     ,28  COMMERCIAL CONDOS                       ,4,3311.0,1020.0, ,R5,3130 GRAND CONCOURSE                     ,B-5         ,10458.0,0.0,1.0,1.0,0.0,0.0,1955.0,4.0,R5,162117.0,2009-12-28,Unknown,2009_bronx.xls,1,D4,1,D4,2.0,72000,88000,6.8,2.0,5.15,,,,,2,,
2.0,BEDFORD PARK/NORWOOD     ,28  COMMERCIAL CONDOS                       ,4,3311.0,1021.0, ,R5,3130 GRAND CONCOURSE                     ,B-6         ,10458.0,0.0,1.0,1.0,0.0,0.0,1955.0,4.0,R5,400000.0,2009-01-22,Unknown,2009_bronx.xls,1,D4,1,D4,2.0,72000,88000,6.8,2.0,5.15,,,,,2,,
2.0,BEDFORD PARK/NORWOOD     ,28  COMMERCIAL CONDOS                       ,4,3311.0,1022.0, ,R5,3130 GRAND CONCOURSE                     ,B-7         ,10458.0,0.0,1.0,1.0,0.0,0.0,1955.0,4.0,R5,0.0,2009-01-22,Unknown,2009_bronx.xls,1,D4,1,D4,2.0,72000,88000,6.8,2.0,5.15,,,,,2,,
2.0,BEDFORD PARK/NORWOOD     ,28  COMMERCIAL CONDOS                       ,4,3311.0,1023.0, ,R5,3130 GRAND CONCOURSE                     ,B-8         ,10458.0,0.0,1.0,1.0,0.0,0.0,1955.0,4.0,R5,105230.0,2009-12-28,Unknown,2009_bronx.xls,1,D4,1,D4,2.0,72000,88000,6.8,2.0,5.15,,,,,2,,
2.0,BEDFORD PARK/NORWOOD     ,28  COMMERCIAL CONDOS                       ,4,3311.0,1024.0, ,R5,3130 GRAND CONCOURSE                     ,S-1         ,10458.0,0.0,1.0,1.0,0.0,0.0,1955.0,4.0,R5,0.0,2009-01-22,Unknown,2009_bronx.xls,1,D4,1,D4,2.0,72000,88000,6.8,2.0,5.15,,,,,2,,
2.0,BEDFORD PARK/NORWOOD     ,29  COMMERCIAL GARAGES                      ,4,3279.0,37.0, ,G9,2801 WEBSTER AVENUE                      ,            ,10458.0,0.0,3.0,3.0,4342.0,4300.0,1912.0,4.0,G9,680000.0,2009-02-02,Unknown,2009_bronx.xls,1,D4,1,D4,2.0,72000,88000,6.8,2.0,5.45,,158.13953488372093,2009-02-02,2.0,2,2009.0,97.0
2.0,BEDFORD PARK/NORWOOD     ,29  COMMERCIAL GARAGES                      ,4,3287.0,90.0, ,G9,2683 MARION AVE                          ,            ,10458.0,1.0,0.0,1.0,14121.0,1428.0,1915.0,4.0,G9,990000.0,2009-10-26,Unknown,2009_bronx.xls,1,D4,1,D4,2.0,72000,88000,6.8,2.0,5.15,,693.2773109243698,,,2,,
2.0,BEDFORD PARK/NORWOOD     ,29  COMMERCIAL GARAGES                      ,4,3307.0,27.0, ,G7,270 EAST 202 STREET                      ,            ,10458.0,0.0,0.0,0.0,2500.0,0.0,0.0,4.0,G7,0.0,2009-10-07,Unknown,2009_bronx.xls,1,D4,1,D4,2.0,72000,88000,6.8,2.0,5.0,,,2009-07-10,7.0,2,2009.0,200.0
2.0,BEDFORD PARK/NORWOOD     ,29  COMMERCIAL GARAGES                      ,4,3307.0,29.0, ,G7,EAST 202 STREET                          ,            ,10458.0,0.0,0.0,0.0,4790.0,0.0,0.0,4.0,G7,0.0,2009-10-07,Unknown,2009_bronx.xls,1,D4,1,D4,2.0,72000,88000,6.8,2.0,5.0,,,2009-07-10,7.0,2,2009.0,200.0
2.0,BEDFORD PARK/NORWOOD     ,29  COMMERCIAL GARAGES                      ,2,3318.0,79.0, ,D1,2776 MORRIS AVENUE                       ,            ,10468.0,15.0,0.0,15.0,2381.0,14459.0,2012.0,4.0,G7,200000.0,2009-10-13,Unknown,2009_bronx.xls,1,D4,1,D4,2.0,72000,88000,6.8,2.0,7.25,,13.832215229268968,,,2,,
2.0,BEDFORD PARK/NORWOOD     ,29  COMMERCIAL GARAGES                      ,4,3322.0,17.0, ,G7,JEROME AVENUE                            ,            ,10468.0,0.0,0.0,0.0,2500.0,0.0,0.0,4.0,G7,150000.0,2009-09-28,Unknown,2009_bronx.xls,1,D4,1,D4,2.0,72000,88000,6.8,2.0,5.0,,,,,2,,
2.0,BEDFORD PARK/NORWOOD     ,29  COMMERCIAL GARAGES                      ,4,3353.0,40.0, ,G6,3177 WEBSTER AVENUE                      ,            ,10467.0,0.0,0.0,0.0,45000.0,0.0,0.0,4.0,G6,7200000.0,2009-08-12,Unknown,2009_bronx.xls,1,D4,1,D4,2.0,72000,88000,6.8,2.0,5.0,,,2009-12-08,12.0,2,2009.0,200.0
2.0,BEDFORD PARK/NORWOOD     ,31  COMMERCIAL VACANT LAND                  ,1B,3304.0,171.0, ,V0,EAST 197 STREET                          ,            ,10458.0,0.0,0.0,0.0,5765.0,0.0,0.0,4.0,V1,0.0,2009-01-16,Unknown,2009_bronx.xls,1,D4,1,D4,2.0,72000,88000,6.8,2.0,5.0,,,,,2,,
2.0,BEDFORD PARK/NORWOOD     ,33  EDUCATIONAL FACILITIES                  ,4,3278.0,14.0, ,W1,2703 WEBSTER AVENUE                      ,            ,10458.0,0.0,0.0,0.0,40000.0,98000.0,1998.0,4.0,W1,0.0,2009-04-27,Unknown,2009_bronx.xls,1,D4,1,D4,2.0,72000,88000,6.8,2.0,5.0,,0.0,,,2,,
2.0,BELMONT                  ,02  TWO FAMILY HOMES                        ,1,3058.0,71.0, ,B2,2438 LORILLARD PLACE                     ,            ,10458.0,2.0,0.0,2.0,2437.0,2288.0,1901.0,1.0,B2,336000.0,2009-12-30,Unknown,2009_bronx.xls,1,D4,1,D4,2.0,72000,88000,6.8,2.0,5.3,,146.85314685314685,,,2,,
2.0,BELMONT                  ,02  TWO FAMILY HOMES                        ,1,3058.0,77.0, ,B2,2450 LORILLARD PLACE                     ,            ,10458.0,2.0,0.0,2.0,1979.0,2184.0,1901.0,1.0,B2,0.0,2009-11-11,Unknown,2009_bronx.xls,1,D4,1,D4,2.0,72000,88000,6.8,2.0,5.3,,0.0,2009-11-11,11.0,2,2009.0,108.0
2.0,BELMONT                  ,02  TWO FAMILY HOMES                        ,1,3075.0,20.0, ,B2,2421 CAMBRELENG AVENUE                   ,            ,10458.0,2.0,0.0,2.0,3800.0,3564.0,1910.0,1.0,B2,0.0,2009-09-08,Unknown,2009_bronx.xls,1,D4,1,D4,2.0,72000,88000,6.8,2.0,5.3,,0.0,2009-08-09,8.0,2,2009.0,99.0
2.0,BELMONT                  ,02  TWO FAMILY HOMES                        ,1,3086.0,26.0, ,B1,636 EAST 183RD STREET                    ,            ,10458.0,2.0,0.0,2.0,1875.0,3150.0,1931.0,1.0,B1,407000.0,2009-06-15,Unknown,2009_bronx.xls,1,D4,1,D4,2.0,72000,88000,6.8,2.0,5.3,,129.20634920634922,,,2,,
2.0,BELMONT                  ,02  TWO FAMILY HOMES                        ,1,3086.0,30.0, ,B2,646 EAST 183 STREET                      ,            ,10458.0,2.0,0.0,2.0,1238.0,1908.0,1925.0,1.0,B2,1000.0,2009-03-23,Unknown,2009_bronx.xls,1,D4,1,D4,2.0,72000,88000,6.8,2.0,5.3,,0.5241090146750524,,,2,,
2.0,BELMONT                  ,02  TWO FAMILY HOMES                        ,1,3086.0,61.0, ,B2,650 E 183RD STREET                       ,            ,10458.0,2.0,0.0,2.0,1238.0,1467.0,1925.0,1.0,B2,138918.0,2009-12-15,Unknown,2009_bronx.xls,1,D4,1,D4,2.0,72000,88000,6.8,2.0,5.3,,94.69529652351738,,,2,,
2.0,BELMONT                  ,02  TWO FAMILY HOMES                        ,1,3086.0,61.0, ,B2,650 EAST 183 STREET                      ,            ,10458.0,2.0,0.0,2.0,1238.0,1467.0,1925.0,1.0,B2,0.0,2009-11-19,Unknown,2009_bronx.xls,1,D4,1,D4,2.0,72000,88000,6.8,2.0,5.3,,0.0,,,2,,
2.0,BELMONT                  ,02  TWO FAMILY HOMES                        ,1,3087.0,22.0, ,B2,2321 BELMONT AVENUE                      ,            ,10458.0,2.0,0.0,2.0,8300.0,3000.0,1905.0,1.0,B2,0.0,2009-12-15,Unknown,2009_bronx.xls,1,D4,1,D4,2.0,72000,88000,6.8,2.0,5.3,,0.0,,,2,,
2.0,BELMONT                  ,02  TWO FAMILY HOMES                        ,1,3087.0,42.0, ,B1,2278 HUGHES AVENUE                       ,            ,10458.0,2.0,0.0,2.0,834.0,1440.0,1905.0,1.0,B1,417500.0,2009-09-29,Unknown,2009_bronx.xls,1,D4,1,D4,2.0,72000,88000,6.8,2.0,5.3,,289.93055555555554,,,2,,
2.0,BELMONT                  ,02  TWO FAMILY HOMES                        ,1,3088.0,41.0, ,B3,2315 CAMBRELENG AVENUE                   ,            ,10458.0,2.0,0.0,2.0,5000.0,3068.0,1925.0,1.0,B3,0.0,2009-04-13,Unknown,2009_bronx.xls,1,D4,1,D4,2.0,72000,88000,6.8,2.0,5.3,,0.0,,,2,,
2.0,BELMONT                  ,02  TWO FAMILY HOMES                        ,1,3088.0,45.0, ,B3,2307 CAMBRELENG                          ,            ,10458.0,2.0,0.0,2.0,1558.0,1575.0,1925.0,1.0,B3,0.0,2009-03-04,Unknown,2009_bronx.xls,1,D4,1,D4,2.0,72000,88000,6.8,2.0,5.3,,0.0,2009-04-03,4.0,2,2009.0,84.0
2.0,BELMONT                  ,02  TWO FAMILY HOMES                        ,1,3088.0,47.0, ,S2,2303 CAMBRELENG AVENUE                   ,            ,10458.0,2.0,1.0,3.0,1667.0,2315.0,1930.0,1.0,S2,370044.0,2009-02-09,Unknown,2009_bronx.xls,1,D4,1,D4,2.0,72000,88000,6.8,2.0,5.45,,159.8462203023758,2009-09-02,9.0,2,2009.0,79.0
2.0,BELMONT                  ,02  TWO FAMILY HOMES                        ,1,3088.0,154.0, ,B3,661 EAST 183 STREET                      ,            ,10458.0,2.0,0.0,2.0,1200.0,4506.0,1931.0,1.0,B3,0.0,2009-01-07,Unknown,2009_bronx.xls,1,D4,1,D4,2.0,72000,88000,6.8,2.0,5.3,,0.0,2009-07-01,7.0,2,2009.0,78.0
2.0,BELMONT                  ,02  TWO FAMILY HOMES                        ,1,3089.0,14.0, ,B2,2322 CAMBRELENG AVENUE                   ,            ,10458.0,2.0,0.0,2.0,2500.0,2012.0,1930.0,1.0,B2,200000.0,2009-01-20,Unknown,2009_bronx.xls,1,D4,1,D4,2.0,72000,88000,6.8,2.0,5.3,,99.40357852882704,,,2,,
2.0,BELMONT                  ,02  TWO FAMILY HOMES                        ,1,3089.0,15.0, ,B9,2324 CAMBRELENG                          ,            ,10458.0,2.0,0.0,2.0,2500.0,3622.0,1930.0,1.0,B9,0.0,2009-06-25,Unknown,2009_bronx.xls,1,D4,1,D4,2.0,72000,88000,6.8,2.0,5.3,,0.0,,,2,,
2.0,BELMONT                  ,02  TWO FAMILY HOMES                        ,1,3091.0,53.0, ,B2,2482 CAMBRELENG AVENUE                   ,            ,10458.0,2.0,0.0,2.0,1988.0,1980.0,1920.0,1.0,B2,400000.0,2009-06-26,Unknown,2009_bronx.xls,1,D4,1,D4,2.0,72000,88000,6.8,2.0,5.3,,202.020202020202,,,2,,
2.0,BELMONT                  ,02  TWO FAMILY HOMES                        ,1,3099.0,18.0, ,B2,715 EAST 182ND STREET                    ,            ,10457.0,2.0,0.0,2.0,2500.0,2368.0,1901.0,1.0,B2,425000.0,2009-03-05,Unknown,2009_bronx.xls,1,D4,1,D4,2.0,72000,88000,6.8,2.0,5.3,,179.47635135135135,2009-05-03,5.0,2,2009.0,108.0
2.0,BELMONT                  ,02  TWO FAMILY HOMES                        ,1,3100.0,12.0, ,B2,781 GARDEN STREET                        ,            ,10460.0,2.0,0.0,2.0,2500.0,2532.0,1905.0,1.0,B2,210000.0,2009-12-21,Unknown,2009_bronx.xls,1,D4,1,D4,2.0,72000,88000,6.8,2.0,5.3,,82.93838862559242,,,2,,
2.0,BELMONT                  ,02  TWO FAMILY HOMES                        ,1,3100.0,12.0, ,B2,781 GARDEN STREET                        ,            ,10460.0,2.0,0.0,2.0,2500.0,2532.0,1905.0,1.0,B2,428786.0,2009-01-26,Unknown,2009_bronx.xls,1,D4,1,D4,2.0,72000,88000,6.8,2.0,5.3,,169.3467614533965,,,2,,
2.0,BELMONT                  ,02  TWO FAMILY HOMES                        ,1,3101.0,19.0, ,B9,2255 CROTONA AVENUE                      ,            ,10457.0,2.0,0.0,2.0,1716.0,2251.0,1970.0,1.0,B9,0.0,2009-01-20,Unknown,2009_bronx.xls,1,D4,1,D4,2.0,72000,88000,6.8,2.0,5.3,,0.0,,,2,,
2.0,BELMONT                  ,02  TWO FAMILY HOMES                        ,1,3273.0,203.0, ,B2,2533 CAMBRELENG AVENUE                   ,            ,10458.0,2.0,0.0,2.0,5000.0,3272.0,1920.0,1.0,B2,731000.0,2009-08-03,Unknown,2009_bronx.xls,1,D4,1,D4,2.0,72000,88000,6.8,2.0,5.3,,223.41075794621028,2009-03-08,3.0,2,2009.0,89.0
2.0,BELMONT                  ,02  TWO FAMILY HOMES                        ,1,3273.0,206.0, ,B2,2539 CAMBRELENG AVENUE                   ,            ,10458.0,2.0,0.0,2.0,2467.0,1296.0,1920.0,1.0,B2,500000.0,2009-05-21,Unknown,2009_bronx.xls,1,D4,1,D4,2.0,72000,88000,6.8,2.0,5.3,,385.8024691358025,,,2,,
2.0,BELMONT                  ,03  THREE FAMILY HOMES                      ,1,3054.0,34.0, ,C0,2365 HOFFMAN STREET                      ,            ,10458.0,3.0,0.0,3.0,2369.0,3450.0,1901.0,1.0,C0,0.0,2009-05-05,Unknown,2009_bronx.xls,1,D4,1,D4,2.0,72000,88000,6.8,2.0,5.45,,0.0,2009-05-05,5.0,2,2009.0,108.0
2.0,BELMONT                  ,03  THREE FAMILY HOMES                      ,1,3056.0,33.0, ,C0,2406 BATHGATE AVENUE                     ,            ,10458.0,3.0,0.0,3.0,1800.0,3048.0,1910.0,1.0,C0,471277.0,2009-07-20,Unknown,2009_bronx.xls,1,D4,1,D4,2.0,72000,88000,6.8,2.0,5.45,,154.61843832020998,,,2,,
2.0,BELMONT                  ,03  THREE FAMILY HOMES                      ,1,3058.0,89.0, ,C0,2469 HOFFMAN STREET                      ,            ,10458.0,3.0,0.0,3.0,1624.0,2408.0,1901.0,1.0,C0,410000.0,2009-05-29,Unknown,2009_bronx.xls,1,D4,1,D4,2.0,72000,88000,6.8,2.0,5.45,,170.265780730897,,,2,,
2.0,BELMONT                  ,03  THREE FAMILY HOMES                      ,1,3059.0,60.0, ,C0,2498 BATHGATE AVENUE                     ,            ,10458.0,3.0,0.0,3.0,2058.0,2980.0,1901.0,1.0,C0,525000.0,2009-08-25,Unknown,2009_bronx.xls,1,D4,1,D4,2.0,72000,88000,6.8,2.0,5.45,,176.1744966442953,,,2,,
2.0,BELMONT                  ,03  THREE FAMILY HOMES                      ,  ,3066.0,45.0, ,  ,574 EAST 189TH STREET                    ,            ,10458.0,0.0,0.0,0.0,0.0,0.0,0.0,1.0,C0,0.0,2009-04-06,Unknown,2009_bronx.xls,1,D4,1,D4,2.0,72000,88000,6.8,2.0,5.0,,,2009-06-04,6.0,2,2009.0,200.0
2.0,BELMONT                  ,03  THREE FAMILY HOMES                      ,1,3066.0,145.0, ,C0,574 EAST 189 STREET                      ,            ,10458.0,3.0,0.0,3.0,1510.0,2868.0,2009.0,1.0,C0,0.0,2009-11-11,Unknown,2009_bronx.xls,1,D4,1,D4,2.0,72000,88000,6.8,2.0,5.45,,0.0,2009-11-11,11.0,2,2009.0,0.0
2.0,BELMONT                  ,03  THREE FAMILY HOMES                      ,1,3066.0,146.0, ,C0,576 EAST 189 STREET                      ,            ,10458.0,3.0,0.0,3.0,1634.0,2785.0,2009.0,1.0,C0,0.0,2009-11-11,Unknown,2009_bronx.xls,1,D4,1,D4,2.0,72000,88000,6.8,2.0,5.45,,0.0,2009-11-11,11.0,2,2009.0,0.0
2.0,BELMONT                  ,03  THREE FAMILY HOMES                      ,1,3066.0,147.0, ,C0,578 EAST 189 STREET                      ,            ,10458.0,3.0,0.0,3.0,1489.0,2702.0,2009.0,1.0,C0,0.0,2009-11-11,Unknown,2009_bronx.xls,1,D4,1,D4,2.0,72000,88000,6.8,2.0,5.45,,0.0,2009-11-11,11.0,2,2009.0,0.0
2.0,BELMONT                  ,03  THREE FAMILY HOMES                      ,1,3086.0,16.0, ,C0,2246 HUGHES AVENUE                       ,            ,10457.0,3.0,0.0,3.0,1817.0,3543.0,1905.0,1.0,C0,0.0,2009-06-05,Unknown,2009_bronx.xls,1,D4,1,D4,2.0,72000,88000,6.8,2.0,5.45,,0.0,2009-05-06,5.0,2,2009.0,104.0
2.0,BELMONT                  ,03  THREE FAMILY HOMES                      ,1,3087.0,41.0, ,C0,2276 HUGHES AVENUE                       ,            ,10458.0,3.0,0.0,3.0,833.0,2160.0,1905.0,1.0,C0,196000.0,2009-01-16,Unknown,2009_bronx.xls,1,D4,1,D4,2.0,72000,88000,6.8,2.0,5.45,,90.74074074074076,,,2,,
2.0,BELMONT                  ,03  THREE FAMILY HOMES                      ,1,3099.0,130.0, ,C0,728 GARDEN STREET                        ,            ,10457.0,3.0,0.0,3.0,2000.0,2820.0,1997.0,1.0,C0,0.0,2009-03-19,Unknown,2009_bronx.xls,1,D4,1,D4,2.0,72000,88000,6.8,2.0,5.45,,0.0,,,2,,
2.0,BELMONT                  ,03  THREE FAMILY HOMES                      ,1,3102.0,27.0, ,C0,2364 CROTONA AVENUE                      ,            ,10458.0,3.0,0.0,3.0,2000.0,4092.0,1901.0,1.0,C0,496980.0,2009-12-16,Unknown,2009_bronx.xls,1,D4,1,D4,2.0,72000,88000,6.8,2.0,5.45,,121.4516129032258,,,2,,
2.0,BELMONT                  ,03  THREE FAMILY HOMES                      ,1,3114.0,44.0, ,C0,2346 PROSPECT AVENUE                     ,            ,10458.0,3.0,0.0,3.0,8067.0,3330.0,1899.0,1.0,C0,520000.0,2009-01-15,Unknown,2009_bronx.xls,1,D4,1,D4,2.0,72000,88000,6.8,2.0,5.45,,156.15615615615616,,,2,,
2.0,BELMONT                  ,03  THREE FAMILY HOMES                      ,1,3115.0,39.0, ,C0,2449 SOUTHERN BOULEVARD                  ,            ,10458.0,3.0,0.0,3.0,1563.0,3096.0,1925.0,1.0,C0,269500.0,2009-11-23,Unknown,2009_bronx.xls,1,D4,1,D4,2.0,72000,88000,6.8,2.0,5.45,,87.04780361757106,,,2,,
2.0,BELMONT                  ,03  THREE FAMILY HOMES                      ,1,3115.0,39.0, ,C0,2449 SOUTHERN BOULEVARD                  ,            ,10458.0,3.0,0.0,3.0,1563.0,3096.0,1925.0,1.0,C0,2764.0,2009-03-16,Unknown,2009_bronx.xls,1,D4,1,D4,2.0,72000,88000,6.8,2.0,5.45,,0.8927648578811369,,,2,,
2.0,BELMONT                  ,05  TAX CLASS 1 VACANT LAND                 ,2B,3086.0,37.0, ,C1,2229 BELMONT AVENUE                      ,            ,10457.0,8.0,0.0,8.0,2900.0,7496.0,2010.0,1.0,V0,140000.0,2009-08-25,Unknown,2009_bronx.xls,1,D4,1,D4,2.0,72000,88000,6.8,2.0,6.2,,18.676627534685167,,,2,,
2.0,BELMONT                  ,05  TAX CLASS 1 VACANT LAND                 ,1B,3088.0,39.0, ,V0,CAMBRELENG AVENUE                        ,            ,10458.0,0.0,0.0,0.0,5000.0,0.0,0.0,1.0,V0,0.0,2009-04-13,Unknown,2009_bronx.xls,1,D4,1,D4,2.0,72000,88000,6.8,2.0,5.0,,,,,2,,
2.0,BELMONT                  ,07  RENTALS - WALKUP APARTMENTS             ,2,3067.0,24.0, ,C1,2501 HOFFMAN STREET                      ,            ,10458.0,27.0,0.0,27.0,4000.0,17812.0,1911.0,2.0,C1,0.0,2009-06-17,Unknown,2009_bronx.xls,1,D4,1,D4,2.0,72000,88000,6.8,2.0,9.05,,0.0,,,2,,
2.0,BELMONT                  ,07  RENTALS - WALKUP APARTMENTS             ,2,3071.0,42.0, ,C1,2226 ADAMS PLACE                         ,            ,10457.0,16.0,0.0,16.0,3325.0,14652.0,1931.0,2.0,C1,1280000.0,2009-09-22,Unknown,2009_bronx.xls,1,D4,1,D4,2.0,72000,88000,6.8,2.0,7.4,,87.36008736008736,,,2,,
2.0,BELMONT                  ,07  RENTALS - WALKUP APARTMENTS             ,2B,3076.0,29.0, ,C7,623 EAST 188TH STREET                    ,            ,10458.0,8.0,1.0,9.0,1748.0,6260.0,0.0,2.0,C7,950000.0,2009-04-29,Unknown,2009_bronx.xls,1,D4,1,D4,2.0,72000,88000,6.8,2.0,6.35,,151.75718849840257,,,2,,
2.0,BELMONT                  ,07  RENTALS - WALKUP APARTMENTS             ,2,3089.0,61.0, ,C1,2307 BEAUMONT AVENUE                     ,            ,10458.0,25.0,0.0,25.0,6000.0,20920.0,1928.0,2.0,C1,1637500.0,2009-04-27,Unknown,2009_bronx.xls,1,D4,1,D4,2.0,72000,88000,6.8,2.0,8.75,,78.27437858508604,,,2,,
2.0,BELMONT                  ,07  RENTALS - WALKUP APARTMENTS             ,2,3090.0,54.0, ,C1,690 EAST 189TH STREET                    ,            ,10458.0,34.0,0.0,34.0,7284.0,32560.0,1913.0,2.0,C1,2345000.0,2009-11-04,Unknown,2009_bronx.xls,1,D4,1,D4,2.0,72000,88000,6.8,2.0,10.0,,72.02088452088452,2009-04-11,4.0,2,2009.0,96.0
2.0,BELMONT                  ,07  RENTALS - WALKUP APARTMENTS             ,2B,3103.0,65.0, ,C7,711 EAST 183 STREET                      ,            ,10458.0,7.0,2.0,9.0,2400.0,8640.0,1911.0,2.0,C7,610588.0,2009-08-31,Unknown,2009_bronx.xls,1,D4,1,D4,2.0,72000,88000,6.8,2.0,6.35,,70.66990740740741,,,2,,
2.0,BELMONT                  ,07  RENTALS - WALKUP APARTMENTS             ,2,3104.0,53.0, ,C1,2415 PROSPECT AVENUE                     ,            ,10458.0,26.0,0.0,26.0,4750.0,20750.0,1916.0,2.0,C1,3650000.0,2009-05-05,Unknown,2009_bronx.xls,1,D4,1,D4,2.0,72000,88000,6.8,2.0,8.9,,175.90361445783134,2009-05-05,5.0,2,2009.0,93.0
2.0,BELMONT                  ,07  RENTALS - WALKUP APARTMENTS             ,2,3104.0,55.0, ,C1,2411 PROSPECT AVENUE                     ,            ,10458.0,26.0,0.0,26.0,4750.0,20751.0,1916.0,2.0,C1,0.0,2009-05-05,Unknown,2009_bronx.xls,1,D4,1,D4,2.0,72000,88000,6.8,2.0,8.9,,0.0,2009-05-05,5.0,2,2009.0,93.0
2.0,BELMONT                  ,12  CONDOS - WALKUP APARTMENTS              ,2,3103.0,1008.0, ,R2,2320 BEAUMONT AVENUE                     ,1D          ,10458.0,1.0,0.0,1.0,0.0,0.0,0.0,2.0,R2,295000.0,2009-04-10,Unknown,2009_bronx.xls,1,D4,1,D4,2.0,72000,88000,6.8,2.0,5.15,,,2009-10-04,10.0,2,2009.0,200.0
2.0,BELMONT                  ,12  CONDOS - WALKUP APARTMENTS              ,2,3103.0,1009.0, ,R2,2316 BEAUMONT AVENUE                     ,1A          ,10458.0,1.0,0.0,1.0,0.0,0.0,0.0,2.0,R2,190000.0,2009-06-03,Unknown,2009_bronx.xls,1,D4,1,D4,2.0,72000,88000,6.8,2.0,5.15,,,2009-03-06,3.0,2,2009.0,200.0
2.0,BELMONT                  ,12  CONDOS - WALKUP APARTMENTS              ,2,3103.0,1010.0, ,R2,2316 BEAUMONT AVENUE                     ,1B          ,10458.0,1.0,0.0,1.0,0.0,0.0,0.0,2.0,R2,295000.0,2009-01-27,Unknown,2009_bronx.xls,1,D4,1,D4,2.0,72000,88000,6.8,2.0,5.15,,,,,2,,
2.0,BELMONT                  ,12  CONDOS - WALKUP APARTMENTS              ,2,3103.0,1014.0, ,R2,2324 BEAUMONT AVENUE                     ,2D          ,10458.0,1.0,0.0,1.0,0.0,0.0,0.0,2.0,R2,295000.0,2009-01-08,Unknown,2009_bronx.xls,1,D4,1,D4,2.0,72000,88000,6.8,2.0,5.15,,,2009-08-01,8.0,2,2009.0,200.0
2.0,BELMONT                  ,12  CONDOS - WALKUP APARTMENTS              ,2,3103.0,1031.0, ,R2,2324 BEAUMONT AVENUE                     ,4A          ,10458.0,1.0,0.0,1.0,0.0,0.0,0.0,2.0,R2,295000.0,2009-02-11,Unknown,2009_bronx.xls,1,D4,1,D4,2.0,72000,88000,6.8,2.0,5.15,,,2009-11-02,11.0,2,2009.0,200.0
2.0,BELMONT                  ,14  RENTALS - 4-10 UNIT                     ,2A,3075.0,18.0, ,S9,2423 CAMBRELENG AVENUE                   ,            ,10458.0,3.0,2.0,5.0,1900.0,3400.0,1931.0,2.0,S9,25000.0,2009-02-28,Unknown,2009_bronx.xls,1,D4,1,D4,2.0,72000,88000,6.8,2.0,5.75,,7.352941176470588,,,2,,
2.0,BELMONT                  ,22  STORE BUILDINGS                         ,4,3055.0,2.0, ,K1,4586 3 AVENUE                            ,            ,10458.0,0.0,2.0,2.0,2470.0,1812.0,1931.0,4.0,K1,0.0,2009-03-12,Unknown,2009_bronx.xls,1,D4,1,D4,2.0,72000,88000,6.8,2.0,5.3,,0.0,2009-12-03,12.0,2,2009.0,78.0
2.0,BELMONT                  ,22  STORE BUILDINGS                         ,4,3073.0,18.0, ,K1,2354 ARTHUR AVENUE                       ,            ,10458.0,0.0,1.0,1.0,2144.0,1000.0,1931.0,4.0,K1,0.0,2009-12-04,Unknown,2009_bronx.xls,1,D4,1,D4,2.0,72000,88000,6.8,2.0,5.15,,0.0,2009-04-12,4.0,2,2009.0,78.0
2.0,BELMONT                  ,22  STORE BUILDINGS                         ,4,3073.0,32.0, ,K2,603 CRESCENT AVE                         ,            ,10458.0,0.0,2.0,2.0,1746.0,3242.0,1931.0,4.0,K2,0.0,2009-09-22,Unknown,2009_bronx.xls,1,D4,1,D4,2.0,72000,88000,6.8,2.0,5.3,,0.0,,,2,,
2.0,BELMONT                  ,22  STORE BUILDINGS                         ,4,3073.0,48.0, ,K4,610 EAST 187TH STREET                    ,            ,10458.0,2.0,1.0,3.0,2500.0,4005.0,1903.0,4.0,K1,800000.0,2009-10-13,Unknown,2009_bronx.xls,1,D4,1,D4,2.0,72000,88000,6.8,2.0,5.45,,199.75031210986268,,,2,,
2.0,BELMONT                  ,22  STORE BUILDINGS                         ,4,3273.0,265.0, ,K9,585 EAST FORDHAM ROAD                    ,            ,10458.0,0.0,2.0,2.0,6475.0,12946.0,1931.0,4.0,K9,1600000.0,2009-04-23,Unknown,2009_bronx.xls,1,D4,1,D4,2.0,72000,88000,6.8,2.0,5.3,,123.59029816159432,,,2,,
2.0,BELMONT                  ,27  FACTORIES                               ,4,3055.0,6.0, ,F1,2370 BATHGATE AVENUE                     ,            ,10458.0,0.0,1.0,1.0,2250.0,1250.0,1977.0,4.0,F1,310000.0,2009-03-12,Unknown,2009_bronx.xls,1,D4,1,D4,2.0,72000,88000,6.8,2.0,5.15,,248.0,2009-12-03,12.0,2,2009.0,32.0
2.0,BELMONT                  ,29  COMMERCIAL GARAGES                      ,4,3066.0,53.0, ,G2,2465 ARTHUR AVENUE                       ,            ,10458.0,0.0,1.0,1.0,2792.0,2792.0,1931.0,4.0,G2,825000.0,2009-03-03,Unknown,2009_bronx.xls,1,D4,1,D4,2.0,72000,88000,6.8,2.0,5.15,,295.487106017192,2009-03-03,3.0,2,2009.0,78.0
2.0,BELMONT                  ,29  COMMERCIAL GARAGES                      ,4,3066.0,54.0, ,G9,ARTHUR AVENUE                            ,            ,10458.0,0.0,1.0,1.0,2794.0,538.0,1931.0,4.0,G9,0.0,2009-03-03,Unknown,2009_bronx.xls,1,D4,1,D4,2.0,72000,88000,6.8,2.0,5.15,,0.0,2009-03-03,3.0,2,2009.0,78.0
2.0,BELMONT                  ,31  COMMERCIAL VACANT LAND                  ,4,3091.0,119.0, ,V1,CAMBRELENG AVENUE                        ,            ,10458.0,0.0,0.0,0.0,949.0,0.0,0.0,4.0,V1,0.0,2009-06-26,Unknown,2009_bronx.xls,1,D4,1,D4,2.0,72000,88000,6.8,2.0,5.0,,,,,2,,
2.0,BELMONT                  ,31  COMMERCIAL VACANT LAND                  ,4,3273.0,300.0, ,K2,553 EAST FORDHAM ROAD                    ,            ,10458.0,0.0,2.0,2.0,2500.0,2500.0,2009.0,4.0,V1,480000.0,2009-01-05,Unknown,2009_bronx.xls,1,D4,1,D4,2.0,72000,88000,6.8,2.0,5.3,,192.0,2009-05-01,5.0,2,2009.0,0.0
2.0,BELMONT                  ,37  RELIGIOUS FACILITIES                    ,4,3100.0,55.0, ,M9,2277 SOUTHERN BLVD                       ,            ,10460.0,3.0,0.0,3.0,2398.0,4099.0,1930.0,4.0,M9,0.0,2009-08-11,Unknown,2009_bronx.xls,1,D4,1,D4,2.0,72000,88000,6.8,2.0,5.45,,0.0,2009-11-08,11.0,2,2009.0,79.0
2.0,BELMONT                  ,41  TAX CLASS 4 - OTHER                     ,4,3066.0,22.0, ,Z9,2421 ARTHUR AVENUE                       ,            ,10458.0,0.0,1.0,1.0,2825.0,8475.0,1997.0,4.0,Z9,100000.0,2009-06-17,Unknown,2009_bronx.xls,1,D4,1,D4,2.0,72000,88000,6.8,2.0,5.15,,11.799410029498524,,,2,,
2.0,BRONX PARK               ,29  COMMERCIAL GARAGES                      ,4,3357.0,111.0, ,G9,3290 WEBSTER AVENUE                      ,            ,10467.0,0.0,1.0,1.0,9788.0,1162.0,1957.0,4.0,G2,0.0,2009-10-23,Unknown,2009_bronx.xls,1,D4,1,D4,2.0,72000,88000,6.8,2.0,5.15,,0.0,,,2,,
2.0,BRONXDALE                ,01  ONE FAMILY HOMES                        ,1,4337.0,85.0, ,A1,631 PELHAM PARKWAY                       ,            ,10467.0,1.0,0.0,1.0,7400.0,5350.0,1925.0,1.0,A1,0.0,2009-12-30,Unknown,2009_bronx.xls,1,D4,1,D4,2.0,72000,88000,6.8,2.0,5.15,,0.0,,,2,,
2.0,BRONXDALE                ,01  ONE FAMILY HOMES                        ,2B,4435.0,21.0, ,C1,2538 HOLLAND AVENUE                      ,            ,10467.0,8.0,0.0,8.0,5000.0,11000.0,2011.0,1.0,A1,475000.0,2009-10-20,Unknown,2009_bronx.xls,1,D4,1,D4,2.0,72000,88000,6.8,2.0,6.2,,43.18181818181818,,,2,,
2.0,BRONXDALE                ,01  ONE FAMILY HOMES                        ,1,4435.0,49.0, ,A1,2511 WALLACE AVENUE                      ,            ,10467.0,1.0,0.0,1.0,3000.0,1788.0,1910.0,1.0,A1,0.0,2009-09-10,Unknown,2009_bronx.xls,1,D4,1,D4,2.0,72000,88000,6.8,2.0,5.15,,0.0,2009-10-09,10.0,2,2009.0,99.0
2.0,BRONXDALE                ,01  ONE FAMILY HOMES                        ,1,4510.0,51.0, ,A1,2727 HOLLAND AVENUE                      ,            ,10467.0,1.0,0.0,1.0,2500.0,1524.0,1925.0,1.0,A1,270000.0,2009-09-29,Unknown,2009_bronx.xls,1,D4,1,D4,2.0,72000,88000,6.8,2.0,5.15,,177.16535433070865,,,2,,
2.0,BRONXDALE                ,01  ONE FAMILY HOMES                        ,1,4519.0,23.0, ,A1,2760 HONE AVENUE                         ,            ,10469.0,1.0,0.0,1.0,2500.0,1332.0,1925.0,1.0,A1,0.0,2009-07-30,Unknown,2009_bronx.xls,1,D4,1,D4,2.0,72000,88000,6.8,2.0,5.15,,0.0,,,2,,
2.0,BRONXDALE                ,01  ONE FAMILY HOMES                        ,1,4520.0,39.0, ,A2,2749 LACONIA AVENUE                      ,            ,10469.0,1.0,0.0,1.0,5000.0,2680.0,1920.0,1.0,A2,0.0,2009-10-14,Unknown,2009_bronx.xls,1,D4,1,D4,2.0,72000,88000,6.8,2.0,5.15,,0.0,,,2,,
2.0,BRONXDALE                ,01  ONE FAMILY HOMES                        ,1,4520.0,56.0, ,A5,1093 ALLERTON AVENUE                     ,            ,10469.0,1.0,0.0,1.0,1746.0,2015.0,1960.0,1.0,A5,0.0,2009-04-23,Unknown,2009_bronx.xls,1,D4,1,D4,2.0,72000,88000,6.8,2.0,5.15,,0.0,,,2,,
2.0,BRONXDALE                ,01  ONE FAMILY HOMES                        ,1,4521.0,20.0, ,A5,2730 LACONIA AVENUE                      ,            ,10469.0,1.0,0.0,1.0,2500.0,2100.0,1955.0,1.0,A5,380000.0,2009-09-29,Unknown,2009_bronx.xls,1,D4,1,D4,2.0,72000,88000,6.8,2.0,5.15,,180.95238095238096,,,2,,
2.0,BRONXDALE                ,01  ONE FAMILY HOMES                        ,1,4522.0,21.0, ,A1,2752 YATES AVENUE                        ,            ,10469.0,1.0,0.0,1.0,5000.0,1488.0,1915.0,1.0,A1,0.0,2009-01-21,Unknown,2009_bronx.xls,1,D4,1,D4,2.0,72000,88000,6.8,2.0,5.15,,0.0,,,2,,
2.0,BRONXDALE                ,01  ONE FAMILY HOMES                        ,1,4523.0,43.0, ,A5,2735 TENBROECK AVENUE                    ,            ,10469.0,1.0,0.0,1.0,2150.0,1088.0,1950.0,1.0,A5,325000.0,2009-12-17,Unknown,2009_bronx.xls,1,D4,1,D4,2.0,72000,88000,6.8,2.0,5.15,,298.7132352941176,,,2,,
2.0,BRONXDALE                ,01  ONE FAMILY HOMES                        ,1,4525.0,6.0, ,A5,2718 PEARSALL AVENUE                     ,            ,10469.0,1.0,0.0,1.0,2100.0,2088.0,1940.0,1.0,A5,400000.0,2009-12-29,Unknown,2009_bronx.xls,1,D4,1,D4,2.0,72000,88000,6.8,2.0,5.15,,191.57088122605364,,,2,,
2.0,BRONXDALE                ,01  ONE FAMILY HOMES                        ,1,4531.0,55.0, ,A1,2737 MORGAN AVENUE                       ,            ,10469.0,1.0,0.0,1.0,2500.0,926.0,1920.0,1.0,A1,345000.0,2009-10-16,Unknown,2009_bronx.xls,1,D4,1,D4,2.0,72000,88000,6.8,2.0,5.15,,372.5701943844492,,,2,,
2.0,BRONXDALE                ,01  ONE FAMILY HOMES                        ,1,4531.0,60.0, ,A1,2729 MORGAN AVENUE                       ,            ,10469.0,1.0,0.0,1.0,2500.0,1700.0,1930.0,1.0,A1,350000.0,2009-08-18,Unknown,2009_bronx.xls,1,D4,1,D4,2.0,72000,88000,6.8,2.0,5.15,,205.8823529411765,,,2,,
2.0,BRONXDALE                ,01  ONE FAMILY HOMES                        ,1,4532.0,28.0, ,A5,2750 MORGAN AVENUE                       ,            ,10469.0,1.0,0.0,1.0,1675.0,1408.0,1940.0,1.0,A5,380000.0,2009-07-30,Unknown,2009_bronx.xls,1,D4,1,D4,2.0,72000,88000,6.8,2.0,5.15,,269.8863636363636,,,2,,
2.0,BRONXDALE                ,01  ONE FAMILY HOMES                        ,1,4535.0,77.0, ,A5,2705 MICKLE AVENUE                       ,            ,10469.0,1.0,0.0,1.0,3104.0,2695.0,1955.0,1.0,A5,0.0,2009-09-18,Unknown,2009_bronx.xls,1,D4,1,D4,2.0,72000,88000,6.8,2.0,5.15,,0.0,,,2,,
2.0,BRONXDALE                ,01  ONE FAMILY HOMES                        ,1,4539.0,5.0, ,A1,1672 E GUN HILL RD                       ,            ,10469.0,1.0,0.0,1.0,3773.0,1703.0,1920.0,1.0,A1,0.0,2009-06-05,Unknown,2009_bronx.xls,1,D4,1,D4,2.0,72000,88000,6.8,2.0,5.15,,0.0,2009-05-06,5.0,2,2009.0,89.0
2.0,BRONXDALE                ,01  ONE FAMILY HOMES                        ,1,4555.0,56.0, ,A9,2919 HONE AVENUE                         ,            ,10469.0,1.0,0.0,1.0,4777.0,997.0,1920.0,1.0,A9,498000.0,2009-06-30,Unknown,2009_bronx.xls,1,D4,1,D4,2.0,72000,88000,6.8,2.0,5.15,,499.4984954864594,,,2,,
2.0,BRONXDALE                ,01  ONE FAMILY HOMES                        ,1,4556.0,63.0, ,A5,2911 LURTING AVENUE                      ,            ,10469.0,1.0,0.0,1.0,2500.0,1472.0,1950.0,1.0,A5,0.0,2009-06-05,Unknown,2009_bronx.xls,1,D4,1,D4,2.0,72000,88000,6.8,2.0,5.15,,0.0,2009-05-06,5.0,2,2009.0,59.0
2.0,BRONXDALE                ,01  ONE FAMILY HOMES                        ,1,4557.0,20.0, ,A5,2930 LURTING AVENUE                      ,            ,10469.0,1.0,0.0,1.0,1775.0,1683.0,1950.0,1.0,A5,340000.0,2009-08-13,Unknown,2009_bronx.xls,1,D4,1,D4,2.0,72000,88000,6.8,2.0,5.15,,202.020202020202,,,2,,
2.0,BRONXDALE                ,01  ONE FAMILY HOMES                        ,1,4557.0,21.0, ,A5,2932 LURTING AVENUE                      ,            ,10469.0,1.0,0.0,1.0,1800.0,1683.0,1950.0,1.0,A5,424000.0,2009-01-09,Unknown,2009_bronx.xls,1,D4,1,D4,2.0,72000,88000,6.8,2.0,5.15,,251.9310754604872,2009-09-01,9.0,2,2009.0,59.0
2.0,BRONXDALE                ,01  ONE FAMILY HOMES                        ,1,4557.0,38.0, ,A5,2971 LACONIA AVENUE                      ,            ,10469.0,1.0,0.0,1.0,2000.0,1732.0,1950.0,1.0,A5,335000.0,2009-03-04,Unknown,2009_bronx.xls,1,D4,1,D4,2.0,72000,88000,6.8,2.0,5.15,,193.41801385681293,2009-04-03,4.0,2,2009.0,59.0
2.0,BRONXDALE                ,01  ONE FAMILY HOMES                        ,1,4559.0,61.0, ,A5,2923 HERING AVENUE                       ,            ,10469.0,1.0,0.0,1.0,1650.0,1632.0,1955.0,1.0,A5,432355.0,2009-04-20,Unknown,2009_bronx.xls,1,D4,1,D4,2.0,72000,88000,6.8,2.0,5.15,,264.9234068627451,,,2,,
2.0,BRONXDALE                ,01  ONE FAMILY HOMES                        ,1,4560.0,31.0, ,A5,1162 ADEE AVENUE                         ,            ,10469.0,1.0,0.0,1.0,1225.0,1440.0,1950.0,1.0,A5,260000.0,2009-10-05,Unknown,2009_bronx.xls,1,D4,1,D4,2.0,72000,88000,6.8,2.0,5.15,,180.55555555555557,2009-05-10,5.0,2,2009.0,59.0
2.0,BRONXDALE                ,01  ONE FAMILY HOMES                        ,1,4560.0,31.0, ,A5,1162 ADEE AVENUE                         ,            ,10469.0,1.0,0.0,1.0,1225.0,1440.0,1950.0,1.0,A5,296976.0,2009-06-15,Unknown,2009_bronx.xls,1,D4,1,D4,2.0,72000,88000,6.8,2.0,5.15,,206.2333333333333,,,2,,
2.0,BRONXDALE                ,01  ONE FAMILY HOMES                        ,1,4560.0,54.0, ,A5,2913 TENBROECK AVENUE                    ,            ,10469.0,1.0,0.0,1.0,2067.0,1584.0,1950.0,1.0,A5,170000.0,2009-10-15,Unknown,2009_bronx.xls,1,D4,1,D4,2.0,72000,88000,6.8,2.0,5.15,,107.32323232323232,,,2,,
2.0,BRONXDALE                ,01  ONE FAMILY HOMES                        ,1,4561.0,41.0, ,A5,2953 PEARSALL AVENUE                     ,            ,10469.0,1.0,0.0,1.0,1800.0,1728.0,1950.0,1.0,A5,0.0,2009-11-03,Unknown,2009_bronx.xls,1,D4,1,D4,2.0,72000,88000,6.8,2.0,5.15,,0.0,2009-03-11,3.0,2,2009.0,59.0
2.0,BRONXDALE                ,01  ONE FAMILY HOMES                        ,1,4562.0,55.0, ,A9,2925 THROOP AVENUE                       ,            ,10469.0,1.0,0.0,1.0,2500.0,1536.0,1935.0,1.0,A9,0.0,2009-07-08,Unknown,2009_bronx.xls,1,D4,1,D4,2.0,72000,88000,6.8,2.0,5.15,,0.0,2009-08-07,8.0,2,2009.0,74.0
2.0,BRONXDALE                ,01  ONE FAMILY HOMES                        ,1,4564.0,45.0, ,A1,2780 SEXTON PLACE                        ,            ,10469.0,1.0,0.0,1.0,3135.0,2180.0,1955.0,1.0,A1,607500.0,2009-11-30,Unknown,2009_bronx.xls,1,D4,1,D4,2.0,72000,88000,6.8,2.0,5.15,,278.6697247706422,,,2,,
2.0,BRONXDALE                ,01  ONE FAMILY HOMES                        ,1,4564.0,162.0, ,A5,2863 DEWITT PLACE                        ,            ,10469.0,1.0,0.0,1.0,1520.0,1536.0,1950.0,1.0,A5,0.0,2009-05-23,Unknown,2009_bronx.xls,1,D4,1,D4,2.0,72000,88000,6.8,2.0,5.15,,0.0,,,2,,
2.0,BRONXDALE                ,01  ONE FAMILY HOMES                        ,1,4564.0,164.0, ,A5,2859 DEWITT PLACE                        ,            ,10469.0,1.0,0.0,1.0,1520.0,1408.0,1950.0,1.0,A5,295000.0,2009-08-14,Unknown,2009_bronx.xls,1,D4,1,D4,2.0,72000,88000,6.8,2.0,5.15,,209.51704545454547,,,2,,
2.0,BRONXDALE                ,01  ONE FAMILY HOMES                        ,1,4564.0,168.0, ,A5,2711 DEWITT PLACE                        ,            ,10469.0,1.0,0.0,1.0,2945.0,2018.0,1950.0,1.0,A5,265000.0,2009-10-26,Unknown,2009_bronx.xls,1,D4,1,D4,2.0,72000,88000,6.8,2.0,5.15,,131.3181367690783,,,2,,
2.0,BRONXDALE                ,01  ONE FAMILY HOMES                        ,1,4566.0,62.0, ,A5,2937 FENTON AVENUE                       ,            ,10469.0,1.0,0.0,1.0,2000.0,2134.0,1940.0,1.0,A5,361000.0,2009-12-30,Unknown,2009_bronx.xls,1,D4,1,D4,2.0,72000,88000,6.8,2.0,5.15,,169.16588566073102,,,2,,
2.0,BRONXDALE                ,01  ONE FAMILY HOMES                        ,1,4569.0,13.0, ,A5,3024 CRUGER AVENUE                       ,            ,10467.0,1.0,0.0,1.0,1942.0,1152.0,1965.0,1.0,A5,260000.0,2009-01-07,Unknown,2009_bronx.xls,1,D4,1,D4,2.0,72000,88000,6.8,2.0,5.15,,225.69444444444449,2009-07-01,7.0,2,2009.0,44.0
2.0,BRONXDALE                ,01  ONE FAMILY HOMES                        ,1,4575.0,13.0, ,A5,3018 RADCLIFF AVENUE                     ,            ,10469.0,1.0,0.0,1.0,2667.0,1296.0,1950.0,1.0,A5,0.0,2009-08-17,Unknown,2009_bronx.xls,1,D4,1,D4,2.0,72000,88000,6.8,2.0,5.15,,0.0,,,2,,
2.0,BRONXDALE                ,01  ONE FAMILY HOMES                        ,1,4576.0,11.0, ,A1,3014 COLDEN AVENUE                       ,            ,10469.0,1.0,0.0,1.0,1062.0,1528.0,1960.0,1.0,A1,275600.0,2009-05-14,Unknown,2009_bronx.xls,1,D4,1,D4,2.0,72000,88000,6.8,2.0,5.15,,180.36649214659687,,,2,,
2.0,BRONXDALE                ,01  ONE FAMILY HOMES                        ,1,4579.0,50.0, ,A5,3017 LACONIA AVENUE                      ,            ,10469.0,1.0,0.0,1.0,1600.0,1296.0,1960.0,1.0,A5,230000.0,2009-08-20,Unknown,2009_bronx.xls,1,D4,1,D4,2.0,72000,88000,6.8,2.0,5.15,,177.46913580246914,,,2,,
2.0,BRONXDALE                ,01  ONE FAMILY HOMES                        ,1,4579.0,54.0, ,A5,3007 LACONIA AVENUE                      ,            ,10469.0,1.0,0.0,1.0,1800.0,1890.0,1960.0,1.0,A5,238290.0,2009-12-03,Unknown,2009_bronx.xls,1,D4,1,D4,2.0,72000,88000,6.8,2.0,5.15,,126.07936507936508,2009-03-12,3.0,2,2009.0,49.0
2.0,BRONXDALE                ,01  ONE FAMILY HOMES                        ,1,4579.0,54.0, ,A5,3007 LACONIA AVENUE                      ,            ,10469.0,1.0,0.0,1.0,1800.0,1890.0,1960.0,1.0,A5,0.0,2009-12-03,Unknown,2009_bronx.xls,1,D4,1,D4,2.0,72000,88000,6.8,2.0,5.15,,0.0,2009-03-12,3.0,2,2009.0,49.0
2.0,BRONXDALE                ,01  ONE FAMILY HOMES                        ,1,4587.0,2.0, ,A5,2985 YOUNG AVENUE                        ,            ,10469.0,1.0,0.0,1.0,2425.0,1344.0,1950.0,1.0,A5,165000.0,2009-04-27,Unknown,2009_bronx.xls,1,D4,1,D4,2.0,72000,88000,6.8,2.0,5.15,,122.76785714285714,,,2,,
2.0,BRONXDALE                ,01  ONE FAMILY HOMES                        ,1,4587.0,2.0, ,A5,2985 YOUNG AVENUE                        ,            ,10469.0,1.0,0.0,1.0,2425.0,1344.0,1950.0,1.0,A5,0.0,2009-03-07,Unknown,2009_bronx.xls,1,D4,1,D4,2.0,72000,88000,6.8,2.0,5.15,,0.0,2009-07-03,7.0,2,2009.0,59.0
2.0,BRONXDALE                ,01  ONE FAMILY HOMES                        ,1,4587.0,4.0, ,A5,2981 YOUNG AVENUE                        ,            ,10469.0,1.0,0.0,1.0,2025.0,1344.0,1950.0,1.0,A5,320000.0,2009-10-29,Unknown,2009_bronx.xls,1,D4,1,D4,2.0,72000,88000,6.8,2.0,5.15,,238.0952380952381,,,2,,
2.0,BRONXDALE                ,01  ONE FAMILY HOMES                        ,1,4588.0,25.0, ,A5,3046 BOUCK                               ,            ,10469.0,1.0,0.0,1.0,1967.0,1540.0,1950.0,1.0,A5,244000.0,2009-06-12,Unknown,2009_bronx.xls,1,D4,1,D4,2.0,72000,88000,6.8,2.0,5.15,,158.44155844155844,2009-12-06,12.0,2,2009.0,59.0
2.0,BRONXDALE                ,01  ONE FAMILY HOMES                        ,1,4589.0,2.0, ,S1,1319 ADEE AVENUE                         ,            ,10469.0,1.0,1.0,2.0,1600.0,1840.0,1950.0,1.0,A5,196100.0,2009-02-23,Unknown,2009_bronx.xls,1,D4,1,D4,2.0,72000,88000,6.8,2.0,5.3,,106.57608695652172,,,2,,
2.0,BRONXDALE                ,01  ONE FAMILY HOMES                        ,1,4589.0,21.0, ,A9,3026 WILSON AVENUE                       ,            ,10469.0,1.0,0.0,1.0,6250.0,1250.0,1950.0,1.0,A9,0.0,2009-06-15,Unknown,2009_bronx.xls,1,D4,1,D4,2.0,72000,88000,6.8,2.0,5.15,,0.0,,,2,,
2.0,BRONXDALE                ,01  ONE FAMILY HOMES                        ,1,4590.0,25.0, ,A5,3028 YOUNG AVENUE                        ,            ,10469.0,1.0,0.0,1.0,2500.0,1827.0,1965.0,1.0,A5,260000.0,2009-10-29,Unknown,2009_bronx.xls,1,D4,1,D4,2.0,72000,88000,6.8,2.0,5.15,,142.30979748221128,,,2,,
2.0,BRONXDALE                ,01  ONE FAMILY HOMES                        ,1,4599.0,37.0, ,A1,760 NORTH OAK DRIVE                      ,            ,10467.0,1.0,0.0,1.0,4700.0,3082.0,1910.0,1.0,A1,0.0,2009-07-20,Unknown,2009_bronx.xls,1,D4,1,D4,2.0,72000,88000,6.8,2.0,5.15,,0.0,,,2,,
2.0,BRONXDALE                ,01  ONE FAMILY HOMES                        ,1,4604.0,1.0, ,A1,3300 WALLACE                             ,            ,10467.0,1.0,0.0,1.0,3010.0,3061.0,1899.0,1.0,A1,482300.0,2009-07-29,Unknown,2009_bronx.xls,1,D4,1,D4,2.0,72000,88000,6.8,2.0,5.15,,157.562887945116,,,2,,
2.0,BRONXDALE                ,01  ONE FAMILY HOMES                        ,1,4604.0,1.0, ,A1,3300 WALLACE AVENUE                      ,            ,10467.0,1.0,0.0,1.0,3010.0,3061.0,1899.0,1.0,A1,345000.0,2009-01-27,Unknown,2009_bronx.xls,1,D4,1,D4,2.0,72000,88000,6.8,2.0,5.15,,112.70826527278668,,,2,,
2.0,BRONXDALE                ,01  ONE FAMILY HOMES                        ,1,4604.0,18.0, ,A5,784 BARTHOLDI STREET                     ,            ,10467.0,1.0,0.0,1.0,1710.0,1224.0,1965.0,1.0,A5,310000.0,2009-07-14,Unknown,2009_bronx.xls,1,D4,1,D4,2.0,72000,88000,6.8,2.0,5.15,,253.26797385620915,,,2,,
2.0,BRONXDALE                ,01  ONE FAMILY HOMES                        ,1,4606.0,20.0, ,A1,3224 BARNES AVENUE                       ,            ,10467.0,1.0,0.0,1.0,2360.0,1402.0,1920.0,1.0,A1,0.0,2009-06-09,Unknown,2009_bronx.xls,1,D4,1,D4,2.0,72000,88000,6.8,2.0,5.15,,0.0,2009-09-06,9.0,2,2009.0,89.0
2.0,BRONXDALE                ,01  ONE FAMILY HOMES                        ,1,4607.0,23.0, ,A5,3314 BARNES AVENUE                       ,            ,10467.0,1.0,0.0,1.0,1968.0,1392.0,1945.0,1.0,A5,280000.0,2009-11-30,Unknown,2009_bronx.xls,1,D4,1,D4,2.0,72000,88000,6.8,2.0,5.15,,201.1494252873563,,,2,,
2.0,BRONXDALE                ,01  ONE FAMILY HOMES                        ,1,4607.0,42.0, ,A1,3301 BRONXWOOD AVE.                      ,            ,10469.0,1.0,0.0,1.0,6404.0,1940.0,1910.0,1.0,A1,0.0,2009-02-17,Unknown,2009_bronx.xls,1,D4,1,D4,2.0,72000,88000,6.8,2.0,5.15,,0.0,,,2,,
2.0,BRONXDALE                ,01  ONE FAMILY HOMES                        ,1,4611.0,41.0, ,A5,3253 HONE AVENUE                         ,            ,10469.0,1.0,0.0,1.0,1642.0,1280.0,1955.0,1.0,A5,0.0,2009-07-10,Unknown,2009_bronx.xls,1,D4,1,D4,2.0,72000,88000,6.8,2.0,5.15,,0.0,2009-10-07,10.0,2,2009.0,54.0
2.0,BRONXDALE                ,01  ONE FAMILY HOMES                        ,1,4617.0,2.0, ,A5,3209 PEARSALL AVENUE                     ,            ,10469.0,1.0,0.0,1.0,1800.0,1620.0,1955.0,1.0,A5,300000.0,2009-05-29,Unknown,2009_bronx.xls,1,D4,1,D4,2.0,72000,88000,6.8,2.0,5.15,,185.1851851851852,,,2,,
2.0,BRONXDALE                ,01  ONE FAMILY HOMES                        ,1,4617.0,2.0, ,A5,3209 PEARSALL AVENUE                     ,            ,10469.0,1.0,0.0,1.0,1800.0,1620.0,1955.0,1.0,A5,0.0,2009-03-31,Unknown,2009_bronx.xls,1,D4,1,D4,2.0,72000,88000,6.8,2.0,5.15,,0.0,,,2,,
2.0,BRONXDALE                ,01  ONE FAMILY HOMES                        ,1,4617.0,4.0, ,A5,3205 PEARSALL AVENUE                     ,            ,10469.0,1.0,0.0,1.0,1800.0,1620.0,1955.0,1.0,A5,176000.0,2009-10-14,Unknown,2009_bronx.xls,1,D4,1,D4,2.0,72000,88000,6.8,2.0,5.15,,108.64197530864196,,,2,,
2.0,BRONXDALE                ,01  ONE FAMILY HOMES                        ,1,4618.0,43.0, ,A5,3215 THROOP AVENUE                       ,            ,10469.0,1.0,0.0,1.0,2500.0,1402.0,1950.0,1.0,A5,307500.0,2009-03-04,Unknown,2009_bronx.xls,1,D4,1,D4,2.0,72000,88000,6.8,2.0,5.15,,219.32952924393723,2009-04-03,4.0,2,2009.0,59.0
2.0,BRONXDALE                ,01  ONE FAMILY HOMES                        ,1,4623.0,71.0, ,A5,657A ROSEWOOD STREET                     ,            ,10467.0,1.0,0.0,1.0,1678.0,1860.0,1950.0,1.0,A5,0.0,2009-02-28,Unknown,2009_bronx.xls,1,D4,1,D4,2.0,72000,88000,6.8,2.0,5.15,,0.0,,,2,,
2.0,BRONXDALE                ,01  ONE FAMILY HOMES                        ,1,4628.0,16.0, ,A1,3438 OLINVILLE AVENUE                    ,            ,10467.0,1.0,0.0,1.0,2400.0,1800.0,1915.0,1.0,A1,280900.0,2009-06-16,Unknown,2009_bronx.xls,1,D4,1,D4,2.0,72000,88000,6.8,2.0,5.15,,156.05555555555554,,,2,,
2.0,BRONXDALE                ,01  ONE FAMILY HOMES                        ,1,4630.0,6.0, ,A5,733 BARTHOLDI STREET                     ,            ,10467.0,1.0,0.0,1.0,2375.0,1530.0,1945.0,1.0,A5,240000.0,2009-12-08,Unknown,2009_bronx.xls,1,D4,1,D4,2.0,72000,88000,6.8,2.0,5.15,,156.86274509803923,2009-08-12,8.0,2,2009.0,64.0
2.0,BRONXDALE                ,01  ONE FAMILY HOMES                        ,1,4631.0,21.0, ,A5,760 MAGENTA STREET                       ,            ,10467.0,1.0,0.0,1.0,1520.0,1160.0,1945.0,1.0,A5,1000.0,2009-12-14,Unknown,2009_bronx.xls,1,D4,1,D4,2.0,72000,88000,6.8,2.0,5.15,,0.8620689655172413,,,2,,
2.0,BRONXDALE                ,01  ONE FAMILY HOMES                        ,1,4631.0,130.0, ,A5,3367 WALLACE AVENUE                      ,            ,10467.0,1.0,0.0,1.0,1520.0,1160.0,1945.0,1.0,A5,260000.0,2009-02-12,Unknown,2009_bronx.xls,1,D4,1,D4,2.0,72000,88000,6.8,2.0,5.15,,224.1379310344828,2009-12-02,12.0,2,2009.0,64.0
2.0,BRONXDALE                ,01  ONE FAMILY HOMES                        ,1,4634.0,16.0, ,A5,3334 RADCLIFF AVENUE                     ,            ,10469.0,1.0,0.0,1.0,1800.0,1620.0,1935.0,1.0,A5,380000.0,2009-10-22,Unknown,2009_bronx.xls,1,D4,1,D4,2.0,72000,88000,6.8,2.0,5.15,,234.5679012345679,,,2,,
2.0,BRONXDALE                ,01  ONE FAMILY HOMES                        ,1,4635.0,10.0, ,A5,925 MAGENTA ST                           ,            ,10469.0,1.0,0.0,1.0,2593.0,1700.0,1940.0,1.0,A5,380000.0,2009-07-01,Unknown,2009_bronx.xls,1,D4,1,D4,2.0,72000,88000,6.8,2.0,5.15,,223.52941176470588,2009-01-07,1.0,2,2009.0,69.0
2.0,BRONXDALE                ,02  TWO FAMILY HOMES                        ,1,4424.0,2.0, ,B1,629 WARING AVE.                          ,            ,10467.0,2.0,0.0,2.0,2200.0,2055.0,1950.0,1.0,B1,0.0,2009-07-30,Unknown,2009_bronx.xls,1,D4,1,D4,2.0,72000,88000,6.8,2.0,5.3,,0.0,,,2,,
2.0,BRONXDALE                ,02  TWO FAMILY HOMES                        ,1,4510.0,7.0, ,B1,2714 CRUGER AVENUE                       ,            ,10467.0,2.0,0.0,2.0,2500.0,1690.0,1925.0,1.0,B1,480000.0,2009-04-17,Unknown,2009_bronx.xls,1,D4,1,D4,2.0,72000,88000,6.8,2.0,5.3,,284.02366863905326,,,2,,
2.0,BRONXDALE                ,02  TWO FAMILY HOMES                        ,1,4510.0,54.0, ,B1,2721 HOLLAND AVENUE                      ,            ,10467.0,2.0,0.0,2.0,2500.0,2330.0,1925.0,1.0,B1,0.0,2009-03-24,Unknown,2009_bronx.xls,1,D4,1,D4,2.0,72000,88000,6.8,2.0,5.3,,0.0,,,2,,
2.0,BRONXDALE                ,02  TWO FAMILY HOMES                        ,1,4510.0,59.0, ,B3,2711 HOLLAND AVENUE                      ,            ,10467.0,2.0,0.0,2.0,2500.0,1804.0,1925.0,1.0,B3,373000.0,2009-06-26,Unknown,2009_bronx.xls,1,D4,1,D4,2.0,72000,88000,6.8,2.0,5.3,,206.76274944567623,,,2,,
2.0,BRONXDALE                ,02  TWO FAMILY HOMES                        ,1,4518.0,135.0, ,B1,1012 ARNOW AVENUE                        ,            ,10469.0,2.0,0.0,2.0,1900.0,2140.0,1950.0,1.0,B1,0.0,2009-02-05,Unknown,2009_bronx.xls,1,D4,1,D4,2.0,72000,88000,6.8,2.0,5.3,,0.0,2009-05-02,5.0,2,2009.0,59.0
2.0,BRONXDALE                ,02  TWO FAMILY HOMES                        ,1,4522.0,11.0, ,B1,2726 YATES AVENUE                        ,            ,10469.0,2.0,0.0,2.0,2500.0,2860.0,2008.0,1.0,B1,100000.0,2009-02-19,Unknown,2009_bronx.xls,1,D4,1,D4,2.0,72000,88000,6.8,2.0,5.3,,34.96503496503497,,,2,,
2.0,BRONXDALE                ,02  TWO FAMILY HOMES                        ,1,4523.0,26.0, ,B1,1150 ARNOW AVENUE                        ,            ,10469.0,2.0,0.0,2.0,2500.0,1920.0,1945.0,1.0,B1,0.0,2009-05-06,Unknown,2009_bronx.xls,1,D4,1,D4,2.0,72000,88000,6.8,2.0,5.3,,0.0,2009-06-05,6.0,2,2009.0,64.0
2.0,BRONXDALE                ,02  TWO FAMILY HOMES                        ,1,4524.0,26.0, ,B1,2758 TENBROECK AVENUE                    ,            ,10469.0,2.0,0.0,2.0,3433.0,1375.0,1950.0,1.0,B1,0.0,2009-05-26,Unknown,2009_bronx.xls,1,D4,1,D4,2.0,72000,88000,6.8,2.0,5.3,,0.0,,,2,,
2.0,BRONXDALE                ,02  TWO FAMILY HOMES                        ,1,4525.0,37.0, ,B1,2765 THROOP AVENUE                       ,            ,10469.0,2.0,0.0,2.0,4842.0,2026.0,1950.0,1.0,B1,450000.0,2009-03-18,Unknown,2009_bronx.xls,1,D4,1,D4,2.0,72000,88000,6.8,2.0,5.3,,222.11253701875617,,,2,,
2.0,BRONXDALE                ,02  TWO FAMILY HOMES                        ,1,4527.0,36.0, ,B1,1282 ARNOW AVE                           ,            ,10469.0,2.0,0.0,2.0,2500.0,3060.0,2007.0,1.0,B1,559500.0,2009-04-30,Unknown,2009_bronx.xls,1,D4,1,D4,2.0,72000,88000,6.8,2.0,5.3,,182.843137254902,,,2,,
2.0,BRONXDALE                ,02  TWO FAMILY HOMES                        ,1,4528.0,34.0, ,B1,2713 YOUNG AVENUE                        ,            ,10469.0,2.0,0.0,2.0,2200.0,1703.0,1950.0,1.0,B1,100.0,2009-08-04,Unknown,2009_bronx.xls,1,D4,1,D4,2.0,72000,88000,6.8,2.0,5.3,,0.0587199060481503,2009-04-08,4.0,2,2009.0,59.0
2.0,BRONXDALE                ,02  TWO FAMILY HOMES                        ,1,4530.0,32.0, ,B3,2764 FISH AVENUE                         ,            ,10469.0,2.0,0.0,2.0,2877.0,1624.0,1920.0,1.0,B3,0.0,2009-04-15,Unknown,2009_bronx.xls,1,D4,1,D4,2.0,72000,88000,6.8,2.0,5.3,,0.0,,,2,,
2.0,BRONXDALE                ,02  TWO FAMILY HOMES                        ,1,4531.0,47.0, ,B1,2745 MORGAN AVENUE                       ,            ,10469.0,2.0,0.0,2.0,2200.0,1883.0,1940.0,1.0,B1,355000.0,2009-01-27,Unknown,2009_bronx.xls,1,D4,1,D4,2.0,72000,88000,6.8,2.0,5.3,,188.52894317578333,,,2,,
2.0,BRONXDALE                ,02  TWO FAMILY HOMES                        ,1,4531.0,54.0, ,B1,2739 MORGAN AVENUE                       ,            ,10469.0,2.0,0.0,2.0,2850.0,1937.0,1940.0,1.0,B1,430000.0,2009-09-18,Unknown,2009_bronx.xls,1,D4,1,D4,2.0,72000,88000,6.8,2.0,5.3,,221.9927723283428,,,2,,
2.0,BRONXDALE                ,02  TWO FAMILY HOMES                        ,1,4532.0,1.0, ,B1,2701 FENTON AVENUE                       ,            ,10469.0,2.0,0.0,2.0,3000.0,1638.0,1940.0,1.0,B1,419000.0,2009-11-09,Unknown,2009_bronx.xls,1,D4,1,D4,2.0,72000,88000,6.8,2.0,5.3,,255.7997557997558,2009-09-11,9.0,2,2009.0,69.0
2.0,BRONXDALE                ,02  TWO FAMILY HOMES                        ,1,4532.0,53.0, ,B1,2743 FENTON AVENUE                       ,            ,10469.0,2.0,0.0,2.0,2500.0,3060.0,2008.0,1.0,B1,625000.0,2009-05-14,Unknown,2009_bronx.xls,1,D4,1,D4,2.0,72000,88000,6.8,2.0,5.3,,204.2483660130719,,,2,,
2.0,BRONXDALE                ,02  TWO FAMILY HOMES                        ,1,4532.0,54.0, ,B1,2741 FENTON AVENUE                       ,            ,10469.0,2.0,0.0,2.0,2500.0,3060.0,2008.0,1.0,B1,650000.0,2009-04-02,Unknown,2009_bronx.xls,1,D4,1,D4,2.0,72000,88000,6.8,2.0,5.3,,212.4183006535948,2009-02-04,2.0,2,2009.0,1.0
2.0,BRONXDALE                ,02  TWO FAMILY HOMES                        ,1,4532.0,121.0, ,B1,2736 MORGAN AVENUE                       ,            ,10469.0,2.0,0.0,2.0,2642.0,1807.0,1940.0,1.0,B1,0.0,2009-05-07,Unknown,2009_bronx.xls,1,D4,1,D4,2.0,72000,88000,6.8,2.0,5.3,,0.0,2009-07-05,7.0,2,2009.0,69.0
2.0,BRONXDALE                ,02  TWO FAMILY HOMES                        ,1,4533.0,68.0, ,B1,2733 EASTCHESTER ROAD                    ,            ,10469.0,2.0,0.0,2.0,2833.0,3723.0,2004.0,1.0,B1,0.0,2009-08-15,Unknown,2009_bronx.xls,1,D4,1,D4,2.0,72000,88000,6.8,2.0,5.3,,0.0,,,2,,
2.0,BRONXDALE                ,02  TWO FAMILY HOMES                        ,1,4534.0,101.0, ,B3,1514 BANTAM PLACE                        ,            ,10469.0,2.0,0.0,2.0,6710.0,2706.0,1940.0,1.0,B3,425000.0,2009-12-03,Unknown,2009_bronx.xls,1,D4,1,D4,2.0,72000,88000,6.8,2.0,5.3,,157.05838876570584,2009-03-12,3.0,2,2009.0,69.0
2.0,BRONXDALE                ,02  TWO FAMILY HOMES                        ,1,4535.0,36.0, ,B1,2772 WOODHULL AVENUE                     ,            ,10469.0,2.0,0.0,2.0,4528.0,2114.0,1945.0,1.0,B1,495000.0,2009-09-15,Unknown,2009_bronx.xls,1,D4,1,D4,2.0,72000,88000,6.8,2.0,5.3,,234.15326395458845,,,2,,
2.0,BRONXDALE                ,02  TWO FAMILY HOMES                        ,1,4544.0,45.0, ,B2,665 LESTER STREET                        ,            ,10467.0,2.0,0.0,2.0,2494.0,1195.0,1925.0,1.0,B2,0.0,2009-10-07,Unknown,2009_bronx.xls,1,D4,1,D4,2.0,72000,88000,6.8,2.0,5.3,,0.0,2009-07-10,7.0,2,2009.0,84.0
2.0,BRONXDALE                ,02  TWO FAMILY HOMES                        ,1,4544.0,45.0, ,B2,665 LESTER STREET                        ,            ,10467.0,2.0,0.0,2.0,2494.0,1195.0,1925.0,1.0,B2,142500.0,2009-09-28,Unknown,2009_bronx.xls,1,D4,1,D4,2.0,72000,88000,6.8,2.0,5.3,,119.2468619246862,,,2,,
2.0,BRONXDALE                ,02  TWO FAMILY HOMES                        ,1,4544.0,45.0, ,B2,665 LESTER STREET                        ,            ,10467.0,2.0,0.0,2.0,2494.0,1195.0,1925.0,1.0,B2,512121.0,2009-07-06,Unknown,2009_bronx.xls,1,D4,1,D4,2.0,72000,88000,6.8,2.0,5.3,,428.5531380753138,2009-06-07,6.0,2,2009.0,84.0
2.0,BRONXDALE                ,02  TWO FAMILY HOMES                        ,1,4544.0,48.0, ,B3,3052 BARKER AVENUE                       ,            ,10467.0,2.0,0.0,2.0,2367.0,3096.0,1925.0,1.0,B3,495000.0,2009-07-27,Unknown,2009_bronx.xls,1,D4,1,D4,2.0,72000,88000,6.8,2.0,5.3,,159.88372093023256,,,2,,
2.0,BRONXDALE                ,02  TWO FAMILY HOMES                        ,1,4544.0,48.0, ,B3,3052 BARKER AVENUE                       ,            ,10467.0,2.0,0.0,2.0,2367.0,3096.0,1925.0,1.0,B3,300000.0,2009-07-27,Unknown,2009_bronx.xls,1,D4,1,D4,2.0,72000,88000,6.8,2.0,5.3,,96.89922480620154,,,2,,
2.0,BRONXDALE                ,02  TWO FAMILY HOMES                        ,1,4551.0,44.0, ,B2,2924 WILLIAMSBRIDGE ROAD                 ,            ,10467.0,2.0,0.0,2.0,4964.0,2842.0,1925.0,1.0,B2,204110.0,2009-06-12,Unknown,2009_bronx.xls,1,D4,1,D4,2.0,72000,88000,6.8,2.0,5.3,,71.81914144968331,2009-12-06,12.0,2,2009.0,84.0
2.0,BRONXDALE                ,02  TWO FAMILY HOMES                        ,1,4551.0,44.0, ,B2,2924 WILLIAMSBRIDGE ROAD                 ,            ,10467.0,2.0,0.0,2.0,4964.0,2842.0,1925.0,1.0,B2,282500.0,2009-06-12,Unknown,2009_bronx.xls,1,D4,1,D4,2.0,72000,88000,6.8,2.0,5.3,,99.4018296973962,2009-12-06,12.0,2,2009.0,84.0
2.0,BRONXDALE                ,02  TWO FAMILY HOMES                        ,1,4553.0,28.0, ,B1,2962 RADCLIFF AVENUE                     ,            ,10469.0,2.0,0.0,2.0,1500.0,2100.0,1970.0,1.0,B1,0.0,2009-07-18,Unknown,2009_bronx.xls,1,D4,1,D4,2.0,72000,88000,6.8,2.0,5.3,,0.0,,,2,,
2.0,BRONXDALE                ,02  TWO FAMILY HOMES                        ,1,4553.0,36.0, ,B9,2939 COLDEN AVE.                         ,            ,10469.0,2.0,0.0,2.0,2150.0,4168.0,1970.0,1.0,B9,0.0,2009-01-06,Unknown,2009_bronx.xls,1,D4,1,D4,2.0,72000,88000,6.8,2.0,5.3,,0.0,2009-06-01,6.0,2,2009.0,39.0
2.0,BRONXDALE                ,02  TWO FAMILY HOMES                        ,1,4554.0,24.0, ,B1,2940 COLDEN AVENUE                       ,            ,10469.0,2.0,0.0,2.0,2500.0,3032.0,1960.0,1.0,B1,470000.0,2009-12-10,Unknown,2009_bronx.xls,1,D4,1,D4,2.0,72000,88000,6.8,2.0,5.3,,155.0131926121372,2009-10-12,10.0,2,2009.0,49.0
2.0,BRONXDALE                ,02  TWO FAMILY HOMES                        ,1,4557.0,4.0, ,B1,1083 ARNOW AVENUE                        ,            ,10469.0,2.0,0.0,2.0,2500.0,3118.0,2008.0,1.0,B1,650000.0,2009-01-30,Unknown,2009_bronx.xls,1,D4,1,D4,2.0,72000,88000,6.8,2.0,5.3,,208.46696600384865,,,2,,
2.0,BRONXDALE                ,02  TWO FAMILY HOMES                        ,1,4559.0,41.0, ,B3,1130 ADEE AVENUE                         ,            ,10469.0,2.0,0.0,2.0,5000.0,1134.0,1925.0,1.0,B3,300500.0,2009-01-30,Unknown,2009_bronx.xls,1,D4,1,D4,2.0,72000,88000,6.8,2.0,5.3,,264.9911816578483,,,2,,
2.0,BRONXDALE                ,02  TWO FAMILY HOMES                        ,1,4559.0,65.0, ,B1,2913 HERING AVENUE                       ,            ,10469.0,2.0,0.0,2.0,2800.0,2024.0,1950.0,1.0,B1,0.0,2009-06-26,Unknown,2009_bronx.xls,1,D4,1,D4,2.0,72000,88000,6.8,2.0,5.3,,0.0,,,2,,
2.0,BRONXDALE                ,02  TWO FAMILY HOMES                        ,1,4560.0,111.0, ,B1,2912 HERING AVENUE                       ,            ,10469.0,2.0,0.0,2.0,2200.0,2869.0,2006.0,1.0,B1,577000.0,2009-08-13,Unknown,2009_bronx.xls,1,D4,1,D4,2.0,72000,88000,6.8,2.0,5.3,,201.11537120948063,,,2,,
2.0,BRONXDALE                ,02  TWO FAMILY HOMES                        ,1,4564.0,22.0, ,B1,2728 SEXTON PLACE                        ,            ,10469.0,2.0,0.0,2.0,2755.0,2950.0,1955.0,1.0,B1,508000.0,2009-10-13,Unknown,2009_bronx.xls,1,D4,1,D4,2.0,72000,88000,6.8,2.0,5.3,,172.20338983050848,,,2,,
2.0,BRONXDALE                ,02  TWO FAMILY HOMES                        ,1,4564.0,34.0, ,B1,2756 SEXTON PLACE                        ,            ,10469.0,2.0,0.0,2.0,2375.0,2805.0,2008.0,1.0,B1,530000.0,2009-01-29,Unknown,2009_bronx.xls,1,D4,1,D4,2.0,72000,88000,6.8,2.0,5.3,,188.9483065953654,,,2,,
2.0,BRONXDALE                ,02  TWO FAMILY HOMES                        ,1,4564.0,35.0, ,B1,2758 SEXTON PLACE                        ,            ,10469.0,2.0,0.0,2.0,2375.0,2805.0,2008.0,1.0,B1,527100.0,2009-08-06,Unknown,2009_bronx.xls,1,D4,1,D4,2.0,72000,88000,6.8,2.0,5.3,,187.9144385026738,2009-06-08,6.0,2,2009.0,1.0
2.0,BRONXDALE                ,02  TWO FAMILY HOMES                        ,1,4564.0,59.0, ,B2,2802 SEXTON PLACE                        ,            ,10469.0,2.0,0.0,2.0,3000.0,1775.0,1935.0,1.0,B2,405000.0,2009-01-19,Unknown,2009_bronx.xls,1,D4,1,D4,2.0,72000,88000,6.8,2.0,5.3,,228.16901408450704,,,2,,
2.0,BRONXDALE                ,02  TWO FAMILY HOMES                        ,1,4568.0,47.0, ,B1,3017 CRUGER AVENUE                       ,            ,10467.0,2.0,0.0,2.0,1960.0,1990.0,1930.0,1.0,B1,10.0,2009-05-19,Unknown,2009_bronx.xls,1,D4,1,D4,2.0,72000,88000,6.8,2.0,5.3,,0.0050251256281407,,,2,,
2.0,BRONXDALE                ,02  TWO FAMILY HOMES                        ,1,4574.0,5.0, ,B1,911 ADEE AVENUE                          ,            ,10469.0,2.0,0.0,2.0,2349.0,2214.0,1950.0,1.0,B1,470000.0,2009-01-21,Unknown,2009_bronx.xls,1,D4,1,D4,2.0,72000,88000,6.8,2.0,5.3,,212.2854561878952,,,2,,
2.0,BRONXDALE                ,02  TWO FAMILY HOMES                        ,1,4575.0,29.0, ,B1,934 BURKE AVENUE                         ,            ,10469.0,2.0,0.0,2.0,1900.0,2375.0,1950.0,1.0,B1,10000.0,2009-09-01,Unknown,2009_bronx.xls,1,D4,1,D4,2.0,72000,88000,6.8,2.0,5.3,,4.2105263157894735,2009-01-09,1.0,2,2009.0,59.0
2.0,BRONXDALE                ,02  TWO FAMILY HOMES                        ,1,4575.0,46.0, ,B1,3009 COLDEN AVENUE                       ,            ,10469.0,2.0,0.0,2.0,2500.0,2080.0,1940.0,1.0,B1,0.0,2009-05-26,Unknown,2009_bronx.xls,1,D4,1,D4,2.0,72000,88000,6.8,2.0,5.3,,0.0,,,2,,
2.0,BRONXDALE                ,02  TWO FAMILY HOMES                        ,1,4577.0,220.0, ,B1,3040 PAULDING AVENUE                     ,            ,10469.0,2.0,0.0,2.0,2000.0,1440.0,1950.0,1.0,B1,410000.0,2009-12-14,Unknown,2009_bronx.xls,1,D4,1,D4,2.0,72000,88000,6.8,2.0,5.3,,284.72222222222223,,,2,,
2.0,BRONXDALE                ,02  TWO FAMILY HOMES                        ,1,4586.0,31.0, ,B1,2950 BOUCK AVENUE                        ,            ,10469.0,2.0,0.0,2.0,2500.0,2200.0,1965.0,1.0,B1,0.0,2009-06-10,Unknown,2009_bronx.xls,1,D4,1,D4,2.0,72000,88000,6.8,2.0,5.3,,0.0,2009-10-06,10.0,2,2009.0,44.0
2.0,BRONXDALE                ,02  TWO FAMILY HOMES                        ,1,4586.0,44.0, ,B1,2947 WILSON AVENUE                       ,            ,10469.0,2.0,0.0,2.0,2442.0,1960.0,1950.0,1.0,B1,450000.0,2009-11-20,Unknown,2009_bronx.xls,1,D4,1,D4,2.0,72000,88000,6.8,2.0,5.3,,229.59183673469389,,,2,,
2.0,BRONXDALE                ,02  TWO FAMILY HOMES                        ,1,4586.0,46.0, ,B1,2943 WILSON AVENUE                       ,            ,10469.0,2.0,0.0,2.0,2417.0,1960.0,1950.0,1.0,B1,0.0,2009-06-11,Unknown,2009_bronx.xls,1,D4,1,D4,2.0,72000,88000,6.8,2.0,5.3,,0.0,2009-11-06,11.0,2,2009.0,59.0
2.0,BRONXDALE                ,02  TWO FAMILY HOMES                        ,1,4586.0,57.0, ,B1,2917 WILSON AVENUE                       ,            ,10469.0,2.0,0.0,2.0,2500.0,1818.0,1950.0,1.0,B1,0.0,2009-11-19,Unknown,2009_bronx.xls,1,D4,1,D4,2.0,72000,88000,6.8,2.0,5.3,,0.0,,,2,,
2.0,BRONXDALE                ,02  TWO FAMILY HOMES                        ,1,4586.0,58.0, ,B1,2915 WILSON AVENUE                       ,            ,10469.0,2.0,0.0,2.0,2500.0,1868.0,1950.0,1.0,B1,435000.0,2009-03-06,Unknown,2009_bronx.xls,1,D4,1,D4,2.0,72000,88000,6.8,2.0,5.3,,232.8693790149893,2009-06-03,6.0,2,2009.0,59.0
2.0,BRONXDALE                ,02  TWO FAMILY HOMES                        ,1,4588.0,43.0, ,B1,3033 WILSON AVENUE                       ,            ,10469.0,2.0,0.0,2.0,4358.0,2128.0,1925.0,1.0,B1,340000.0,2009-04-24,Unknown,2009_bronx.xls,1,D4,1,D4,2.0,72000,88000,6.8,2.0,5.3,,159.77443609022558,,,2,,
2.0,BRONXDALE                ,02  TWO FAMILY HOMES                        ,1,4589.0,30.0, ,B1,3048 WILSON AVE                          ,            ,10469.0,2.0,0.0,2.0,2500.0,1728.0,1930.0,1.0,B1,0.0,2009-10-07,Unknown,2009_bronx.xls,1,D4,1,D4,2.0,72000,88000,6.8,2.0,5.3,,0.0,2009-07-10,7.0,2,2009.0,79.0
2.0,BRONXDALE                ,02  TWO FAMILY HOMES                        ,1,4593.0,55.0, ,B9,625 BURKE AVENUE                         ,            ,10467.0,2.0,0.0,2.0,1817.0,2600.0,1965.0,1.0,B9,495000.0,2009-09-15,Unknown,2009_bronx.xls,1,D4,1,D4,2.0,72000,88000,6.8,2.0,5.3,,190.3846153846154,,,2,,
2.0,BRONXDALE                ,02  TWO FAMILY HOMES                        ,1,4595.0,15.0, ,B9,3240 OLINVILLE AVENUE                    ,            ,10467.0,2.0,0.0,2.0,2571.0,2950.0,1970.0,1.0,B9,460000.0,2009-04-23,Unknown,2009_bronx.xls,1,D4,1,D4,2.0,72000,88000,6.8,2.0,5.3,,155.9322033898305,,,2,,
2.0,BRONXDALE                ,02  TWO FAMILY HOMES                        ,1,4600.0,23.0, ,B1,3305 CRUGER AVENUE                       ,            ,10467.0,2.0,0.0,2.0,2169.0,3072.0,1901.0,1.0,B1,510000.0,2009-01-12,Unknown,2009_bronx.xls,1,D4,1,D4,2.0,72000,88000,6.8,2.0,5.3,,166.015625,2009-12-01,12.0,2,2009.0,108.0
2.0,BRONXDALE                ,02  TWO FAMILY HOMES                        ,1,4604.0,32.0, ,B1,3301 BARNES AVENUE                       ,            ,10467.0,2.0,0.0,2.0,3134.0,3100.0,1970.0,1.0,B1,0.0,2009-10-07,Unknown,2009_bronx.xls,1,D4,1,D4,2.0,72000,88000,6.8,2.0,5.3,,0.0,2009-07-10,7.0,2,2009.0,39.0
2.0,BRONXDALE                ,02  TWO FAMILY HOMES                        ,1,4606.0,7.0, ,B1,827 SOUTH OAK DRIVE                      ,            ,10467.0,2.0,0.0,2.0,3990.0,2937.0,1945.0,1.0,B1,0.0,2009-11-28,Unknown,2009_bronx.xls,1,D4,1,D4,2.0,72000,88000,6.8,2.0,5.3,,0.0,,,2,,
2.0,BRONXDALE                ,02  TWO FAMILY HOMES                        ,1,4606.0,41.0, ,B1,CHESTNUT STREET                          ,            ,10467.0,2.0,0.0,2.0,3990.0,3756.0,2009.0,1.0,B1,0.0,2009-08-20,Unknown,2009_bronx.xls,1,D4,1,D4,2.0,72000,88000,6.8,2.0,5.3,,0.0,,,2,,
2.0,BRONXDALE                ,02  TWO FAMILY HOMES                        ,1,4610.0,58.0, ,B3,3221 PAULDING                            ,            ,10469.0,2.0,0.0,2.0,5000.0,2982.0,1970.0,1.0,B3,399000.0,2009-01-14,Unknown,2009_bronx.xls,1,D4,1,D4,2.0,72000,88000,6.8,2.0,5.3,,133.80281690140845,,,2,,
2.0,BRONXDALE                ,02  TWO FAMILY HOMES                        ,1,4611.0,50.0, ,B3,3239 HONE AVENUE                         ,            ,10469.0,2.0,0.0,2.0,1842.0,1782.0,1950.0,1.0,B3,365000.0,2009-09-30,Unknown,2009_bronx.xls,1,D4,1,D4,2.0,72000,88000,6.8,2.0,5.3,,204.8260381593715,,,2,,
2.0,BRONXDALE                ,02  TWO FAMILY HOMES                        ,1,4611.0,50.0, ,B3,3239 HONE AVENUE                         ,            ,10469.0,2.0,0.0,2.0,1842.0,1782.0,1950.0,1.0,B3,223125.0,2009-01-22,Unknown,2009_bronx.xls,1,D4,1,D4,2.0,72000,88000,6.8,2.0,5.3,,125.21043771043772,,,2,,
2.0,BRONXDALE                ,02  TWO FAMILY HOMES                        ,1,4615.0,48.0, ,B1,3237 HERING AVENUE                       ,            ,10469.0,2.0,0.0,2.0,2808.0,2750.0,1960.0,1.0,B1,10.0,2009-12-31,Unknown,2009_bronx.xls,1,D4,1,D4,2.0,72000,88000,6.8,2.0,5.3,,0.0036363636363636,,,2,,
2.0,BRONXDALE                ,02  TWO FAMILY HOMES                        ,1,4615.0,48.0, ,B1,3237 HERING AVENUE                       ,            ,10469.0,2.0,0.0,2.0,2808.0,2750.0,1960.0,1.0,B1,0.0,2009-08-14,Unknown,2009_bronx.xls,1,D4,1,D4,2.0,72000,88000,6.8,2.0,5.3,,0.0,,,2,,
2.0,BRONXDALE                ,02  TWO FAMILY HOMES                        ,1,4618.0,19.0, ,B1,3224 PEARSALL AVENUE                     ,            ,10469.0,2.0,0.0,2.0,2500.0,2800.0,1940.0,1.0,B1,0.0,2009-02-23,Unknown,2009_bronx.xls,1,D4,1,D4,2.0,72000,88000,6.8,2.0,5.3,,0.0,,,2,,
2.0,BRONXDALE                ,02  TWO FAMILY HOMES                        ,1,4623.0,13.0, ,B1,3330 BARKER AVENUE                       ,            ,10467.0,2.0,0.0,2.0,4167.0,4169.0,2008.0,1.0,B1,640000.0,2009-08-05,Unknown,2009_bronx.xls,1,D4,1,D4,2.0,72000,88000,6.8,2.0,5.3,,153.51403214200047,2009-05-08,5.0,2,2009.0,1.0
2.0,BRONXDALE                ,02  TWO FAMILY HOMES                        ,1,4623.0,15.0, ,B1,3334 BARKER AVENUE                       ,            ,10467.0,2.0,0.0,2.0,4305.0,4069.0,2008.0,1.0,B1,647607.0,2009-02-10,Unknown,2009_bronx.xls,1,D4,1,D4,2.0,72000,88000,6.8,2.0,5.3,,159.15630376013763,2009-10-02,10.0,2,2009.0,1.0
2.0,BRONXDALE                ,02  TWO FAMILY HOMES                        ,1,4627.0,8.0, ,B3,3418 BARKER AVENUE                       ,            ,10467.0,2.0,0.0,2.0,4260.0,1810.0,1925.0,1.0,B3,325000.0,2009-12-28,Unknown,2009_bronx.xls,1,D4,1,D4,2.0,72000,88000,6.8,2.0,5.3,,179.55801104972377,,,2,,
2.0,BRONXDALE                ,02  TWO FAMILY HOMES                        ,1,4627.0,36.0, ,B9,3421 OLINVILLE AVENUE                    ,            ,10467.0,2.0,0.0,2.0,3068.0,2223.0,1960.0,1.0,B9,0.0,2009-11-11,Unknown,2009_bronx.xls,1,D4,1,D4,2.0,72000,88000,6.8,2.0,5.3,,0.0,2009-11-11,11.0,2,2009.0,49.0
2.0,BRONXDALE                ,02  TWO FAMILY HOMES                        ,1,4627.0,46.0, ,B3,661 MAGENTA STREET                       ,            ,10467.0,2.0,0.0,2.0,2375.0,1981.0,1925.0,1.0,B3,472000.0,2009-07-06,Unknown,2009_bronx.xls,1,D4,1,D4,2.0,72000,88000,6.8,2.0,5.3,,238.26350328117115,2009-06-07,6.0,2,2009.0,84.0
2.0,BRONXDALE                ,02  TWO FAMILY HOMES                        ,1,4627.0,112.0, ,B1,3428 BARKER AVENUE                       ,            ,10467.0,2.0,0.0,2.0,2445.0,2100.0,1940.0,1.0,B1,479000.0,2009-12-30,Unknown,2009_bronx.xls,1,D4,1,D4,2.0,72000,88000,6.8,2.0,5.3,,228.0952380952381,,,2,,
2.0,BRONXDALE                ,02  TWO FAMILY HOMES                        ,1,4632.0,11.0, ,B2,3360 CAPUCHIN WAY                        ,            ,10467.0,2.0,0.0,2.0,2815.0,1834.0,1915.0,1.0,B2,305000.0,2009-03-27,Unknown,2009_bronx.xls,1,D4,1,D4,2.0,72000,88000,6.8,2.0,5.3,,166.3031624863686,,,2,,
2.0,BRONXDALE                ,02  TWO FAMILY HOMES                        ,1,4632.0,11.0, ,B2,3360 CAPUCHIN WAY                        ,            ,10467.0,2.0,0.0,2.0,2815.0,1834.0,1915.0,1.0,B2,0.0,2009-03-25,Unknown,2009_bronx.xls,1,D4,1,D4,2.0,72000,88000,6.8,2.0,5.3,,0.0,,,2,,
2.0,BRONXDALE                ,02  TWO FAMILY HOMES                        ,1,4639.0,13.0, ,B1,3318 LURTING AVENUE                      ,            ,10469.0,2.0,0.0,2.0,2200.0,2398.0,1945.0,1.0,B1,380000.0,2009-11-09,Unknown,2009_bronx.xls,1,D4,1,D4,2.0,72000,88000,6.8,2.0,5.3,,158.46538782318598,2009-09-11,9.0,2,2009.0,64.0
2.0,BRONXDALE                ,02  TWO FAMILY HOMES                        ,1,4693.0,42.0, ,B9,1004 EAST 211 STREET                     ,            ,10469.0,2.0,0.0,2.0,1520.0,1966.0,1945.0,1.0,B9,418700.0,2009-06-26,Unknown,2009_bronx.xls,1,D4,1,D4,2.0,72000,88000,6.8,2.0,5.3,,212.970498474059,,,2,,
2.0,BRONXDALE                ,02  TWO FAMILY HOMES                        ,1,4786.0,30.0, ,B1,1543 EAST GUN HILL ROAD                  ,            ,10469.0,2.0,0.0,2.0,2488.0,3050.0,1960.0,1.0,B1,560000.0,2009-06-05,Unknown,2009_bronx.xls,1,D4,1,D4,2.0,72000,88000,6.8,2.0,5.3,,183.6065573770492,2009-05-06,5.0,2,2009.0,49.0
2.0,BRONXDALE                ,03  THREE FAMILY HOMES                      ,1,4424.0,56.0, ,C0,2407 BARKER AVE.                         ,            ,10467.0,3.0,0.0,3.0,1456.0,3132.0,2008.0,1.0,C0,0.0,2009-03-06,Unknown,2009_bronx.xls,1,D4,1,D4,2.0,72000,88000,6.8,2.0,5.45,,0.0,2009-06-03,6.0,2,2009.0,1.0
2.0,BRONXDALE                ,03  THREE FAMILY HOMES                      ,1,4424.0,58.0, ,C0,2405 BARKER AVE.                         ,            ,10467.0,3.0,0.0,3.0,1344.0,11026.0,2008.0,1.0,C0,0.0,2009-03-19,Unknown,2009_bronx.xls,1,D4,1,D4,2.0,72000,88000,6.8,2.0,5.45,,0.0,,,2,,
2.0,BRONXDALE                ,03  THREE FAMILY HOMES                      ,1,4512.0,49.0, ,C0,2731 BARNES                              ,            ,10467.0,3.0,0.0,3.0,2500.0,3281.0,1925.0,1.0,C0,0.0,2009-01-07,Unknown,2009_bronx.xls,1,D4,1,D4,2.0,72000,88000,6.8,2.0,5.45,,0.0,2009-07-01,7.0,2,2009.0,84.0
2.0,BRONXDALE                ,03  THREE FAMILY HOMES                      ,1,4513.0,145.0, ,C0,2739 MATTHEWS AVENUE                     ,            ,10467.0,3.0,0.0,3.0,2175.0,3232.0,1950.0,1.0,C0,535600.0,2009-07-01,Unknown,2009_bronx.xls,1,D4,1,D4,2.0,72000,88000,6.8,2.0,5.45,,165.71782178217822,2009-01-07,1.0,2,2009.0,59.0
2.0,BRONXDALE                ,03  THREE FAMILY HOMES                      ,1,4519.0,115.0, ,C0,2734 HONE AVENUE                         ,            ,10469.0,3.0,0.0,3.0,2150.0,3232.0,2004.0,1.0,C0,651680.0,2009-08-21,Unknown,2009_bronx.xls,1,D4,1,D4,2.0,72000,88000,6.8,2.0,5.45,,201.63366336633663,,,2,,
2.0,BRONXDALE                ,03  THREE FAMILY HOMES                      ,1,4519.0,118.0, ,C0,2738 HONE AVENUE                         ,            ,10469.0,3.0,0.0,3.0,3200.0,3432.0,2004.0,1.0,C0,712775.0,2009-10-05,Unknown,2009_bronx.xls,1,D4,1,D4,2.0,72000,88000,6.8,2.0,5.45,,207.6850233100233,2009-05-10,5.0,2,2009.0,5.0
2.0,BRONXDALE                ,03  THREE FAMILY HOMES                      ,1,4521.0,28.0, ,C0,2752 LACONIA AVENUE                      ,            ,10469.0,3.0,0.0,3.0,2500.0,2376.0,1925.0,1.0,C0,0.0,2009-09-14,Unknown,2009_bronx.xls,1,D4,1,D4,2.0,72000,88000,6.8,2.0,5.45,,0.0,,,2,,
2.0,BRONXDALE                ,03  THREE FAMILY HOMES                      ,1,4522.0,5.0, ,C0,2712 YATES AVENUE                        ,            ,10469.0,3.0,0.0,3.0,5000.0,3420.0,1935.0,1.0,C0,645000.0,2009-09-15,Unknown,2009_bronx.xls,1,D4,1,D4,2.0,72000,88000,6.8,2.0,5.45,,188.59649122807016,,,2,,
2.0,BRONXDALE                ,03  THREE FAMILY HOMES                      ,1,4522.0,49.0, ,C0,2721 HERING AVENUE                       ,            ,10469.0,3.0,0.0,3.0,5000.0,1837.0,1915.0,1.0,C0,275000.0,2009-07-20,Unknown,2009_bronx.xls,1,D4,1,D4,2.0,72000,88000,6.8,2.0,5.45,,149.7005988023952,,,2,,
2.0,BRONXDALE                ,03  THREE FAMILY HOMES                      ,1,4547.0,18.0, ,C0,2926 CRUGER AVE                          ,            ,10467.0,3.0,0.0,3.0,2500.0,3798.0,1920.0,1.0,C0,0.0,2009-04-02,Unknown,2009_bronx.xls,1,D4,1,D4,2.0,72000,88000,6.8,2.0,5.45,,0.0,2009-02-04,2.0,2,2009.0,89.0
2.0,BRONXDALE                ,03  THREE FAMILY HOMES                      ,1,4547.0,36.0, ,C0,3050 WILLIAMSBRIDGE ROAD                 ,            ,10467.0,3.0,0.0,3.0,3250.0,3192.0,1920.0,1.0,C0,420000.0,2009-07-23,Unknown,2009_bronx.xls,1,D4,1,D4,2.0,72000,88000,6.8,2.0,5.45,,131.57894736842104,,,2,,
2.0,BRONXDALE                ,03  THREE FAMILY HOMES                      ,1,4552.0,40.0, ,C0,2941 RADCLIFF AVENUE                     ,            ,10469.0,3.0,0.0,3.0,2950.0,4600.0,2005.0,1.0,C0,0.0,2009-07-09,Unknown,2009_bronx.xls,1,D4,1,D4,2.0,72000,88000,6.8,2.0,5.45,,0.0,2009-09-07,9.0,2,2009.0,4.0
2.0,BRONXDALE                ,03  THREE FAMILY HOMES                      ,1,4573.0,24.0, ,C0,3040 MATTHEWS AVENUE                     ,            ,10467.0,3.0,0.0,3.0,2100.0,2376.0,1935.0,1.0,C0,365000.0,2009-11-20,Unknown,2009_bronx.xls,1,D4,1,D4,2.0,72000,88000,6.8,2.0,5.45,,153.6195286195286,,,2,,
2.0,BRONXDALE                ,03  THREE FAMILY HOMES                      ,1,4573.0,40.0, ,C0,3025 BRONXWOOD AVENUE                    ,            ,10469.0,3.0,0.0,3.0,2400.0,3744.0,2005.0,1.0,C0,0.0,2009-02-13,Unknown,2009_bronx.xls,1,D4,1,D4,2.0,72000,88000,6.8,2.0,5.45,,0.0,,,2,,
2.0,BRONXDALE                ,03  THREE FAMILY HOMES                      ,1,4574.0,23.0, ,C0,3194 BRONXWOOD AVENUE                    ,            ,10469.0,3.0,0.0,3.0,3742.0,2900.0,1940.0,1.0,C0,491373.0,2009-09-21,Unknown,2009_bronx.xls,1,D4,1,D4,2.0,72000,88000,6.8,2.0,5.45,,169.43896551724137,,,2,,
2.0,BRONXDALE                ,03  THREE FAMILY HOMES                      ,1,4574.0,118.0, ,C0,3034 BRONXWOOD AVENUE                    ,            ,10469.0,3.0,0.0,3.0,2850.0,4064.0,2008.0,1.0,C0,0.0,2009-07-30,Unknown,2009_bronx.xls,1,D4,1,D4,2.0,72000,88000,6.8,2.0,5.45,,0.0,,,2,,
2.0,BRONXDALE                ,03  THREE FAMILY HOMES                      ,1,4589.0,15.0, ,C0,3014 WILSON AVENUE                       ,            ,10469.0,3.0,0.0,3.0,2944.0,3276.0,2001.0,1.0,C0,0.0,2009-05-07,Unknown,2009_bronx.xls,1,D4,1,D4,2.0,72000,88000,6.8,2.0,5.45,,0.0,2009-07-05,7.0,2,2009.0,8.0
2.0,BRONXDALE                ,03  THREE FAMILY HOMES                      ,1,4593.0,44.0, ,C0,3219 BARKER AVENUE                       ,            ,10467.0,3.0,0.0,3.0,3125.0,4350.0,2009.0,1.0,C0,0.0,2009-02-24,Unknown,2009_bronx.xls,1,D4,1,D4,2.0,72000,88000,6.8,2.0,5.45,,0.0,,,2,,
2.0,BRONXDALE                ,03  THREE FAMILY HOMES                      ,1,4593.0,45.0, ,C0,3217 BARKER AVENUE                       ,            ,10467.0,3.0,0.0,3.0,3125.0,4360.0,2009.0,1.0,C0,0.0,2009-02-24,Unknown,2009_bronx.xls,1,D4,1,D4,2.0,72000,88000,6.8,2.0,5.45,,0.0,,,2,,
2.0,BRONXDALE                ,03  THREE FAMILY HOMES                      ,1,4596.0,46.0, ,C0,3233 CRUGER AVENUE                       ,            ,10467.0,3.0,0.0,3.0,2300.0,3795.0,1970.0,1.0,C0,0.0,2009-01-22,Unknown,2009_bronx.xls,1,D4,1,D4,2.0,72000,88000,6.8,2.0,5.45,,0.0,,,2,,
2.0,BRONXDALE                ,03  THREE FAMILY HOMES                      ,1,4596.0,50.0, ,C0,3217 CRUGER                              ,            ,10467.0,3.0,0.0,3.0,2500.0,3079.0,1940.0,1.0,C0,445000.0,2009-09-01,Unknown,2009_bronx.xls,1,D4,1,D4,2.0,72000,88000,6.8,2.0,5.45,,144.52744397531666,2009-01-09,1.0,2,2009.0,69.0
2.0,BRONXDALE                ,03  THREE FAMILY HOMES                      ,1,4596.0,50.0, ,C0,3217 CRUGER AVENUE                       ,            ,10467.0,3.0,0.0,3.0,2500.0,3079.0,1940.0,1.0,C0,320000.0,2009-03-19,Unknown,2009_bronx.xls,1,D4,1,D4,2.0,72000,88000,6.8,2.0,5.45,,103.9298473530367,,,2,,
2.0,BRONXDALE                ,03  THREE FAMILY HOMES                      ,1,4599.0,52.0, ,C0,785 SOUTH OAK DRIVE                      ,            ,10467.0,3.0,0.0,3.0,2015.0,2364.0,1925.0,1.0,C0,295500.0,2009-09-01,Unknown,2009_bronx.xls,1,D4,1,D4,2.0,72000,88000,6.8,2.0,5.45,,125.0,2009-01-09,1.0,2,2009.0,84.0
2.0,BRONXDALE                ,03  THREE FAMILY HOMES                      ,1,4605.0,34.0, ,C0,816 SOUTH OAK DRIVE                      ,            ,10467.0,3.0,0.0,3.0,3920.0,2173.0,1915.0,1.0,C0,397692.0,2009-01-28,Unknown,2009_bronx.xls,1,D4,1,D4,2.0,72000,88000,6.8,2.0,5.45,,183.01518637827888,,,2,,
2.0,BRONXDALE                ,03  THREE FAMILY HOMES                      ,1,4606.0,18.0, ,C0,801 SOUTH OAK DRIVE                      ,            ,10467.0,3.0,0.0,3.0,3990.0,2250.0,1920.0,1.0,C0,0.0,2009-02-18,Unknown,2009_bronx.xls,1,D4,1,D4,2.0,72000,88000,6.8,2.0,5.45,,0.0,,,2,,
2.0,BRONXDALE                ,03  THREE FAMILY HOMES                      ,1,4610.0,65.0, ,C0,3211 PAULDING AVENUE                     ,            ,10469.0,3.0,0.0,3.0,2500.0,2750.0,1920.0,1.0,C0,306556.0,2009-09-16,Unknown,2009_bronx.xls,1,D4,1,D4,2.0,72000,88000,6.8,2.0,5.45,,111.4749090909091,,,2,,
2.0,BRONXDALE                ,03  THREE FAMILY HOMES                      ,1,4610.0,65.0, ,C0,3211 PAULDING AVENUE                     ,            ,10469.0,3.0,0.0,3.0,2500.0,2750.0,1920.0,1.0,C0,306556.0,2009-06-30,Unknown,2009_bronx.xls,1,D4,1,D4,2.0,72000,88000,6.8,2.0,5.45,,111.4749090909091,,,2,,
2.0,BRONXDALE                ,03  THREE FAMILY HOMES                      ,1,4611.0,25.0, ,C0,3234 PAULDING AVENUE                     ,            ,10469.0,3.0,0.0,3.0,5000.0,2946.0,1925.0,1.0,C0,470500.0,2009-03-26,Unknown,2009_bronx.xls,1,D4,1,D4,2.0,72000,88000,6.8,2.0,5.45,,159.7080787508486,,,2,,
2.0,BRONXDALE                ,03  THREE FAMILY HOMES                      ,1,4615.0,19.0, ,C0,3222B YATES AVE.                         ,            ,10469.0,3.0,0.0,3.0,2900.0,4740.0,2006.0,1.0,C0,0.0,2009-03-24,Unknown,2009_bronx.xls,1,D4,1,D4,2.0,72000,88000,6.8,2.0,5.45,,0.0,,,2,,
2.0,BRONXDALE                ,03  THREE FAMILY HOMES                      ,1,4615.0,60.0, ,C0,3211 HERING AVENUE                       ,            ,10469.0,3.0,0.0,3.0,2567.0,4080.0,2007.0,1.0,C0,705000.0,2009-03-09,Unknown,2009_bronx.xls,1,D4,1,D4,2.0,72000,88000,6.8,2.0,5.45,,172.7941176470588,2009-09-03,9.0,2,2009.0,2.0
2.0,BRONXDALE                ,03  THREE FAMILY HOMES                      ,1,4623.0,32.0, ,C0,662 MAGENTA STREET                       ,            ,10467.0,3.0,0.0,3.0,2470.0,4062.0,1920.0,1.0,C0,0.0,2009-02-26,Unknown,2009_bronx.xls,1,D4,1,D4,2.0,72000,88000,6.8,2.0,5.45,,0.0,,,2,,
2.0,BRONXDALE                ,03  THREE FAMILY HOMES                      ,1,4631.0,5.0, ,C0,765 BARTHOLDI STREET                     ,            ,10467.0,3.0,0.0,3.0,2375.0,3399.0,1930.0,1.0,C0,0.0,2009-11-13,Unknown,2009_bronx.xls,1,D4,1,D4,2.0,72000,88000,6.8,2.0,5.45,,0.0,,,2,,
2.0,BRONXDALE                ,05  TAX CLASS 1 VACANT LAND                 ,2B,4434.0,10.0, ,C1,2512 CRUGER AVENUE                       ,            ,10467.0,8.0,0.0,8.0,2400.0,5704.0,2008.0,1.0,V0,0.0,2009-03-06,Unknown,2009_bronx.xls,1,D4,1,D4,2.0,72000,88000,6.8,2.0,6.2,,0.0,2009-06-03,6.0,2,2009.0,1.0
2.0,BRONXDALE                ,05  TAX CLASS 1 VACANT LAND                 ,1B,4544.0,28.0, ,V0,OLINVILLE AVENUE                         ,            ,10467.0,0.0,0.0,0.0,2069.0,0.0,0.0,1.0,V0,15000.0,2009-06-29,Unknown,2009_bronx.xls,1,D4,1,D4,2.0,72000,88000,6.8,2.0,5.0,,,,,2,,
2.0,BRONXDALE                ,05  TAX CLASS 1 VACANT LAND                 ,  ,4551.0,47.0, ,  ,2916 WILLIAMSBRIDGE ROAD                 ,            ,10467.0,0.0,0.0,0.0,0.0,0.0,0.0,1.0,V0,150000.0,2009-08-21,Unknown,2009_bronx.xls,1,D4,1,D4,2.0,72000,88000,6.8,2.0,5.0,,,,,2,,
2.0,BRONXDALE                ,05  TAX CLASS 1 VACANT LAND                 ,1B,4555.0,58.0, ,V3,HONE AVENUE                              ,            ,10469.0,0.0,0.0,0.0,4638.0,0.0,0.0,1.0,V3,0.0,2009-06-30,Unknown,2009_bronx.xls,1,D4,1,D4,2.0,72000,88000,6.8,2.0,5.0,,,,,2,,
2.0,BRONXDALE                ,05  TAX CLASS 1 VACANT LAND                 ,  ,4596.0,33.0, ,  ,710 ROSEWOOD STREET                      ,            ,10467.0,0.0,0.0,0.0,0.0,0.0,0.0,1.0,V0,500000.0,2009-07-29,Unknown,2009_bronx.xls,1,D4,1,D4,2.0,72000,88000,6.8,2.0,5.0,,,,,2,,
2.0,BRONXDALE                ,05  TAX CLASS 1 VACANT LAND                 ,  ,4596.0,43.0, ,  ,CRUGER AVENUE                            ,            ,10467.0,0.0,0.0,0.0,0.0,0.0,0.0,1.0,V0,0.0,2009-07-29,Unknown,2009_bronx.xls,1,D4,1,D4,2.0,72000,88000,6.8,2.0,5.0,,,,,2,,
2.0,BRONXDALE                ,05  TAX CLASS 1 VACANT LAND                 ,1B,4604.0,40.0, ,V0,CHESTNUT DRIVE NORTH                     ,            ,10467.0,0.0,0.0,0.0,3086.0,0.0,0.0,1.0,V0,10000.0,2009-01-27,Unknown,2009_bronx.xls,1,D4,1,D4,2.0,72000,88000,6.8,2.0,5.0,,,,,2,,
2.0,BRONXDALE                ,05  TAX CLASS 1 VACANT LAND                 ,1B,4606.0,5.0, ,V0,SOUTH OAK DRIVE                          ,            ,10467.0,0.0,0.0,0.0,3990.0,0.0,0.0,1.0,V0,0.0,2009-11-28,Unknown,2009_bronx.xls,1,D4,1,D4,2.0,72000,88000,6.8,2.0,5.0,,,,,2,,
2.0,BRONXDALE                ,05  TAX CLASS 1 VACANT LAND                 ,1,4610.0,13.0, ,C0,3212 COLDEN AVENUE                       ,            ,10469.0,3.0,0.0,3.0,2800.0,3040.0,2009.0,1.0,V0,55000.0,2009-04-07,Unknown,2009_bronx.xls,1,D4,1,D4,2.0,72000,88000,6.8,2.0,5.45,,18.09210526315789,2009-07-04,7.0,2,2009.0,0.0
2.0,BRONXDALE                ,05  TAX CLASS 1 VACANT LAND                 ,1,4610.0,115.0, ,C0,COLDEN AVENUE                            ,            ,10469.0,3.0,0.0,3.0,2870.0,4600.0,2009.0,1.0,V0,0.0,2009-03-17,Unknown,2009_bronx.xls,1,D4,1,D4,2.0,72000,88000,6.8,2.0,5.45,,0.0,,,2,,
2.0,BRONXDALE                ,05  TAX CLASS 1 VACANT LAND                 ,1B,4632.0,12.0, ,V0,WALLACE AVENUE                           ,            ,10467.0,0.0,0.0,0.0,2445.0,0.0,0.0,1.0,V0,0.0,2009-03-27,Unknown,2009_bronx.xls,1,D4,1,D4,2.0,72000,88000,6.8,2.0,5.0,,,,,2,,
2.0,BRONXDALE                ,05  TAX CLASS 1 VACANT LAND                 ,1B,4632.0,12.0, ,V0,WALLACE AVENUE                           ,            ,10467.0,0.0,0.0,0.0,2445.0,0.0,0.0,1.0,V0,0.0,2009-03-25,Unknown,2009_bronx.xls,1,D4,1,D4,2.0,72000,88000,6.8,2.0,5.0,,,,,2,,
2.0,BRONXDALE                ,06  TAX CLASS 1 - OTHER                     ,1,4600.0,22.0, ,G0,3307 CRUGER AVENUE                       ,            ,10467.0,0.0,0.0,0.0,1674.0,0.0,1930.0,1.0,G0,0.0,2009-01-12,Unknown,2009_bronx.xls,1,D4,1,D4,2.0,72000,88000,6.8,2.0,5.0,,,2009-12-01,12.0,2,2009.0,79.0
2.0,BRONXDALE                ,07  RENTALS - WALKUP APARTMENTS             ,2B,4433.0,37.0, ,C1,2561 CRUGER AVENUE                       ,            ,10467.0,8.0,0.0,8.0,2970.0,8126.0,2008.0,2.0,C1,50000.0,2009-08-13,Unknown,2009_bronx.xls,1,D4,1,D4,2.0,72000,88000,6.8,2.0,6.2,,6.153088850603003,,,2,,
2.0,BRONXDALE                ,07  RENTALS - WALKUP APARTMENTS             ,2A,4512.0,27.0, ,C2,2768 WALLACE AVENUE                      ,            ,10467.0,6.0,0.0,6.0,10000.0,3846.0,1931.0,2.0,C2,0.0,2009-04-15,Unknown,2009_bronx.xls,1,D4,1,D4,2.0,72000,88000,6.8,2.0,5.9,,0.0,,,2,,
2.0,BRONXDALE                ,07  RENTALS - WALKUP APARTMENTS             ,2A,4514.0,26.0, ,C3,2770 MATTHEWS AVENUE                     ,            ,10467.0,4.0,0.0,4.0,3400.0,3808.0,1931.0,2.0,C3,0.0,2009-06-12,Unknown,2009_bronx.xls,1,D4,1,D4,2.0,72000,88000,6.8,2.0,5.6,,0.0,2009-12-06,12.0,2,2009.0,78.0
2.0,BRONXDALE                ,07  RENTALS - WALKUP APARTMENTS             ,2A,4519.0,59.0, ,C2,1057 ALLERTON AVENUE                     ,            ,10469.0,6.0,0.0,6.0,6550.0,4046.0,1963.0,2.0,C2,0.0,2009-10-07,Unknown,2009_bronx.xls,1,D4,1,D4,2.0,72000,88000,6.8,2.0,5.9,,0.0,2009-07-10,7.0,2,2009.0,46.0
2.0,BRONXDALE                ,07  RENTALS - WALKUP APARTMENTS             ,2A,4567.0,70.0, ,C2,1465 ARNOW AVENUE                        ,            ,10469.0,6.0,0.0,6.0,2500.0,5102.0,1931.0,2.0,C2,0.0,2009-01-08,Unknown,2009_bronx.xls,1,D4,1,D4,2.0,72000,88000,6.8,2.0,5.9,,0.0,2009-08-01,8.0,2,2009.0,78.0
2.0,BRONXDALE                ,07  RENTALS - WALKUP APARTMENTS             ,2B,4569.0,8.0, ,C1,3004 CRUGER AVE                          ,            ,10467.0,7.0,0.0,7.0,2285.0,6150.0,1928.0,2.0,C1,0.0,2009-04-02,Unknown,2009_bronx.xls,1,D4,1,D4,2.0,72000,88000,6.8,2.0,6.05,,0.0,2009-02-04,2.0,2,2009.0,81.0
2.0,BRONXDALE                ,07  RENTALS - WALKUP APARTMENTS             ,2B,4570.0,1.0, ,C1,3003 WALLACE AVE.                        ,            ,10467.0,7.0,0.0,7.0,2285.0,6075.0,1928.0,2.0,C1,0.0,2009-04-02,Unknown,2009_bronx.xls,1,D4,1,D4,2.0,72000,88000,6.8,2.0,6.05,,0.0,2009-02-04,2.0,2,2009.0,81.0
2.0,BRONXDALE                ,07  RENTALS - WALKUP APARTMENTS             ,2,4570.0,18.0, ,C1,3030 HOLLAND AVENUE                      ,            ,10467.0,13.0,0.0,13.0,3500.0,8524.0,1926.0,2.0,C1,975000.0,2009-05-08,Unknown,2009_bronx.xls,1,D4,1,D4,2.0,72000,88000,6.8,2.0,6.95,,114.3829188174566,2009-08-05,8.0,2,2009.0,83.0
2.0,BRONXDALE                ,07  RENTALS - WALKUP APARTMENTS             ,1,4604.0,58.0, ,C0,795 SOUTH OAK                            ,            ,10467.0,3.0,0.0,3.0,4080.0,4500.0,1930.0,2.0,C3,0.0,2009-11-03,Unknown,2009_bronx.xls,1,D4,1,D4,2.0,72000,88000,6.8,2.0,5.45,,0.0,2009-03-11,3.0,2,2009.0,79.0
2.0,BRONXDALE                ,07  RENTALS - WALKUP APARTMENTS             ,2A,4605.0,8.0, ,C2,829 BURKE AVENUE                         ,            ,10467.0,6.0,0.0,6.0,3227.0,5265.0,1931.0,2.0,C2,360000.0,2009-06-24,Unknown,2009_bronx.xls,1,D4,1,D4,2.0,72000,88000,6.8,2.0,5.9,,68.37606837606837,,,2,,
2.0,BRONXDALE                ,07  RENTALS - WALKUP APARTMENTS             ,2A,4608.0,50.0, ,C2,3209 RADCLIFF AVENUE                     ,            ,10469.0,6.0,0.0,6.0,2500.0,4875.0,1920.0,2.0,C2,590000.0,2009-07-05,Unknown,2009_bronx.xls,1,D4,1,D4,2.0,72000,88000,6.8,2.0,5.9,,121.02564102564102,2009-05-07,5.0,2,2009.0,89.0
2.0,BRONXDALE                ,08  RENTALS - ELEVATOR APARTMENTS           ,2,4570.0,32.0, ,D1,3039 WALLACE AVE                         ,            ,10467.0,60.0,0.0,60.0,12500.0,52980.0,1929.0,2.0,D1,4600000.0,2009-06-24,Unknown,2009_bronx.xls,1,D4,1,D4,2.0,72000,88000,6.8,2.0,10.0,,86.82521706304266,,,2,,
2.0,BRONXDALE                ,08  RENTALS - ELEVATOR APARTMENTS           ,2,4597.0,31.0, ,D1,3215 HOLLAND AVENUE                      ,            ,10467.0,51.0,0.0,51.0,10000.0,39240.0,1929.0,2.0,D1,3650000.0,2009-11-30,Unknown,2009_bronx.xls,1,D4,1,D4,2.0,72000,88000,6.8,2.0,10.0,,93.01732925586136,,,2,,
2.0,BRONXDALE                ,10  COOPS - ELEVATOR APARTMENTS             ,2,4337.0,1.0, ,D4,"601 PELHAM PARKWAY NORTH, 409            ",            ,10467.0,0.0,0.0,0.0,0.0,0.0,1937.0,2.0,D4,184704.0,2009-01-15,Unknown,2009_bronx.xls,1,D4,1,D4,2.0,72000,88000,6.8,2.0,5.0,,,,,2,,
2.0,BRONXDALE                ,10  COOPS - ELEVATOR APARTMENTS             ,2,4337.0,1.0, ,D4,"601 PELHAM PARKWAY NORTH, 602            ",            ,10467.0,0.0,0.0,0.0,0.0,0.0,1937.0,2.0,D4,169264.0,2009-05-27,Unknown,2009_bronx.xls,1,D4,1,D4,2.0,72000,88000,6.8,2.0,5.0,,,,,2,,
2.0,BRONXDALE                ,10  COOPS - ELEVATOR APARTMENTS             ,2,4337.0,1.0, ,D4,"601 PELHAM PKWY, 511                     ",            ,10467.0,0.0,0.0,0.0,0.0,0.0,1937.0,2.0,D4,156250.0,2009-12-03,Unknown,2009_bronx.xls,1,D4,1,D4,2.0,72000,88000,6.8,2.0,5.0,,,2009-03-12,3.0,2,2009.0,72.0
2.0,BRONXDALE                ,10  COOPS - ELEVATOR APARTMENTS             ,2,4337.0,1.0, ,D4,"601 PELHAM PARKWAY NORTH, 502            ",            ,10467.0,0.0,0.0,0.0,0.0,0.0,1937.0,2.0,D4,159500.0,2009-12-29,Unknown,2009_bronx.xls,1,D4,1,D4,2.0,72000,88000,6.8,2.0,5.0,,,,,2,,
2.0,BRONXDALE                ,10  COOPS - ELEVATOR APARTMENTS             ,2,4337.0,18.0, ,D4,"2244 BRONX PARK EAST, 5J                 ",            ,10467.0,0.0,0.0,0.0,0.0,0.0,1956.0,2.0,D4,206468.0,2009-01-07,Unknown,2009_bronx.xls,1,D4,1,D4,2.0,72000,88000,6.8,2.0,5.0,,,2009-07-01,7.0,2,2009.0,53.0
2.0,BRONXDALE                ,10  COOPS - ELEVATOR APARTMENTS             ,2,4337.0,18.0, ,D4,"2244 BRONX PARK EAST, 2F                 ",            ,10467.0,0.0,0.0,0.0,0.0,0.0,1956.0,2.0,D4,156295.0,2009-07-09,Unknown,2009_bronx.xls,1,D4,1,D4,2.0,72000,88000,6.8,2.0,5.0,,,2009-09-07,9.0,2,2009.0,53.0
2.0,BRONXDALE                ,10  COOPS - ELEVATOR APARTMENTS             ,2,4337.0,18.0, ,D4,"2244 BRONX PARK EAST, 2L                 ",            ,10467.0,0.0,0.0,0.0,0.0,0.0,1956.0,2.0,D4,98640.0,2009-08-11,Unknown,2009_bronx.xls,1,D4,1,D4,2.0,72000,88000,6.8,2.0,5.0,,,2009-11-08,11.0,2,2009.0,53.0
2.0,BRONXDALE                ,10  COOPS - ELEVATOR APARTMENTS             ,2,4341.0,1.0, ,D4,"665 THWAITES PLACE, 6G                   ",            ,10467.0,0.0,0.0,0.0,0.0,0.0,1962.0,2.0,D4,215000.0,2009-04-27,Unknown,2009_bronx.xls,1,D4,1,D4,2.0,72000,88000,6.8,2.0,5.0,,,,,2,,
2.0,BRONXDALE                ,10  COOPS - ELEVATOR APARTMENTS             ,2,4341.0,1.0, ,D4,"665 THWAITES, 2C                         ",            ,10467.0,0.0,0.0,0.0,0.0,0.0,1962.0,2.0,D4,154000.0,2009-10-23,Unknown,2009_bronx.xls,1,D4,1,D4,2.0,72000,88000,6.8,2.0,5.0,,,,,2,,
2.0,BRONXDALE                ,10  COOPS - ELEVATOR APARTMENTS             ,2,4341.0,1.0, ,D4,"665 THWAITES, 3D                         ",            ,10467.0,0.0,0.0,0.0,0.0,0.0,1962.0,2.0,D4,215000.0,2009-11-09,Unknown,2009_bronx.xls,1,D4,1,D4,2.0,72000,88000,6.8,2.0,5.0,,,2009-09-11,9.0,2,2009.0,47.0
2.0,BRONXDALE                ,10  COOPS - ELEVATOR APARTMENTS             ,2,4429.0,1.0, ,D4,"2550 OLINVILLE, 4L                       ",            ,10467.0,0.0,0.0,0.0,0.0,0.0,1965.0,2.0,D4,110000.0,2009-05-27,Unknown,2009_bronx.xls,1,D4,1,D4,2.0,72000,88000,6.8,2.0,5.0,,,,,2,,
2.0,BRONXDALE                ,10  COOPS - ELEVATOR APARTMENTS             ,2,4429.0,1.0, ,D4,"2550 OLINVILLE, 13J                      ",            ,10467.0,0.0,0.0,0.0,0.0,0.0,1965.0,2.0,D4,193000.0,2009-05-06,Unknown,2009_bronx.xls,1,D4,1,D4,2.0,72000,88000,6.8,2.0,5.0,,,2009-06-05,6.0,2,2009.0,44.0
2.0,BRONXDALE                ,10  COOPS - ELEVATOR APARTMENTS             ,2,4550.0,12.0, ,D4,"2922 BARNES AVENUE, 2A                   ",            ,10467.0,0.0,0.0,0.0,0.0,0.0,1928.0,2.0,D4,59000.0,2009-01-08,Unknown,2009_bronx.xls,1,D4,1,D4,2.0,72000,88000,6.8,2.0,5.0,,,2009-08-01,8.0,2,2009.0,81.0
2.0,BRONXDALE                ,10  COOPS - ELEVATOR APARTMENTS             ,2,4550.0,12.0, ,D4,"2925 MATTHEWS, 1-C                       ",            ,10467.0,0.0,0.0,0.0,0.0,0.0,1928.0,2.0,D4,68000.0,2009-07-22,Unknown,2009_bronx.xls,1,D4,1,D4,2.0,72000,88000,6.8,2.0,5.0,,,,,2,,
2.0,BRONXDALE                ,13  CONDOS - ELEVATOR APARTMENTS            ,2,4340.0,1027.0, ,R4,610 WARING AVENUE                        ,2E          ,10467.0,1.0,0.0,1.0,0.0,0.0,1957.0,2.0,R4,0.0,2009-09-11,Unknown,2009_bronx.xls,1,D4,1,D4,2.0,72000,88000,6.8,2.0,5.15,,,2009-11-09,11.0,2,2009.0,52.0
2.0,BRONXDALE                ,13  CONDOS - ELEVATOR APARTMENTS            ,2,4340.0,1043.0, ,R4,610 WARING AVENUE                        ,3A          ,10467.0,1.0,0.0,1.0,0.0,0.0,1957.0,2.0,R4,134962.0,2009-06-22,Unknown,2009_bronx.xls,1,D4,1,D4,2.0,72000,88000,6.8,2.0,5.15,,,,,2,,
2.0,BRONXDALE                ,13  CONDOS - ELEVATOR APARTMENTS            ,2,4340.0,1069.0, ,R4,610 WARING AVENUE                        ,4G          ,10467.0,1.0,0.0,1.0,0.0,0.0,1957.0,2.0,R4,89000.0,2009-04-17,Unknown,2009_bronx.xls,1,D4,1,D4,2.0,72000,88000,6.8,2.0,5.15,,,,,2,,
2.0,BRONXDALE                ,13  CONDOS - ELEVATOR APARTMENTS            ,2,4340.0,1121.0, ,R4,610 WARING AVENUE                        ,6V          ,10467.0,1.0,0.0,1.0,0.0,0.0,1957.0,2.0,R4,180000.0,2009-01-15,Unknown,2009_bronx.xls,1,D4,1,D4,2.0,72000,88000,6.8,2.0,5.15,,,,,2,,
2.0,BRONXDALE                ,13  CONDOS - ELEVATOR APARTMENTS            ,2,4340.0,1177.0, ,R4,2385 BARKER AVENUE                       ,4E          ,10467.0,1.0,0.0,1.0,0.0,0.0,1958.0,2.0,R4,140000.0,2009-10-27,Unknown,2009_bronx.xls,1,D4,1,D4,2.0,72000,88000,6.8,2.0,5.15,,,,,2,,
2.0,BRONXDALE                ,13  CONDOS - ELEVATOR APARTMENTS            ,2,4340.0,1203.0, ,R4,2385 BARKER AVENUE                       ,6J          ,10467.0,1.0,0.0,1.0,0.0,0.0,1958.0,2.0,R4,185000.0,2009-10-20,Unknown,2009_bronx.xls,1,D4,1,D4,2.0,72000,88000,6.8,2.0,5.15,,,,,2,,
2.0,BRONXDALE                ,13  CONDOS - ELEVATOR APARTMENTS            ,2,4340.0,1231.0, ,R4,2385 BARKER AVENUE                       ,4P          ,10467.0,1.0,0.0,1.0,0.0,0.0,1958.0,2.0,R4,10000.0,2009-07-08,Unknown,2009_bronx.xls,1,D4,1,D4,2.0,72000,88000,6.8,2.0,5.15,,,2009-08-07,8.0,2,2009.0,51.0
2.0,BRONXDALE                ,13  CONDOS - ELEVATOR APARTMENTS            ,2,4340.0,1235.0, ,R4,2385 BARKER AVE                          ,2R          ,10467.0,1.0,0.0,1.0,0.0,0.0,1958.0,2.0,R4,0.0,2009-04-21,Unknown,2009_bronx.xls,1,D4,1,D4,2.0,72000,88000,6.8,2.0,5.15,,,,,2,,
2.0,BRONXDALE                ,13  CONDOS - ELEVATOR APARTMENTS            ,2,4340.0,1244.0, ,R4,2385 BARKER AVENUE                       ,5S          ,10467.0,1.0,0.0,1.0,0.0,0.0,1958.0,2.0,R4,179000.0,2009-11-24,Unknown,2009_bronx.xls,1,D4,1,D4,2.0,72000,88000,6.8,2.0,5.15,,,,,2,,
2.0,BRONXDALE                ,13  CONDOS - ELEVATOR APARTMENTS            ,2,4340.0,1249.0, ,R4,2385 BARKER AVENUE                       ,4T          ,10467.0,1.0,0.0,1.0,0.0,0.0,1958.0,2.0,R4,140000.0,2009-09-04,Unknown,2009_bronx.xls,1,D4,1,D4,2.0,72000,88000,6.8,2.0,5.15,,,2009-04-09,4.0,2,2009.0,51.0
2.0,BRONXDALE                ,13  CONDOS - ELEVATOR APARTMENTS            ,2,4340.0,1265.0, ,R4,2385 BARKER AVENUE                       ,2W          ,10467.0,1.0,0.0,1.0,0.0,0.0,1958.0,2.0,R4,0.0,2009-04-16,Unknown,2009_bronx.xls,1,D4,1,D4,2.0,72000,88000,6.8,2.0,5.15,,,,,2,,
2.0,BRONXDALE                ,13  CONDOS - ELEVATOR APARTMENTS            ,2,4340.0,1267.0, ,R4,2385 BARKER AVENUE                       ,4W          ,10467.0,1.0,0.0,1.0,0.0,0.0,1958.0,2.0,R4,190000.0,2009-08-04,Unknown,2009_bronx.xls,1,D4,1,D4,2.0,72000,88000,6.8,2.0,5.15,,,2009-04-08,4.0,2,2009.0,51.0
2.0,BRONXDALE                ,14  RENTALS - 4-10 UNIT                     ,2A,4603.0,23.0, ,S9,785 BURKE AVENUE                         ,            ,10467.0,3.0,3.0,6.0,2825.0,5550.0,1931.0,2.0,S9,435000.0,2009-06-24,Unknown,2009_bronx.xls,1,D4,1,D4,2.0,72000,88000,6.8,2.0,5.9,,78.37837837837837,,,2,,
2.0,BRONXDALE                ,22  STORE BUILDINGS                         ,4,4430.0,4.0, ,K2,2410 WHITE PLAINS ROAD                   ,            ,10467.0,0.0,1.0,1.0,21282.0,20680.0,1930.0,4.0,K2,0.0,2009-08-28,Unknown,2009_bronx.xls,1,D4,1,D4,2.0,72000,88000,6.8,2.0,5.15,,0.0,,,2,,
2.0,BRONXDALE                ,22  STORE BUILDINGS                         ,4,4516.0,25.0, ,K1,2811 BOSTON ROAD                         ,            ,10469.0,0.0,1.0,1.0,10185.0,5375.0,1967.0,4.0,K1,0.0,2009-12-23,Unknown,2009_bronx.xls,1,D4,1,D4,2.0,72000,88000,6.8,2.0,5.15,,0.0,,,2,,
2.0,BRONXDALE                ,22  STORE BUILDINGS                         ,4,4518.0,3.0, ,K1,1011 ALLERTON AVENUE                     ,            ,10469.0,0.0,4.0,4.0,5000.0,2750.0,1961.0,4.0,K1,0.0,2009-02-06,Unknown,2009_bronx.xls,1,D4,1,D4,2.0,72000,88000,6.8,2.0,5.6,,0.0,2009-06-02,6.0,2,2009.0,48.0
2.0,BRONXDALE                ,22  STORE BUILDINGS                         ,4,4570.0,25.0, ,K1,744 BURKE AVENUE                         ,            ,10467.0,0.0,7.0,7.0,10000.0,9693.0,1927.0,4.0,K1,0.0,2009-01-01,Unknown,2009_bronx.xls,1,D4,1,D4,2.0,72000,88000,6.8,2.0,6.05,,0.0,2009-01-01,1.0,2,2009.0,82.0
2.0,BRONXDALE                ,22  STORE BUILDINGS                         ,2,4596.0,22.0, ,D7,3254 WHITE PLAINS ROAD                   ,            ,10467.0,125.0,2.0,127.0,35955.0,115768.0,2010.0,4.0,K7,2150000.0,2009-07-29,Unknown,2009_bronx.xls,1,D4,1,D4,2.0,72000,88000,6.8,2.0,10.0,,18.57162601064197,,,2,,
2.0,BRONXDALE                ,22  STORE BUILDINGS                         ,4,4608.0,9.0, ,K4,901 BURKE AVENUE                         ,            ,10469.0,2.0,3.0,5.0,3000.0,5504.0,1925.0,4.0,K4,217500.0,2009-03-09,Unknown,2009_bronx.xls,1,D4,1,D4,2.0,72000,88000,6.8,2.0,5.75,,39.51671511627907,2009-09-03,9.0,2,2009.0,84.0
2.0,BRONXDALE                ,22  STORE BUILDINGS                         ,4,4615.0,23.0, ,K5,3260 BOSTON ROAD                         ,            ,10469.0,0.0,1.0,1.0,27500.0,3132.0,1970.0,4.0,K5,1300000.0,2009-08-28,Unknown,2009_bronx.xls,1,D4,1,D4,2.0,72000,88000,6.8,2.0,5.15,,415.0702426564496,,,2,,
2.0,BRONXDALE                ,29  COMMERCIAL GARAGES                      ,4,4578.0,33.0, ,G9,3036 LURTING AVENUE                      ,            ,10469.0,0.0,1.0,1.0,5000.0,3500.0,1964.0,4.0,G9,385000.0,2009-06-02,Unknown,2009_bronx.xls,1,D4,1,D4,2.0,72000,88000,6.8,2.0,5.15,,110.0,2009-02-06,2.0,2,2009.0,45.0
2.0,BRONXDALE                ,29  COMMERCIAL GARAGES                      ,1,4606.0,16.0, ,B1,SOUTH OAK DRIVE                          ,            ,10467.0,2.0,0.0,2.0,3999.0,3756.0,2009.0,4.0,G7,0.0,2009-02-18,Unknown,2009_bronx.xls,1,D4,1,D4,2.0,72000,88000,6.8,2.0,5.3,,0.0,,,2,,
2.0,BRONXDALE                ,32  HOSPITAL AND HEALTH FACILITIES          ,4,4579.0,11.0, ,I9,3004 LURTING AVENUE                      ,            ,10469.0,0.0,1.0,1.0,7500.0,3825.0,1953.0,4.0,I9,710000.0,2009-10-30,Unknown,2009_bronx.xls,1,D4,1,D4,2.0,72000,88000,6.8,2.0,5.15,,185.62091503267973,,,2,,
2.0,CASTLE HILL/UNIONPORT    ,01  ONE FAMILY HOMES                        ,1,3507.0,52.0, ,A5,425 OLMSTEAD AVENUE                      ,            ,10473.0,1.0,0.0,1.0,1943.0,1944.0,1965.0,1.0,A5,10.0,2009-12-18,Unknown,2009_bronx.xls,1,D4,1,D4,2.0,72000,88000,6.8,2.0,5.15,,0.0051440329218107,,,2,,
2.0,CASTLE HILL/UNIONPORT    ,01  ONE FAMILY HOMES                        ,1,3508.0,108.0, ,A5,406 OLMSTEAD AVENUE                      ,            ,10473.0,1.0,0.0,1.0,1903.0,1836.0,1965.0,1.0,A5,350000.0,2009-11-24,Unknown,2009_bronx.xls,1,D4,1,D4,2.0,72000,88000,6.8,2.0,5.15,,190.6318082788671,,,2,,
2.0,CASTLE HILL/UNIONPORT    ,01  ONE FAMILY HOMES                        ,1,3508.0,108.0, ,A5,406 OLMSTEAD AVENUE                      ,            ,10473.0,1.0,0.0,1.0,1903.0,1836.0,1965.0,1.0,A5,89000.0,2009-03-30,Unknown,2009_bronx.xls,1,D4,1,D4,2.0,72000,88000,6.8,2.0,5.15,,48.474945533769066,,,2,,
2.0,CASTLE HILL/UNIONPORT    ,01  ONE FAMILY HOMES                        ,1,3509.0,17.0, ,A5,426 TORRY AVENUE                         ,            ,10473.0,1.0,0.0,1.0,1949.0,1944.0,1965.0,1.0,A5,282500.0,2009-12-16,Unknown,2009_bronx.xls,1,D4,1,D4,2.0,72000,88000,6.8,2.0,5.15,,145.31893004115227,,,2,,
2.0,CASTLE HILL/UNIONPORT    ,01  ONE FAMILY HOMES                        ,1,3575.0,53.0, ,A2,2254 SEWARD AVENUE                       ,            ,10473.0,1.0,0.0,1.0,3617.0,1104.0,1950.0,1.0,A2,0.0,2009-08-08,Unknown,2009_bronx.xls,1,D4,1,D4,2.0,72000,88000,6.8,2.0,5.15,,0.0,2009-08-08,8.0,2,2009.0,59.0
2.0,CASTLE HILL/UNIONPORT    ,01  ONE FAMILY HOMES                        ,1,3575.0,55.0, ,A2,2258 SEWARD AVENUE                       ,            ,10473.0,1.0,0.0,1.0,3617.0,1104.0,1950.0,1.0,A2,225000.0,2009-12-09,Unknown,2009_bronx.xls,1,D4,1,D4,2.0,72000,88000,6.8,2.0,5.15,,203.80434782608697,2009-09-12,9.0,2,2009.0,59.0
2.0,CASTLE HILL/UNIONPORT    ,01  ONE FAMILY HOMES                        ,1,3614.0,9.0, ,A1,2253 HOMER AVENUE                        ,            ,10473.0,1.0,0.0,1.0,2400.0,1944.0,1965.0,1.0,A1,0.0,2009-08-27,Unknown,2009_bronx.xls,1,D4,1,D4,2.0,72000,88000,6.8,2.0,5.15,,0.0,,,2,,
2.0,CASTLE HILL/UNIONPORT    ,01  ONE FAMILY HOMES                        ,1,3614.0,25.0, ,A1,2217 HOMER AVENUE                        ,            ,10473.0,1.0,0.0,1.0,2250.0,1638.0,1915.0,1.0,A1,360000.0,2009-10-15,Unknown,2009_bronx.xls,1,D4,1,D4,2.0,72000,88000,6.8,2.0,5.15,,219.78021978021977,,,2,,
2.0,CASTLE HILL/UNIONPORT    ,01  ONE FAMILY HOMES                        ,1,3614.0,27.0, ,A1,2211 HOMER AVENUE                        ,            ,10473.0,1.0,0.0,1.0,2250.0,1674.0,1915.0,1.0,A1,370000.0,2009-09-30,Unknown,2009_bronx.xls,1,D4,1,D4,2.0,72000,88000,6.8,2.0,5.15,,221.0274790919952,,,2,,
2.0,CASTLE HILL/UNIONPORT    ,01  ONE FAMILY HOMES                        ,1,3614.0,37.0, ,A5,2216 VIRGIL PLACE                        ,            ,10473.0,1.0,0.0,1.0,2250.0,2171.0,2004.0,1.0,A5,263010.0,2009-07-27,Unknown,2009_bronx.xls,1,D4,1,D4,2.0,72000,88000,6.8,2.0,5.15,,121.1469368954399,,,2,,
2.0,CASTLE HILL/UNIONPORT    ,01  ONE FAMILY HOMES                        ,1,3615.0,36.0, ,A1,2210 LAFAYETTE AVENUE                    ,            ,10473.0,1.0,0.0,1.0,3000.0,1076.0,1930.0,1.0,A1,342000.0,2009-12-23,Unknown,2009_bronx.xls,1,D4,1,D4,2.0,72000,88000,6.8,2.0,5.15,,317.8438661710037,,,2,,
2.0,CASTLE HILL/UNIONPORT    ,01  ONE FAMILY HOMES                        ,1,3679.0,22.0, ,A2,2036 HERMANY AVENUE                      ,            ,10473.0,1.0,0.0,1.0,4120.0,1084.0,1935.0,1.0,A2,0.0,2009-04-20,Unknown,2009_bronx.xls,1,D4,1,D4,2.0,72000,88000,6.8,2.0,5.15,,0.0,,,2,,
2.0,CASTLE HILL/UNIONPORT    ,01  ONE FAMILY HOMES                        ,1,3679.0,22.0, ,A2,2036 HERMANY AVE                         ,            ,10473.0,1.0,0.0,1.0,4120.0,1084.0,1935.0,1.0,A2,0.0,2009-03-17,Unknown,2009_bronx.xls,1,D4,1,D4,2.0,72000,88000,6.8,2.0,5.15,,0.0,,,2,,
2.0,CASTLE HILL/UNIONPORT    ,01  ONE FAMILY HOMES                        ,1,3679.0,57.0, ,A5,2051 TURNBULL AVENUE                     ,            ,10473.0,1.0,0.0,1.0,2060.0,2196.0,1940.0,1.0,A5,335000.0,2009-10-30,Unknown,2009_bronx.xls,1,D4,1,D4,2.0,72000,88000,6.8,2.0,5.15,,152.55009107468123,,,2,,
2.0,CASTLE HILL/UNIONPORT    ,01  ONE FAMILY HOMES                        ,1,3679.0,67.0, ,A5,2025 TURNBULL AVENUE                     ,            ,10473.0,1.0,0.0,1.0,2060.0,2009.0,1940.0,1.0,A5,0.0,2009-03-11,Unknown,2009_bronx.xls,1,D4,1,D4,2.0,72000,88000,6.8,2.0,5.15,,0.0,2009-11-03,11.0,2,2009.0,69.0
2.0,CASTLE HILL/UNIONPORT    ,01  ONE FAMILY HOMES                        ,1,3680.0,1.0, ,A5,2001 HERMANY AVENUE                      ,            ,10473.0,1.0,0.0,1.0,3090.0,1860.0,1987.0,1.0,A5,320000.0,2009-06-05,Unknown,2009_bronx.xls,1,D4,1,D4,2.0,72000,88000,6.8,2.0,5.15,,172.04301075268816,2009-05-06,5.0,2,2009.0,22.0
2.0,CASTLE HILL/UNIONPORT    ,01  ONE FAMILY HOMES                        ,1,3680.0,16.0, ,A5,2018 STORY AVENUE                        ,            ,10473.0,1.0,0.0,1.0,2060.0,1860.0,1987.0,1.0,A5,0.0,2009-09-02,Unknown,2009_bronx.xls,1,D4,1,D4,2.0,72000,88000,6.8,2.0,5.15,,0.0,2009-02-09,2.0,2,2009.0,22.0
2.0,CASTLE HILL/UNIONPORT    ,01  ONE FAMILY HOMES                        ,1,3685.0,52.0, ,A5,2159 TURNBULL AVENUE                     ,            ,10473.0,1.0,0.0,1.0,2608.0,1733.0,1970.0,1.0,A5,385000.0,2009-12-11,Unknown,2009_bronx.xls,1,D4,1,D4,2.0,72000,88000,6.8,2.0,5.15,,222.1581073283324,2009-11-12,11.0,2,2009.0,39.0
2.0,CASTLE HILL/UNIONPORT    ,01  ONE FAMILY HOMES                        ,1,3690.0,22.0, ,A1,2236 TURNBULL AVENUE                     ,            ,10473.0,1.0,0.0,1.0,3000.0,1550.0,1930.0,1.0,A1,320000.0,2009-08-27,Unknown,2009_bronx.xls,1,D4,1,D4,2.0,72000,88000,6.8,2.0,5.15,,206.4516129032258,,,2,,
2.0,CASTLE HILL/UNIONPORT    ,01  ONE FAMILY HOMES                        ,1,3692.0,67.0, ,A1,2229 HERMANY AVENUE                      ,            ,10473.0,1.0,0.0,1.0,2575.0,2150.0,1925.0,1.0,A1,0.0,2009-03-03,Unknown,2009_bronx.xls,1,D4,1,D4,2.0,72000,88000,6.8,2.0,5.15,,0.0,2009-03-03,3.0,2,2009.0,84.0
2.0,CASTLE HILL/UNIONPORT    ,01  ONE FAMILY HOMES                        ,1,3768.0,78.0, ,A1,1205 VIRGINIA AVENUE                     ,            ,10472.0,1.0,0.0,1.0,2559.0,1296.0,1930.0,1.0,A1,330000.0,2009-06-16,Unknown,2009_bronx.xls,1,D4,1,D4,2.0,72000,88000,6.8,2.0,5.15,,254.6296296296296,,,2,,
2.0,CASTLE HILL/UNIONPORT    ,01  ONE FAMILY HOMES                        ,1,3788.0,54.0, ,A1,1965 CHATTERTON AVENUE                   ,            ,10472.0,1.0,0.0,1.0,2575.0,2464.0,1930.0,1.0,A1,0.0,2009-01-31,Unknown,2009_bronx.xls,1,D4,1,D4,2.0,72000,88000,6.8,2.0,5.15,,0.0,,,2,,
2.0,CASTLE HILL/UNIONPORT    ,01  ONE FAMILY HOMES                        ,1,3791.0,9.0, ,A5,1926 POWELL AVENUE                       ,            ,10472.0,1.0,0.0,1.0,1530.0,1152.0,1950.0,1.0,A5,365000.0,2009-07-08,Unknown,2009_bronx.xls,1,D4,1,D4,2.0,72000,88000,6.8,2.0,5.15,,316.84027777777777,2009-08-07,8.0,2,2009.0,59.0
2.0,CASTLE HILL/UNIONPORT    ,01  ONE FAMILY HOMES                        ,1,3791.0,44.0, ,A5,1994A POWELL AVENUE                      ,            ,10472.0,1.0,0.0,1.0,1854.0,1714.0,1955.0,1.0,A5,340000.0,2009-05-04,Unknown,2009_bronx.xls,1,D4,1,D4,2.0,72000,88000,6.8,2.0,5.15,,198.3663943990665,2009-04-05,4.0,2,2009.0,54.0
2.0,CASTLE HILL/UNIONPORT    ,01  ONE FAMILY HOMES                        ,1,3798.0,22.0, ,A2,2024 BLACKROCK AVENUE                    ,            ,10472.0,1.0,0.0,1.0,4440.0,669.0,1925.0,1.0,A2,500.0,2009-10-23,Unknown,2009_bronx.xls,1,D4,1,D4,2.0,72000,88000,6.8,2.0,5.15,,0.7473841554559043,,,2,,
2.0,CASTLE HILL/UNIONPORT    ,01  ONE FAMILY HOMES                        ,1,3800.0,12.0, ,A5,1122 PUGSLEY AVENUE                      ,            ,10472.0,1.0,0.0,1.0,1733.0,1292.0,1950.0,1.0,A5,362000.0,2009-09-29,Unknown,2009_bronx.xls,1,D4,1,D4,2.0,72000,88000,6.8,2.0,5.15,,280.1857585139319,,,2,,
2.0,CASTLE HILL/UNIONPORT    ,01  ONE FAMILY HOMES                        ,1,3800.0,12.0, ,A5,1122 PUGSLEY AVENUE                      ,            ,10472.0,1.0,0.0,1.0,1733.0,1292.0,1950.0,1.0,A5,225000.0,2009-05-01,Unknown,2009_bronx.xls,1,D4,1,D4,2.0,72000,88000,6.8,2.0,5.15,,174.1486068111455,2009-01-05,1.0,2,2009.0,59.0
2.0,CASTLE HILL/UNIONPORT    ,01  ONE FAMILY HOMES                        ,1,3807.0,1.0, ,A5,1032 OLMSTEAD AVENUE                     ,            ,10472.0,1.0,0.0,1.0,2457.0,1152.0,1950.0,1.0,A5,0.0,2009-03-05,Unknown,2009_bronx.xls,1,D4,1,D4,2.0,72000,88000,6.8,2.0,5.15,,0.0,2009-05-03,5.0,2,2009.0,59.0
2.0,CASTLE HILL/UNIONPORT    ,01  ONE FAMILY HOMES                        ,1,3810.0,27.0, ,A5,2124 CROSS BRONX EXPRESSW                ,            ,10472.0,1.0,0.0,1.0,1311.0,1633.0,1950.0,1.0,A5,329600.0,2009-09-11,Unknown,2009_bronx.xls,1,D4,1,D4,2.0,72000,88000,6.8,2.0,5.15,,201.83710961420695,2009-11-09,11.0,2,2009.0,59.0
2.0,CASTLE HILL/UNIONPORT    ,02  TWO FAMILY HOMES                        ,1,3483.0,18.0, ,B2,307 CASTLE HILL AVENUE                   ,            ,10473.0,2.0,0.0,2.0,3987.0,1902.0,2000.0,1.0,B2,510000.0,2009-07-28,Unknown,2009_bronx.xls,1,D4,1,D4,2.0,72000,88000,6.8,2.0,5.3,,268.13880126182966,,,2,,
2.0,CASTLE HILL/UNIONPORT    ,02  TWO FAMILY HOMES                        ,1,3486.0,24.0, ,B1,335 TURNEUR AVENUE                       ,            ,10473.0,2.0,0.0,2.0,2917.0,2865.0,2006.0,1.0,B1,620000.0,2009-01-30,Unknown,2009_bronx.xls,1,D4,1,D4,2.0,72000,88000,6.8,2.0,5.3,,216.4048865619546,,,2,,
2.0,CASTLE HILL/UNIONPORT    ,02  TWO FAMILY HOMES                        ,1,3486.0,33.0, ,B2,327 TURNEUR AVENUE                       ,            ,10473.0,2.0,0.0,2.0,2519.0,1902.0,2000.0,1.0,B2,0.0,2009-07-22,Unknown,2009_bronx.xls,1,D4,1,D4,2.0,72000,88000,6.8,2.0,5.3,,0.0,,,2,,
2.0,CASTLE HILL/UNIONPORT    ,02  TWO FAMILY HOMES                        ,1,3486.0,55.0, ,B2,328 CASTLE HILL AVENUE                   ,            ,10473.0,2.0,0.0,2.0,2519.0,1902.0,2000.0,1.0,B2,0.0,2009-03-23,Unknown,2009_bronx.xls,1,D4,1,D4,2.0,72000,88000,6.8,2.0,5.3,,0.0,,,2,,
2.0,CASTLE HILL/UNIONPORT    ,02  TWO FAMILY HOMES                        ,1,3507.0,60.0, ,B1,405 OLMSTEAD AVENUE                      ,            ,10473.0,2.0,0.0,2.0,2200.0,2800.0,1965.0,1.0,B1,570000.0,2009-01-14,Unknown,2009_bronx.xls,1,D4,1,D4,2.0,72000,88000,6.8,2.0,5.3,,203.57142857142856,,,2,,
2.0,CASTLE HILL/UNIONPORT    ,02  TWO FAMILY HOMES                        ,1,3508.0,11.0, ,B3,416 OLMSTEAD AVENUE                      ,            ,10473.0,2.0,0.0,2.0,1903.0,1594.0,1960.0,1.0,B3,504850.0,2009-10-05,Unknown,2009_bronx.xls,1,D4,1,D4,2.0,72000,88000,6.8,2.0,5.3,,316.7189460476788,2009-05-10,5.0,2,2009.0,49.0
2.0,CASTLE HILL/UNIONPORT    ,02  TWO FAMILY HOMES                        ,1,3511.0,24.0, ,B1,438 CASTLE HILL AVE                      ,            ,10473.0,2.0,0.0,2.0,2968.0,2073.0,1965.0,1.0,B1,486791.0,2009-12-04,Unknown,2009_bronx.xls,1,D4,1,D4,2.0,72000,88000,6.8,2.0,5.3,,234.82440906898216,2009-04-12,4.0,2,2009.0,44.0
2.0,CASTLE HILL/UNIONPORT    ,02  TWO FAMILY HOMES                        ,1,3512.0,33.0, ,B3,455 EFFINGHAM AVENUE                     ,            ,10473.0,2.0,0.0,2.0,5825.0,1024.0,1935.0,1.0,B3,0.0,2009-09-23,Unknown,2009_bronx.xls,1,D4,1,D4,2.0,72000,88000,6.8,2.0,5.3,,0.0,,,2,,
2.0,CASTLE HILL/UNIONPORT    ,02  TWO FAMILY HOMES                        ,1,3531.0,130.0, ,B2,2019 LACOMBE AVENUE                      ,            ,10473.0,2.0,0.0,2.0,2000.0,2325.0,1987.0,1.0,B2,479000.0,2009-05-15,Unknown,2009_bronx.xls,1,D4,1,D4,2.0,72000,88000,6.8,2.0,5.3,,206.0215053763441,,,2,,
2.0,CASTLE HILL/UNIONPORT    ,02  TWO FAMILY HOMES                        ,1,3531.0,132.0, ,B2,2015 LACOMBE AVENUE                      ,            ,10473.0,2.0,0.0,2.0,2000.0,2325.0,1987.0,1.0,B2,448050.0,2009-02-23,Unknown,2009_bronx.xls,1,D4,1,D4,2.0,72000,88000,6.8,2.0,5.3,,192.70967741935485,,,2,,
2.0,CASTLE HILL/UNIONPORT    ,02  TWO FAMILY HOMES                        ,1,3531.0,133.0, ,B2,2013 LACOMBE AVENUE                      ,            ,10473.0,2.0,0.0,2.0,2000.0,2325.0,1987.0,1.0,B2,431169.0,2009-09-08,Unknown,2009_bronx.xls,1,D4,1,D4,2.0,72000,88000,6.8,2.0,5.3,,185.4490322580645,2009-08-09,8.0,2,2009.0,22.0
2.0,CASTLE HILL/UNIONPORT    ,02  TWO FAMILY HOMES                        ,1,3531.0,170.0, ,B2,2040 CICERO AVENUE                       ,            ,10473.0,2.0,0.0,2.0,2000.0,2325.0,1987.0,1.0,B2,0.0,2009-06-03,Unknown,2009_bronx.xls,1,D4,1,D4,2.0,72000,88000,6.8,2.0,5.3,,0.0,2009-03-06,3.0,2,2009.0,22.0
2.0,CASTLE HILL/UNIONPORT    ,02  TWO FAMILY HOMES                        ,1,3531.0,191.0, ,B2,515 OLMSTEAD AVENUE                      ,            ,10473.0,2.0,0.0,2.0,2000.0,2325.0,1987.0,1.0,B2,0.0,2009-04-03,Unknown,2009_bronx.xls,1,D4,1,D4,2.0,72000,88000,6.8,2.0,5.3,,0.0,2009-03-04,3.0,2,2009.0,22.0
2.0,CASTLE HILL/UNIONPORT    ,02  TWO FAMILY HOMES                        ,1,3531.0,197.0, ,B2,503 OLMSTEAD AVENUE                      ,            ,10473.0,2.0,0.0,2.0,2000.0,2325.0,1987.0,1.0,B2,0.0,2009-03-24,Unknown,2009_bronx.xls,1,D4,1,D4,2.0,72000,88000,6.8,2.0,5.3,,0.0,,,2,,
2.0,CASTLE HILL/UNIONPORT    ,02  TWO FAMILY HOMES                        ,1,3532.0,153.0, ,B2,2072 CAESAR PLACE                        ,            ,10473.0,2.0,0.0,2.0,1800.0,2325.0,1988.0,1.0,B2,0.0,2009-04-28,Unknown,2009_bronx.xls,1,D4,1,D4,2.0,72000,88000,6.8,2.0,5.3,,0.0,,,2,,
2.0,CASTLE HILL/UNIONPORT    ,02  TWO FAMILY HOMES                        ,1,3575.0,18.0, ,B1,2235 CINCINNATUS AVENUE                  ,            ,10473.0,2.0,0.0,2.0,2500.0,2920.0,2008.0,1.0,B1,0.0,2009-08-18,Unknown,2009_bronx.xls,1,D4,1,D4,2.0,72000,88000,6.8,2.0,5.3,,0.0,,,2,,
2.0,CASTLE HILL/UNIONPORT    ,02  TWO FAMILY HOMES                        ,1,3575.0,25.0, ,B1,2215 CINCINNATUS AVE                     ,            ,10473.0,2.0,0.0,2.0,2842.0,2810.0,1960.0,1.0,B1,392200.0,2009-08-26,Unknown,2009_bronx.xls,1,D4,1,D4,2.0,72000,88000,6.8,2.0,5.3,,139.5729537366548,,,2,,
2.0,CASTLE HILL/UNIONPORT    ,02  TWO FAMILY HOMES                        ,1,3575.0,160.0, ,B1,679 HAVEMEYER AVENUE                     ,            ,10473.0,2.0,0.0,2.0,1358.0,2753.0,2008.0,1.0,B1,535000.0,2009-08-21,Unknown,2009_bronx.xls,1,D4,1,D4,2.0,72000,88000,6.8,2.0,5.3,,194.33345441336724,,,2,,
2.0,CASTLE HILL/UNIONPORT    ,02  TWO FAMILY HOMES                        ,1,3575.0,161.0, ,B1,677 HAVEMEYER AVENUE                     ,            ,10473.0,2.0,0.0,2.0,1782.0,2753.0,2008.0,1.0,B1,540600.0,2009-09-03,Unknown,2009_bronx.xls,1,D4,1,D4,2.0,72000,88000,6.8,2.0,5.3,,196.3675989829277,2009-03-09,3.0,2,2009.0,1.0
2.0,CASTLE HILL/UNIONPORT    ,02  TWO FAMILY HOMES                        ,1,3610.0,38.0, ,B1,2108 HOMER AVENUE                        ,            ,10473.0,2.0,0.0,2.0,2900.0,1920.0,1960.0,1.0,B1,345000.0,2009-11-13,Unknown,2009_bronx.xls,1,D4,1,D4,2.0,72000,88000,6.8,2.0,5.3,,179.6875,,,2,,
2.0,CASTLE HILL/UNIONPORT    ,02  TWO FAMILY HOMES                        ,1,3611.0,54.0, ,B3,2142 VIRGIL PLACE                        ,            ,10473.0,2.0,0.0,2.0,2040.0,1944.0,1960.0,1.0,B3,415000.0,2009-01-09,Unknown,2009_bronx.xls,1,D4,1,D4,2.0,72000,88000,6.8,2.0,5.3,,213.47736625514403,2009-09-01,9.0,2,2009.0,49.0
2.0,CASTLE HILL/UNIONPORT    ,02  TWO FAMILY HOMES                        ,1,3614.0,60.0, ,B3,2272 VIRGIL PLACE                        ,            ,10473.0,2.0,0.0,2.0,2400.0,1620.0,1970.0,1.0,B3,0.0,2009-01-30,Unknown,2009_bronx.xls,1,D4,1,D4,2.0,72000,88000,6.8,2.0,5.3,,0.0,,,2,,
2.0,CASTLE HILL/UNIONPORT    ,02  TWO FAMILY HOMES                        ,1,3617.0,32.0, ,B2,750 HAVEMEYER AVENUE                     ,            ,10473.0,2.0,0.0,2.0,6042.0,1224.0,1965.0,1.0,B2,0.0,2009-12-10,Unknown,2009_bronx.xls,1,D4,1,D4,2.0,72000,88000,6.8,2.0,5.3,,0.0,2009-10-12,10.0,2,2009.0,44.0
2.0,CASTLE HILL/UNIONPORT    ,02  TWO FAMILY HOMES                        ,1,3678.0,27.0, ,B3,2068 TURNBULL AVENUE                     ,            ,10473.0,2.0,0.0,2.0,1800.0,1782.0,1945.0,1.0,B3,425000.0,2009-04-21,Unknown,2009_bronx.xls,1,D4,1,D4,2.0,72000,88000,6.8,2.0,5.3,,238.4960718294052,,,2,,
2.0,CASTLE HILL/UNIONPORT    ,02  TWO FAMILY HOMES                        ,1,3685.0,63.0, ,B2,2125 TURNBULL AVENUE                     ,            ,10473.0,2.0,0.0,2.0,3672.0,3077.0,2001.0,1.0,B2,0.0,2009-08-06,Unknown,2009_bronx.xls,1,D4,1,D4,2.0,72000,88000,6.8,2.0,5.3,,0.0,2009-06-08,6.0,2,2009.0,8.0
2.0,CASTLE HILL/UNIONPORT    ,02  TWO FAMILY HOMES                        ,1,3686.0,15.0, ,B1,2122 STORY AVE                           ,            ,10473.0,2.0,0.0,2.0,2575.0,2510.0,2007.0,1.0,B1,0.0,2009-07-16,Unknown,2009_bronx.xls,1,D4,1,D4,2.0,72000,88000,6.8,2.0,5.3,,0.0,,,2,,
2.0,CASTLE HILL/UNIONPORT    ,02  TWO FAMILY HOMES                        ,1,3686.0,15.0, ,B1,2122 STORY AVENUE                        ,            ,10473.0,2.0,0.0,2.0,2575.0,2510.0,2007.0,1.0,B1,0.0,2009-07-08,Unknown,2009_bronx.xls,1,D4,1,D4,2.0,72000,88000,6.8,2.0,5.3,,0.0,2009-08-07,8.0,2,2009.0,2.0
2.0,CASTLE HILL/UNIONPORT    ,02  TWO FAMILY HOMES                        ,1,3686.0,16.0, ,B1,2124 STORY AVENUE                        ,            ,10473.0,2.0,0.0,2.0,2575.0,2510.0,2007.0,1.0,B1,499000.0,2009-09-04,Unknown,2009_bronx.xls,1,D4,1,D4,2.0,72000,88000,6.8,2.0,5.3,,198.804780876494,2009-04-09,4.0,2,2009.0,2.0
2.0,CASTLE HILL/UNIONPORT    ,02  TWO FAMILY HOMES                        ,1,3687.0,18.0, ,B3,2126 QUIMBY AVENUE                       ,            ,10473.0,2.0,0.0,2.0,2575.0,1780.0,1920.0,1.0,B3,294498.0,2009-10-22,Unknown,2009_bronx.xls,1,D4,1,D4,2.0,72000,88000,6.8,2.0,5.3,,165.44831460674158,,,2,,
2.0,CASTLE HILL/UNIONPORT    ,02  TWO FAMILY HOMES                        ,1,3687.0,39.0, ,S2,917 CASTLE HILL AVENUE                   ,            ,10473.0,2.0,1.0,3.0,1300.0,3712.0,1920.0,1.0,S2,467000.0,2009-07-29,Unknown,2009_bronx.xls,1,D4,1,D4,2.0,72000,88000,6.8,2.0,5.45,,125.8081896551724,,,2,,
2.0,CASTLE HILL/UNIONPORT    ,02  TWO FAMILY HOMES                        ,1,3687.0,40.0, ,S2,915 CASTLE HILL AVENUE                   ,            ,10473.0,2.0,1.0,3.0,1300.0,3712.0,1920.0,1.0,S2,0.0,2009-09-30,Unknown,2009_bronx.xls,1,D4,1,D4,2.0,72000,88000,6.8,2.0,5.45,,0.0,,,2,,
2.0,CASTLE HILL/UNIONPORT    ,02  TWO FAMILY HOMES                        ,1,3688.0,14.0, ,B2,2114 BRUCKNER BOULEVARD                  ,            ,10473.0,2.0,0.0,2.0,2549.0,1853.0,1915.0,1.0,B2,265000.0,2009-04-30,Unknown,2009_bronx.xls,1,D4,1,D4,2.0,72000,88000,6.8,2.0,5.3,,143.0113329735564,,,2,,
2.0,CASTLE HILL/UNIONPORT    ,02  TWO FAMILY HOMES                        ,1,3688.0,14.0, ,B2,2114 BRUCKNER BOULEVARD                  ,            ,10473.0,2.0,0.0,2.0,2549.0,1853.0,1915.0,1.0,B2,130000.0,2009-02-10,Unknown,2009_bronx.xls,1,D4,1,D4,2.0,72000,88000,6.8,2.0,5.3,,70.15650296815974,2009-10-02,10.0,2,2009.0,94.0
2.0,CASTLE HILL/UNIONPORT    ,02  TWO FAMILY HOMES                        ,1,3688.0,39.0, ,B1,2160 BRUCKNER BOULEVARD                  ,            ,10473.0,2.0,0.0,2.0,2824.0,1386.0,1955.0,1.0,B1,378000.0,2009-11-25,Unknown,2009_bronx.xls,1,D4,1,D4,2.0,72000,88000,6.8,2.0,5.3,,272.72727272727275,,,2,,
2.0,CASTLE HILL/UNIONPORT    ,02  TWO FAMILY HOMES                        ,1,3691.0,1.0, ,B3,2203 TURNBULL AVENUE                     ,            ,10473.0,2.0,0.0,2.0,3439.0,2126.0,1955.0,1.0,B3,0.0,2009-06-25,Unknown,2009_bronx.xls,1,D4,1,D4,2.0,72000,88000,6.8,2.0,5.3,,0.0,,,2,,
2.0,CASTLE HILL/UNIONPORT    ,02  TWO FAMILY HOMES                        ,1,3691.0,58.0, ,B2,2241 TURNBULL AVE.                       ,            ,10473.0,2.0,0.0,2.0,2575.0,1815.0,1965.0,1.0,B2,395000.0,2009-01-08,Unknown,2009_bronx.xls,1,D4,1,D4,2.0,72000,88000,6.8,2.0,5.3,,217.6308539944904,2009-08-01,8.0,2,2009.0,44.0
2.0,CASTLE HILL/UNIONPORT    ,02  TWO FAMILY HOMES                        ,1,3692.0,39.0, ,B1,2270 STORY AVENUE                        ,            ,10473.0,2.0,0.0,2.0,5150.0,2990.0,1925.0,1.0,B1,0.0,2009-08-31,Unknown,2009_bronx.xls,1,D4,1,D4,2.0,72000,88000,6.8,2.0,5.3,,0.0,,,2,,
2.0,CASTLE HILL/UNIONPORT    ,02  TWO FAMILY HOMES                        ,1,3693.0,42.0, ,B1,2266 QUIMBY AVENUE                       ,            ,10473.0,2.0,0.0,2.0,2704.0,2130.0,1955.0,1.0,B1,0.0,2009-03-09,Unknown,2009_bronx.xls,1,D4,1,D4,2.0,72000,88000,6.8,2.0,5.3,,0.0,2009-09-03,9.0,2,2009.0,54.0
2.0,CASTLE HILL/UNIONPORT    ,02  TWO FAMILY HOMES                        ,1,3694.0,30.0, ,B2,2250 BRUCKNER BOULEVARD                  ,            ,10473.0,2.0,0.0,2.0,2575.0,2830.0,1920.0,1.0,B2,0.0,2009-06-25,Unknown,2009_bronx.xls,1,D4,1,D4,2.0,72000,88000,6.8,2.0,5.3,,0.0,,,2,,
2.0,CASTLE HILL/UNIONPORT    ,02  TWO FAMILY HOMES                        ,1,3694.0,43.0, ,B3,941 HAVEMEYER AVENUE                     ,            ,10473.0,2.0,0.0,2.0,2269.0,2100.0,1925.0,1.0,B3,0.0,2009-04-15,Unknown,2009_bronx.xls,1,D4,1,D4,2.0,72000,88000,6.8,2.0,5.3,,0.0,,,2,,
2.0,CASTLE HILL/UNIONPORT    ,02  TWO FAMILY HOMES                        ,1,3696.0,8.0, ,B3,826 HAVEMEYER AVENUE                     ,            ,10473.0,2.0,0.0,2.0,2300.0,1880.0,1935.0,1.0,B3,0.0,2009-11-20,Unknown,2009_bronx.xls,1,D4,1,D4,2.0,72000,88000,6.8,2.0,5.3,,0.0,,,2,,
2.0,CASTLE HILL/UNIONPORT    ,02  TWO FAMILY HOMES                        ,1,3699.0,14.0, ,B2,2318 QUIMBY AVENUE                       ,            ,10473.0,2.0,0.0,2.0,3888.0,2580.0,1985.0,1.0,B2,1.0,2009-10-02,Unknown,2009_bronx.xls,1,D4,1,D4,2.0,72000,88000,6.8,2.0,5.3,,0.0003875968992248,2009-02-10,2.0,2,2009.0,24.0
2.0,CASTLE HILL/UNIONPORT    ,02  TWO FAMILY HOMES                        ,1,3700.0,6.0, ,B1,938 HAVEMEYER AVENUE                     ,            ,10473.0,2.0,0.0,2.0,2314.0,2434.0,1910.0,1.0,B1,0.0,2009-10-27,Unknown,2009_bronx.xls,1,D4,1,D4,2.0,72000,88000,6.8,2.0,5.3,,0.0,,,2,,
2.0,CASTLE HILL/UNIONPORT    ,02  TWO FAMILY HOMES                        ,1,3759.0,17.0, ,B1,1130A WHITE PLAINS ROAD                  ,            ,10472.0,2.0,0.0,2.0,1933.0,1914.0,1945.0,1.0,B1,0.0,2009-07-01,Unknown,2009_bronx.xls,1,D4,1,D4,2.0,72000,88000,6.8,2.0,5.3,,0.0,2009-01-07,1.0,2,2009.0,64.0
2.0,CASTLE HILL/UNIONPORT    ,02  TWO FAMILY HOMES                        ,1,3759.0,64.0, ,B1,1127 VIRGINIA AVENUE                     ,            ,10472.0,2.0,0.0,2.0,2559.0,3070.0,1920.0,1.0,B1,0.0,2009-01-30,Unknown,2009_bronx.xls,1,D4,1,D4,2.0,72000,88000,6.8,2.0,5.3,,0.0,,,2,,
2.0,CASTLE HILL/UNIONPORT    ,02  TWO FAMILY HOMES                        ,1,3768.0,66.0, ,B1,1237 VIRGINIA AVENUE                     ,            ,10472.0,2.0,0.0,2.0,2559.0,2674.0,1930.0,1.0,B1,0.0,2009-11-18,Unknown,2009_bronx.xls,1,D4,1,D4,2.0,72000,88000,6.8,2.0,5.3,,0.0,,,2,,
2.0,CASTLE HILL/UNIONPORT    ,02  TWO FAMILY HOMES                        ,1,3768.0,124.0, ,B1,1256 WHITE PLAINS ROAD                   ,            ,10472.0,2.0,0.0,2.0,2277.0,2440.0,1930.0,1.0,B1,1000.0,2009-12-07,Unknown,2009_bronx.xls,1,D4,1,D4,2.0,72000,88000,6.8,2.0,5.3,,0.4098360655737705,2009-07-12,7.0,2,2009.0,79.0
2.0,CASTLE HILL/UNIONPORT    ,02  TWO FAMILY HOMES                        ,1,3787.0,29.0, ,B1,1968 CHATTERTON AVENUE                   ,            ,10472.0,2.0,0.0,2.0,2180.0,3706.0,1950.0,1.0,B1,0.0,2009-04-07,Unknown,2009_bronx.xls,1,D4,1,D4,2.0,72000,88000,6.8,2.0,5.3,,0.0,2009-07-04,7.0,2,2009.0,59.0
2.0,CASTLE HILL/UNIONPORT    ,02  TWO FAMILY HOMES                        ,1,3791.0,35.0, ,B1,1982 POWELL AVE.                         ,            ,10472.0,2.0,0.0,2.0,2575.0,2634.0,1925.0,1.0,B1,0.0,2009-07-28,Unknown,2009_bronx.xls,1,D4,1,D4,2.0,72000,88000,6.8,2.0,5.3,,0.0,,,2,,
2.0,CASTLE HILL/UNIONPORT    ,02  TWO FAMILY HOMES                        ,1,3791.0,74.0, ,B1,1953 HAVILAND AVENUE                     ,            ,10472.0,2.0,0.0,2.0,2678.0,1246.0,1935.0,1.0,B1,360000.0,2009-10-07,Unknown,2009_bronx.xls,1,D4,1,D4,2.0,72000,88000,6.8,2.0,5.3,,288.9245585874799,2009-07-10,7.0,2,2009.0,74.0
2.0,CASTLE HILL/UNIONPORT    ,02  TWO FAMILY HOMES                        ,1,3792.0,8.0, ,B1,1180 VIRGINIA AVENUE                     ,            ,10472.0,2.0,0.0,2.0,2124.0,2032.0,1940.0,1.0,B1,515000.0,2009-08-21,Unknown,2009_bronx.xls,1,D4,1,D4,2.0,72000,88000,6.8,2.0,5.3,,253.4448818897638,,,2,,
2.0,CASTLE HILL/UNIONPORT    ,02  TWO FAMILY HOMES                        ,1,3792.0,17.0, ,B1,1950 GLEASON AVENUE                      ,            ,10472.0,2.0,0.0,2.0,2575.0,2994.0,1940.0,1.0,B1,520000.0,2009-09-11,Unknown,2009_bronx.xls,1,D4,1,D4,2.0,72000,88000,6.8,2.0,5.3,,173.6806947227789,2009-11-09,11.0,2,2009.0,69.0
2.0,CASTLE HILL/UNIONPORT    ,02  TWO FAMILY HOMES                        ,1,3794.0,68.0, ,B1,1967 ELLIS AVENUE                        ,            ,10472.0,2.0,0.0,2.0,2646.0,2160.0,1940.0,1.0,B1,0.0,2009-05-22,Unknown,2009_bronx.xls,1,D4,1,D4,2.0,72000,88000,6.8,2.0,5.3,,0.0,,,2,,
2.0,CASTLE HILL/UNIONPORT    ,02  TWO FAMILY HOMES                        ,1,3794.0,87.0, ,B1,1935 ELLIS AVENUE                        ,            ,10472.0,2.0,0.0,2.0,3399.0,2750.0,1940.0,1.0,B1,0.0,2009-11-02,Unknown,2009_bronx.xls,1,D4,1,D4,2.0,72000,88000,6.8,2.0,5.3,,0.0,2009-02-11,2.0,2,2009.0,69.0
2.0,CASTLE HILL/UNIONPORT    ,02  TWO FAMILY HOMES                        ,1,3798.0,6.0, ,B1,2000 BLACKROCK AVENUE                    ,            ,10472.0,2.0,0.0,2.0,3133.0,2500.0,1955.0,1.0,B1,0.0,2009-02-12,Unknown,2009_bronx.xls,1,D4,1,D4,2.0,72000,88000,6.8,2.0,5.3,,0.0,2009-12-02,12.0,2,2009.0,54.0
2.0,CASTLE HILL/UNIONPORT    ,02  TWO FAMILY HOMES                        ,1,3798.0,39.0, ,B2,2066 BLACKROCK AVENUE                    ,            ,10472.0,2.0,0.0,2.0,2575.0,3270.0,1920.0,1.0,B2,475000.0,2009-02-23,Unknown,2009_bronx.xls,1,D4,1,D4,2.0,72000,88000,6.8,2.0,5.3,,145.2599388379205,,,2,,
2.0,CASTLE HILL/UNIONPORT    ,02  TWO FAMILY HOMES                        ,1,3800.0,22.0, ,B1,2030 HAVILAND AVENUE                     ,            ,10472.0,2.0,0.0,2.0,2077.0,2860.0,1960.0,1.0,B1,0.0,2009-11-12,Unknown,2009_bronx.xls,1,D4,1,D4,2.0,72000,88000,6.8,2.0,5.3,,0.0,2009-12-11,12.0,2,2009.0,49.0
2.0,CASTLE HILL/UNIONPORT    ,02  TWO FAMILY HOMES                        ,1,3800.0,58.0, ,B1,2065 WATSON AVENUE                       ,            ,10472.0,2.0,0.0,2.0,2575.0,2810.0,1930.0,1.0,B1,0.0,2009-11-11,Unknown,2009_bronx.xls,1,D4,1,D4,2.0,72000,88000,6.8,2.0,5.3,,0.0,2009-11-11,11.0,2,2009.0,79.0
2.0,CASTLE HILL/UNIONPORT    ,02  TWO FAMILY HOMES                        ,1,3801.0,13.0, ,B2,2022 POWELL AVENUE                       ,            ,10472.0,2.0,0.0,2.0,2575.0,2592.0,1925.0,1.0,B2,430000.0,2009-05-21,Unknown,2009_bronx.xls,1,D4,1,D4,2.0,72000,88000,6.8,2.0,5.3,,165.89506172839506,,,2,,
2.0,CASTLE HILL/UNIONPORT    ,02  TWO FAMILY HOMES                        ,1,3801.0,132.0, ,B1,2060 POWELL AVENUE                       ,            ,10472.0,2.0,0.0,2.0,2060.0,2620.0,1955.0,1.0,B1,485000.0,2009-10-29,Unknown,2009_bronx.xls,1,D4,1,D4,2.0,72000,88000,6.8,2.0,5.3,,185.1145038167939,,,2,,
2.0,CASTLE HILL/UNIONPORT    ,02  TWO FAMILY HOMES                        ,1,3802.0,54.0, ,B2,2059 POWELL AVENUE                       ,            ,10472.0,2.0,0.0,2.0,5150.0,3880.0,1925.0,1.0,B2,574000.0,2009-03-11,Unknown,2009_bronx.xls,1,D4,1,D4,2.0,72000,88000,6.8,2.0,5.3,,147.93814432989691,2009-11-03,11.0,2,2009.0,84.0
2.0,CASTLE HILL/UNIONPORT    ,02  TWO FAMILY HOMES                        ,1,3806.0,47.0, ,S2,1001 CASTLE HILL AVENUE                  ,            ,10472.0,2.0,1.0,3.0,8676.0,3250.0,1920.0,1.0,S2,1000000.0,2009-11-24,Unknown,2009_bronx.xls,1,D4,1,D4,2.0,72000,88000,6.8,2.0,5.45,,307.6923076923077,,,2,,
2.0,CASTLE HILL/UNIONPORT    ,02  TWO FAMILY HOMES                        ,1,3806.0,47.0, ,S2,1001 CASTLE HILL AVENUE                  ,            ,10472.0,2.0,1.0,3.0,8676.0,3250.0,1920.0,1.0,S2,13241.0,2009-11-24,Unknown,2009_bronx.xls,1,D4,1,D4,2.0,72000,88000,6.8,2.0,5.45,,4.074153846153847,,,2,,
2.0,CASTLE HILL/UNIONPORT    ,02  TWO FAMILY HOMES                        ,1,3807.0,13.0, ,B2,2110 BLACKROCK AVENUE                    ,            ,10472.0,2.0,0.0,2.0,3114.0,1968.0,1901.0,1.0,B2,408100.0,2009-09-03,Unknown,2009_bronx.xls,1,D4,1,D4,2.0,72000,88000,6.8,2.0,5.3,,207.3678861788618,2009-03-09,3.0,2,2009.0,108.0
2.0,CASTLE HILL/UNIONPORT    ,02  TWO FAMILY HOMES                        ,1,3807.0,13.0, ,B2,2110 BLACKROCK AVENUE                    ,            ,10472.0,2.0,0.0,2.0,3114.0,1968.0,1901.0,1.0,B2,570910.0,2009-03-30,Unknown,2009_bronx.xls,1,D4,1,D4,2.0,72000,88000,6.8,2.0,5.3,,290.0965447154472,,,2,,
2.0,CASTLE HILL/UNIONPORT    ,02  TWO FAMILY HOMES                        ,1,3808.0,34.0, ,B2,2154 WATSON AVENUE                       ,            ,10472.0,2.0,0.0,2.0,2549.0,2160.0,1920.0,1.0,B2,455000.0,2009-05-15,Unknown,2009_bronx.xls,1,D4,1,D4,2.0,72000,88000,6.8,2.0,5.3,,210.64814814814812,,,2,,
2.0,CASTLE HILL/UNIONPORT    ,02  TWO FAMILY HOMES                        ,1,3808.0,68.0, ,B2,2141 BLACKROCK AVENUE                    ,            ,10472.0,2.0,0.0,2.0,2034.0,2124.0,1901.0,1.0,B2,507400.0,2009-06-11,Unknown,2009_bronx.xls,1,D4,1,D4,2.0,72000,88000,6.8,2.0,5.3,,238.88888888888889,2009-11-06,11.0,2,2009.0,108.0
2.0,CASTLE HILL/UNIONPORT    ,02  TWO FAMILY HOMES                        ,1,3809.0,31.0, ,B2,2146 HAVILAND AVENUE                     ,            ,10472.0,2.0,0.0,2.0,2549.0,2096.0,1899.0,1.0,B2,334519.0,2009-08-24,Unknown,2009_bronx.xls,1,D4,1,D4,2.0,72000,88000,6.8,2.0,5.3,,159.59875954198472,,,2,,
2.0,CASTLE HILL/UNIONPORT    ,02  TWO FAMILY HOMES                        ,1,3809.0,31.0, ,B2,2146 HAVILAND AVENUE                     ,            ,10472.0,2.0,0.0,2.0,2549.0,2096.0,1899.0,1.0,B2,500.0,2009-01-12,Unknown,2009_bronx.xls,1,D4,1,D4,2.0,72000,88000,6.8,2.0,5.3,,0.2385496183206107,2009-12-01,12.0,2,2009.0,110.0
2.0,CASTLE HILL/UNIONPORT    ,02  TWO FAMILY HOMES                        ,1,3809.0,41.0, ,B1,2164 CROSS BRONX EXPRESSW                ,            ,10472.0,2.0,0.0,2.0,2030.0,2100.0,1965.0,1.0,B1,0.0,2009-10-28,Unknown,2009_bronx.xls,1,D4,1,D4,2.0,72000,88000,6.8,2.0,5.3,,0.0,,,2,,
2.0,CASTLE HILL/UNIONPORT    ,02  TWO FAMILY HOMES                        ,1,3809.0,41.0, ,B1,2164 CROSS BRONX EXPRESSW                ,            ,10472.0,2.0,0.0,2.0,2030.0,2100.0,1965.0,1.0,B1,0.0,2009-05-21,Unknown,2009_bronx.xls,1,D4,1,D4,2.0,72000,88000,6.8,2.0,5.3,,0.0,,,2,,
2.0,CASTLE HILL/UNIONPORT    ,02  TWO FAMILY HOMES                        ,1,3809.0,68.0, ,B1,2133 WATSON AVENUE                       ,            ,10472.0,2.0,0.0,2.0,2549.0,2320.0,1930.0,1.0,B1,0.0,2009-05-12,Unknown,2009_bronx.xls,1,D4,1,D4,2.0,72000,88000,6.8,2.0,5.3,,0.0,2009-12-05,12.0,2,2009.0,79.0
2.0,CASTLE HILL/UNIONPORT    ,02  TWO FAMILY HOMES                        ,1,3815.0,37.0, ,B2,2254 CHATTERTON AVE                      ,            ,10472.0,2.0,0.0,2.0,4129.0,1828.0,1930.0,1.0,B2,0.0,2009-10-28,Unknown,2009_bronx.xls,1,D4,1,D4,2.0,72000,88000,6.8,2.0,5.3,,0.0,,,2,,
2.0,CASTLE HILL/UNIONPORT    ,02  TWO FAMILY HOMES                        ,1,3816.0,12.0, ,B3,2210 BLACKROCK AVENUE                    ,            ,10472.0,2.0,0.0,2.0,5150.0,1480.0,1920.0,1.0,B3,0.0,2009-11-07,Unknown,2009_bronx.xls,1,D4,1,D4,2.0,72000,88000,6.8,2.0,5.3,,0.0,2009-07-11,7.0,2,2009.0,89.0
2.0,CASTLE HILL/UNIONPORT    ,02  TWO FAMILY HOMES                        ,1,3816.0,77.0, ,B2,2213 CHATTERTON AVENUE                   ,            ,10472.0,2.0,0.0,2.0,2575.0,2496.0,1920.0,1.0,B2,380000.0,2009-07-17,Unknown,2009_bronx.xls,1,D4,1,D4,2.0,72000,88000,6.8,2.0,5.3,,152.24358974358975,,,2,,
2.0,CASTLE HILL/UNIONPORT    ,02  TWO FAMILY HOMES                        ,1,3817.0,22.0, ,B3,2231 BLACKROCK AVENUE                    ,            ,10472.0,2.0,0.0,2.0,4950.0,2318.0,1920.0,1.0,B3,0.0,2009-01-29,Unknown,2009_bronx.xls,1,D4,1,D4,2.0,72000,88000,6.8,2.0,5.3,,0.0,,,2,,
2.0,CASTLE HILL/UNIONPORT    ,03  THREE FAMILY HOMES                      ,1,3507.0,9.0, ,C0,402 SCREVIN AVENUE                       ,            ,10473.0,3.0,0.0,3.0,2200.0,2920.0,1970.0,1.0,C0,0.0,2009-04-06,Unknown,2009_bronx.xls,1,D4,1,D4,2.0,72000,88000,6.8,2.0,5.45,,0.0,2009-06-04,6.0,2,2009.0,39.0
2.0,CASTLE HILL/UNIONPORT    ,03  THREE FAMILY HOMES                      ,1,3511.0,5.0, ,C0,2203 NORTON AVENUE                       ,            ,10473.0,3.0,0.0,3.0,1700.0,3450.0,2006.0,1.0,C0,680000.0,2009-04-07,Unknown,2009_bronx.xls,1,D4,1,D4,2.0,72000,88000,6.8,2.0,5.45,,197.1014492753623,2009-07-04,7.0,2,2009.0,3.0
2.0,CASTLE HILL/UNIONPORT    ,03  THREE FAMILY HOMES                      ,1,3511.0,13.0, ,C0,414 CASTLE HILL AVENUE                   ,            ,10473.0,3.0,0.0,3.0,3408.0,3032.0,1988.0,1.0,C0,0.0,2009-03-19,Unknown,2009_bronx.xls,1,D4,1,D4,2.0,72000,88000,6.8,2.0,5.45,,0.0,,,2,,
2.0,CASTLE HILL/UNIONPORT    ,03  THREE FAMILY HOMES                      ,1,3512.0,89.0, ,C0,437 ZEREGA AVENUE                        ,            ,10473.0,3.0,0.0,3.0,3475.0,3350.0,2000.0,1.0,C0,345000.0,2009-08-10,Unknown,2009_bronx.xls,1,D4,1,D4,2.0,72000,88000,6.8,2.0,5.45,,102.98507462686568,2009-10-08,10.0,2,2009.0,9.0
2.0,CASTLE HILL/UNIONPORT    ,03  THREE FAMILY HOMES                      ,1,3512.0,99.0, ,C0,423 ZEREGA AVENUE                        ,            ,10473.0,3.0,0.0,3.0,1795.0,3696.0,2001.0,1.0,C0,250000.0,2009-08-10,Unknown,2009_bronx.xls,1,D4,1,D4,2.0,72000,88000,6.8,2.0,5.45,,67.64069264069263,2009-10-08,10.0,2,2009.0,8.0
2.0,CASTLE HILL/UNIONPORT    ,03  THREE FAMILY HOMES                      ,1,3512.0,188.0, ,C0,439 ZEREGA AVENUE                        ,            ,10473.0,3.0,0.0,3.0,2151.0,2627.0,2000.0,1.0,C0,345000.0,2009-08-10,Unknown,2009_bronx.xls,1,D4,1,D4,2.0,72000,88000,6.8,2.0,5.45,,131.32851161020176,2009-10-08,10.0,2,2009.0,9.0
2.0,CASTLE HILL/UNIONPORT    ,03  THREE FAMILY HOMES                      ,1,3607.0,27.0, ,C0,2006 HOMER AVENUE                        ,            ,10473.0,3.0,0.0,3.0,1900.0,4560.0,2006.0,1.0,C0,0.0,2009-02-18,Unknown,2009_bronx.xls,1,D4,1,D4,2.0,72000,88000,6.8,2.0,5.45,,0.0,,,2,,
2.0,CASTLE HILL/UNIONPORT    ,03  THREE FAMILY HOMES                      ,1,3607.0,28.0, ,C0,2008 HOMER AVENUE                        ,            ,10473.0,3.0,0.0,3.0,1900.0,4560.0,2006.0,1.0,C0,0.0,2009-03-19,Unknown,2009_bronx.xls,1,D4,1,D4,2.0,72000,88000,6.8,2.0,5.45,,0.0,,,2,,
2.0,CASTLE HILL/UNIONPORT    ,03  THREE FAMILY HOMES                      ,1,3613.0,24.0, ,C0,2215 SEWARD AVENUE                       ,            ,10473.0,3.0,0.0,3.0,5000.0,3536.0,1930.0,1.0,C0,0.0,2009-03-25,Unknown,2009_bronx.xls,1,D4,1,D4,2.0,72000,88000,6.8,2.0,5.45,,0.0,,,2,,
2.0,CASTLE HILL/UNIONPORT    ,03  THREE FAMILY HOMES                      ,1,3687.0,22.0, ,C0,2138 QUIMBY AVENUE                       ,            ,10473.0,3.0,0.0,3.0,5124.0,3050.0,1899.0,1.0,C0,0.0,2009-02-04,Unknown,2009_bronx.xls,1,D4,1,D4,2.0,72000,88000,6.8,2.0,5.45,,0.0,2009-04-02,4.0,2,2009.0,110.0
2.0,CASTLE HILL/UNIONPORT    ,03  THREE FAMILY HOMES                      ,1,3697.0,2.0, ,C0,832 HAVEMEYER AVENUE                     ,            ,10473.0,3.0,0.0,3.0,2200.0,3150.0,1925.0,1.0,C0,0.0,2009-06-26,Unknown,2009_bronx.xls,1,D4,1,D4,2.0,72000,88000,6.8,2.0,5.45,,0.0,,,2,,
2.0,CASTLE HILL/UNIONPORT    ,03  THREE FAMILY HOMES                      ,1,3697.0,3.0, ,C0,834 HAVEMEYER AVENUE                     ,            ,10473.0,3.0,0.0,3.0,2206.0,3150.0,1925.0,1.0,C0,520000.0,2009-08-04,Unknown,2009_bronx.xls,1,D4,1,D4,2.0,72000,88000,6.8,2.0,5.45,,165.0793650793651,2009-04-08,4.0,2,2009.0,84.0
2.0,CASTLE HILL/UNIONPORT    ,03  THREE FAMILY HOMES                      ,1,3792.0,15.0, ,C0,1946 GLEASON AVENUE                      ,            ,10472.0,3.0,0.0,3.0,2575.0,3132.0,1940.0,1.0,C0,0.0,2009-06-26,Unknown,2009_bronx.xls,1,D4,1,D4,2.0,72000,88000,6.8,2.0,5.45,,0.0,,,2,,
2.0,CASTLE HILL/UNIONPORT    ,03  THREE FAMILY HOMES                      ,1,3792.0,18.0, ,C0,1952 GLEASON AVENUE                      ,            ,10472.0,3.0,0.0,3.0,2575.0,4050.0,2010.0,1.0,C0,0.0,2009-06-19,Unknown,2009_bronx.xls,1,D4,1,D4,2.0,72000,88000,6.8,2.0,5.45,,0.0,,,2,,
2.0,CASTLE HILL/UNIONPORT    ,03  THREE FAMILY HOMES                      ,1,3793.0,83.0, ,C0,1939 GLEASON AVENUE                      ,            ,10472.0,3.0,0.0,3.0,2577.0,3740.0,1935.0,1.0,C0,571650.0,2009-06-23,Unknown,2009_bronx.xls,1,D4,1,D4,2.0,72000,88000,6.8,2.0,5.45,,152.8475935828877,,,2,,
2.0,CASTLE HILL/UNIONPORT    ,03  THREE FAMILY HOMES                      ,1,3809.0,32.0, ,C0,2148 HAVILAND AVENUE                     ,            ,10472.0,3.0,0.0,3.0,2549.0,2096.0,1899.0,1.0,C0,499924.0,2009-11-09,Unknown,2009_bronx.xls,1,D4,1,D4,2.0,72000,88000,6.8,2.0,5.45,,238.513358778626,2009-09-11,9.0,2,2009.0,110.0
2.0,CASTLE HILL/UNIONPORT    ,05  TAX CLASS 1 VACANT LAND                 ,1,3699.0,28.0, ,B1,2344 QUIMBY AVENUE                       ,            ,10473.0,2.0,0.0,2.0,2918.0,2500.0,2010.0,1.0,V0,83000.0,2009-09-09,Unknown,2009_bronx.xls,1,D4,1,D4,2.0,72000,88000,6.8,2.0,5.3,,33.2,2009-09-09,9.0,2,2009.0,0.0
2.0,CASTLE HILL/UNIONPORT    ,05  TAX CLASS 1 VACANT LAND                 ,1B,3788.0,53.0, ,V0,CHATTERTON AVENUE                        ,            ,10472.0,0.0,0.0,0.0,2575.0,0.0,0.0,1.0,V0,0.0,2009-01-31,Unknown,2009_bronx.xls,1,D4,1,D4,2.0,72000,88000,6.8,2.0,5.0,,,,,2,,
2.0,CASTLE HILL/UNIONPORT    ,06  TAX CLASS 1 - OTHER                     ,1,3798.0,27.0, ,B2,2038 BLACKROCK AVENUE                    ,            ,10472.0,2.0,0.0,2.0,2575.0,1744.0,2010.0,1.0,G0,70000.0,2009-10-29,Unknown,2009_bronx.xls,1,D4,1,D4,2.0,72000,88000,6.8,2.0,5.3,,40.13761467889909,,,2,,
2.0,CASTLE HILL/UNIONPORT    ,06  TAX CLASS 1 - OTHER                     ,1,3798.0,27.0, ,B2,2038 BLACKROCK AVENUE                    ,            ,10472.0,2.0,0.0,2.0,2575.0,1744.0,2010.0,1.0,G0,0.0,2009-10-19,Unknown,2009_bronx.xls,1,D4,1,D4,2.0,72000,88000,6.8,2.0,5.3,,0.0,,,2,,
2.0,CASTLE HILL/UNIONPORT    ,07  RENTALS - WALKUP APARTMENTS             ,2A,3694.0,10.0, ,C3,2200 BRUCKNER BOULEVARD                  ,            ,10473.0,4.0,0.0,4.0,2772.0,1960.0,1931.0,2.0,C3,0.0,2009-11-19,Unknown,2009_bronx.xls,1,D4,1,D4,2.0,72000,88000,6.8,2.0,5.6,,0.0,,,2,,
2.0,CASTLE HILL/UNIONPORT    ,07  RENTALS - WALKUP APARTMENTS             ,2A,3792.0,19.0, ,C2,1954 GLEASON AVENUE                      ,            ,10472.0,6.0,0.0,6.0,2575.0,3360.0,1927.0,2.0,C2,435669.0,2009-06-19,Unknown,2009_bronx.xls,1,D4,1,D4,2.0,72000,88000,6.8,2.0,5.9,,129.66339285714287,,,2,,
2.0,CASTLE HILL/UNIONPORT    ,07  RENTALS - WALKUP APARTMENTS             ,2,3792.0,37.0, ,C1,1990 GLEASON AVENUE                      ,            ,10472.0,46.0,0.0,46.0,10300.0,43500.0,1927.0,2.0,C1,0.0,2009-07-27,Unknown,2009_bronx.xls,1,D4,1,D4,2.0,72000,88000,6.8,2.0,10.0,,0.0,,,2,,
2.0,CASTLE HILL/UNIONPORT    ,07  RENTALS - WALKUP APARTMENTS             ,2,3792.0,42.0, ,C7,1996 GLEASON AVENUE                      ,            ,10472.0,42.0,5.0,47.0,9064.0,45570.0,1928.0,2.0,C7,0.0,2009-07-27,Unknown,2009_bronx.xls,1,D4,1,D4,2.0,72000,88000,6.8,2.0,10.0,,0.0,,,2,,
2.0,CASTLE HILL/UNIONPORT    ,07  RENTALS - WALKUP APARTMENTS             ,2A,3793.0,17.0, ,C3,1942 ELLIS AVENUE                        ,            ,10472.0,4.0,0.0,4.0,2575.0,2680.0,1928.0,2.0,C3,665000.0,2009-04-03,Unknown,2009_bronx.xls,1,D4,1,D4,2.0,72000,88000,6.8,2.0,5.6,,248.13432835820896,2009-03-04,3.0,2,2009.0,81.0
2.0,CASTLE HILL/UNIONPORT    ,07  RENTALS - WALKUP APARTMENTS             ,2,3801.0,43.0, ,C7,2075 HAVILAND AVENUE                     ,            ,10472.0,26.0,1.0,27.0,5200.0,25250.0,1916.0,2.0,C7,1985719.0,2009-11-02,Unknown,2009_bronx.xls,1,D4,1,D4,2.0,72000,88000,6.8,2.0,9.05,,78.64233663366336,2009-02-11,2.0,2,2009.0,93.0
2.0,CASTLE HILL/UNIONPORT    ,07  RENTALS - WALKUP APARTMENTS             ,2A,3807.0,73.0, ,C3,2131 CHATTERTON AVENUE                   ,            ,10472.0,4.0,0.0,4.0,2549.0,3486.0,1927.0,2.0,C3,608400.0,2009-04-16,Unknown,2009_bronx.xls,1,D4,1,D4,2.0,72000,88000,6.8,2.0,5.6,,174.52667814113596,,,2,,
2.0,CASTLE HILL/UNIONPORT    ,10  COOPS - ELEVATOR APARTMENTS             ,2,3794.0,13.0, ,D4,"1966 NEWBOLD AVENUE, 909                 ",            ,10472.0,0.0,0.0,0.0,0.0,0.0,1967.0,2.0,D4,133000.0,2009-03-23,Unknown,2009_bronx.xls,1,D4,1,D4,2.0,72000,88000,6.8,2.0,5.0,,,,,2,,
2.0,CASTLE HILL/UNIONPORT    ,10  COOPS - ELEVATOR APARTMENTS             ,2,3794.0,13.0, ,D4,"1966 NEWBOLD AVENUE, 708                 ",            ,10472.0,0.0,0.0,0.0,0.0,0.0,1967.0,2.0,D4,55000.0,2009-03-03,Unknown,2009_bronx.xls,1,D4,1,D4,2.0,72000,88000,6.8,2.0,5.0,,,2009-03-03,3.0,2,2009.0,42.0
2.0,CASTLE HILL/UNIONPORT    ,10  COOPS - ELEVATOR APARTMENTS             ,2,3794.0,13.0, ,D4,"1966 NEWBOLD AVENUE, 402                 ",            ,10472.0,0.0,0.0,0.0,0.0,0.0,1967.0,2.0,D4,135000.0,2009-09-16,Unknown,2009_bronx.xls,1,D4,1,D4,2.0,72000,88000,6.8,2.0,5.0,,,,,2,,
2.0,CASTLE HILL/UNIONPORT    ,14  RENTALS - 4-10 UNIT                     ,2A,3685.0,41.0, ,S3,847 CASTLE HILL AVENUE                   ,            ,10473.0,3.0,1.0,4.0,2035.0,2763.0,1920.0,2.0,S3,0.0,2009-03-23,Unknown,2009_bronx.xls,1,D4,1,D4,2.0,72000,88000,6.8,2.0,5.6,,0.0,,,2,,
2.0,CASTLE HILL/UNIONPORT    ,38  ASYLUMS AND HOMES                       ,4,3511.0,30.0, ,N9,450 CASTLE HILL AVENUE                   ,            ,10473.0,0.0,1.0,1.0,10800.0,20200.0,1971.0,4.0,N9,3795737.0,2009-01-05,Unknown,2009_bronx.xls,1,D4,1,D4,2.0,72000,88000,6.8,2.0,5.15,,187.9077722772277,2009-05-01,5.0,2,2009.0,38.0
2.0,CITY ISLAND              ,01  ONE FAMILY HOMES                        ,1,5624.0,8.0, ,A9,5 ROCHELLE STREET                        ,            ,10464.0,1.0,0.0,1.0,7750.0,2700.0,1925.0,1.0,A9,0.0,2009-02-17,Unknown,2009_bronx.xls,1,D4,1,D4,2.0,72000,88000,6.8,2.0,5.15,,0.0,,,2,,
2.0,CITY ISLAND              ,01  ONE FAMILY HOMES                        ,1,5625.0,11.0, ,A2,106 HORTON                               ,            ,10464.0,1.0,0.0,1.0,7513.0,848.0,1920.0,1.0,A2,0.0,2009-01-29,Unknown,2009_bronx.xls,1,D4,1,D4,2.0,72000,88000,6.8,2.0,5.15,,0.0,,,2,,
2.0,CITY ISLAND              ,01  ONE FAMILY HOMES                        ,1,5625.0,242.0, ,A1,111 HORTON STREET                        ,            ,10464.0,1.0,0.0,1.0,10000.0,2545.0,1900.0,1.0,A1,0.0,2009-06-09,Unknown,2009_bronx.xls,1,D4,1,D4,2.0,72000,88000,6.8,2.0,5.15,,0.0,2009-09-06,9.0,2,2009.0,109.0
2.0,CITY ISLAND              ,01  ONE FAMILY HOMES                        ,1,5626.0,148.0, ,A5,105 REYNOLDS STREET                      ,            ,10464.0,1.0,0.0,1.0,3315.0,1933.0,1960.0,1.0,A5,0.0,2009-07-15,Unknown,2009_bronx.xls,1,D4,1,D4,2.0,72000,88000,6.8,2.0,5.15,,0.0,,,2,,
2.0,CITY ISLAND              ,01  ONE FAMILY HOMES                        ,1,5626.0,169.0, ,A5,61A REYNOLD STREET                       ,            ,10464.0,1.0,0.0,1.0,2375.0,1938.0,1965.0,1.0,A5,500000.0,2009-11-12,Unknown,2009_bronx.xls,1,D4,1,D4,2.0,72000,88000,6.8,2.0,5.15,,257.99793601651186,2009-12-11,12.0,2,2009.0,44.0
2.0,CITY ISLAND              ,01  ONE FAMILY HOMES                        ,1,5626.0,190.0, ,A2,44 PELL PLACE                            ,            ,10464.0,1.0,0.0,1.0,4750.0,1560.0,1925.0,1.0,A2,0.0,2009-07-15,Unknown,2009_bronx.xls,1,D4,1,D4,2.0,72000,88000,6.8,2.0,5.15,,0.0,,,2,,
2.0,CITY ISLAND              ,01  ONE FAMILY HOMES                        ,1,5626.0,223.0, ,A2,91 PELL PLACE                            ,            ,10464.0,1.0,0.0,1.0,3555.0,1001.0,1925.0,1.0,A2,353000.0,2009-12-09,Unknown,2009_bronx.xls,1,D4,1,D4,2.0,72000,88000,6.8,2.0,5.15,,352.64735264735265,2009-09-12,9.0,2,2009.0,84.0
2.0,CITY ISLAND              ,01  ONE FAMILY HOMES                        ,1,5626.0,238.0, ,A1,51 PELL PLACE                            ,            ,10464.0,1.0,0.0,1.0,2375.0,1156.0,1925.0,1.0,A1,44000.0,2009-11-05,Unknown,2009_bronx.xls,1,D4,1,D4,2.0,72000,88000,6.8,2.0,5.15,,38.062283737024224,2009-05-11,5.0,2,2009.0,84.0
2.0,CITY ISLAND              ,01  ONE FAMILY HOMES                        ,1,5626.0,274.0, ,A1,80 EARLEY STREET                         ,            ,10464.0,1.0,0.0,1.0,4750.0,1408.0,1925.0,1.0,A1,542500.0,2009-09-01,Unknown,2009_bronx.xls,1,D4,1,D4,2.0,72000,88000,6.8,2.0,5.15,,385.29829545454544,2009-01-09,1.0,2,2009.0,84.0
2.0,CITY ISLAND              ,01  ONE FAMILY HOMES                        ,1,5626.0,336.0, ,A1,60 WINTERS STREET                        ,            ,10464.0,1.0,0.0,1.0,4750.0,880.0,1925.0,1.0,A1,275000.0,2009-04-13,Unknown,2009_bronx.xls,1,D4,1,D4,2.0,72000,88000,6.8,2.0,5.15,,312.5,,,2,,
2.0,CITY ISLAND              ,01  ONE FAMILY HOMES                        ,1,5628.0,35.0, ,A2,49 SCHOFIELD STREET                      ,            ,10464.0,1.0,0.0,1.0,3592.0,1155.0,1930.0,1.0,A2,445000.0,2009-11-30,Unknown,2009_bronx.xls,1,D4,1,D4,2.0,72000,88000,6.8,2.0,5.15,,385.28138528138527,,,2,,
2.0,CITY ISLAND              ,01  ONE FAMILY HOMES                        ,1,5629.0,22.0, ,A2,32 FORDHAM STREET                        ,            ,10464.0,1.0,0.0,1.0,3960.0,1764.0,1955.0,1.0,A2,400500.0,2009-07-08,Unknown,2009_bronx.xls,1,D4,1,D4,2.0,72000,88000,6.8,2.0,5.15,,227.0408163265306,2009-08-07,8.0,2,2009.0,54.0
2.0,CITY ISLAND              ,01  ONE FAMILY HOMES                        ,1,5629.0,253.0, ,A1,81 CAROLL STREET                         ,            ,10464.0,1.0,0.0,1.0,11050.0,1050.0,1901.0,1.0,A1,545000.0,2009-12-02,Unknown,2009_bronx.xls,1,D4,1,D4,2.0,72000,88000,6.8,2.0,5.15,,519.047619047619,2009-02-12,2.0,2,2009.0,108.0
