Actual,Predicted,Model
702799.9999999995,774203.2323628849,CatBoost Regressor
515000.00000000006,1704325.7327645053,CatBoost Regressor
1529999.9999999988,1225842.3490233272,CatBoost Regressor
2125000.0000000014,1384699.557480933,CatBoost Regressor
1046500.0000000002,1066898.0624994005,CatBoost Regressor
465000.00000000023,516248.0914784493,CatBoost Regressor
1050000.0000000007,1193283.3718492228,CatBoost Regressor
369999.99999999977,458481.7591278598,CatBoost Regressor
855285.9999999999,699971.6237146443,CatBoost Regressor
504999.99999999977,380509.59434166265,CatBoost Regressor
630000.0000000006,617110.3765400468,CatBoost Regressor
1325000.0000000007,1104487.2744373097,CatBoost Regressor
1275000.0000000002,1202625.4230884018,CatBoost Regressor
769999.9999999997,863341.854890599,CatBoost Regressor
790000.0000000003,676046.8556276461,CatBoost Regressor
1650000.0000000007,1492664.9026687138,CatBoost Regressor
1800000.000000001,1512686.375286162,CatBoost Regressor
1499999.9999999986,1201098.5402158294,CatBoost Regressor
1299999.9999999993,725026.3666682163,CatBoost Regressor
460000.0000000002,390875.08648718847,CatBoost Regressor
1200000.0000000005,1227388.4738162463,CatBoost Regressor
653000.0000000001,436650.44422637124,CatBoost Regressor
695000.0,596966.6793821864,CatBoost Regressor
1479999.999999999,793462.1219556559,CatBoost Regressor
1499999.9999999986,839486.9480614702,CatBoost Regressor
425880.0000000002,667716.8980080768,CatBoost Regressor
2250000.000000001,1035318.4958683713,CatBoost Regressor
998999.9999999995,956061.0351994475,CatBoost Regressor
995000.0,1090836.7661030474,CatBoost Regressor
280000.0,285006.69031635864,CatBoost Regressor
1749999.9999999998,1512584.6309692003,CatBoost Regressor
710000.0,709704.3323233317,CatBoost Regressor
1220000.0000000002,903603.9965179864,CatBoost Regressor
415000.00000000006,548516.4094839254,CatBoost Regressor
960000.0000000006,1240861.4020257862,CatBoost Regressor
2750000.0,1750263.8283156264,CatBoost Regressor
1318797.9999999988,983511.6411290608,CatBoost Regressor
189999.9999999999,261914.0987654718,CatBoost Regressor
425000.0000000002,1051299.6976508496,CatBoost Regressor
716999.9999999997,623600.2154633156,CatBoost Regressor
354999.9999999998,313469.4996046904,CatBoost Regressor
1338999.999999999,1163467.8035627746,CatBoost Regressor
509999.9999999998,815277.6266108587,CatBoost Regressor
499990.00000000023,920159.9107868361,CatBoost Regressor
965743.9999999997,1057891.67519623,CatBoost Regressor
560000.0000000003,330151.79269739403,CatBoost Regressor
1699999.9999999988,802231.3610935725,CatBoost Regressor
599000.0,530414.4247183136,CatBoost Regressor
1899999.9999999993,1064815.4120355926,CatBoost Regressor
2010000.0000000016,1118268.7544385544,CatBoost Regressor
480000.00000000006,666663.1736610534,CatBoost Regressor
330000.0000000001,342886.40374699683,CatBoost Regressor
1600000.0000000012,1469169.9344891582,CatBoost Regressor
757563.9999999998,1178394.5270946883,CatBoost Regressor
721999.9999999999,465072.1346967615,CatBoost Regressor
1650000.0000000007,1036971.9009589154,CatBoost Regressor
780000.0000000001,957704.6964150894,CatBoost Regressor
1328000.000000001,1085007.5691454932,CatBoost Regressor
2129962.0,1773069.955141169,CatBoost Regressor
1092499.999999999,804274.4074045245,CatBoost Regressor
960000.0000000006,1013461.3165055246,CatBoost Regressor
780000.0000000001,760251.897482332,CatBoost Regressor
166215.0000000001,96100.66338904868,CatBoost Regressor
315000.0000000002,315247.86370956496,CatBoost Regressor
1200000.0000000005,859648.6845619122,CatBoost Regressor
1800000.000000001,1268510.363953616,CatBoost Regressor
1499999.9999999986,1292837.5399868502,CatBoost Regressor
393000.0000000002,521573.6677658249,CatBoost Regressor
600000.0000000003,631094.1992232219,CatBoost Regressor
749999.9999999998,649714.9471757949,CatBoost Regressor
239000.00000000003,284916.57964604563,CatBoost Regressor
2603892.999999999,996493.6569170571,CatBoost Regressor
925000.0000000007,675446.3435938567,CatBoost Regressor
1505409.9999999998,1569525.108451643,CatBoost Regressor
1559999.9999999998,1063418.41257352,CatBoost Regressor
515000.00000000006,371523.8856234768,CatBoost Regressor
1670103.9999999993,1763728.029534044,CatBoost Regressor
905000.0000000006,733281.972334246,CatBoost Regressor
744999.9999999997,628486.9711797175,CatBoost Regressor
2109999.999999998,1981602.5917919464,CatBoost Regressor
1570000.0000000005,1215482.2479147618,CatBoost Regressor
1209072.0000000002,1450241.285331171,CatBoost Regressor
790000.0000000003,965138.2666596714,CatBoost Regressor
820000.0000000005,737477.1699865537,CatBoost Regressor
1857100.0000000002,1474506.6536593467,CatBoost Regressor
2146566.9999999986,1837610.325177135,CatBoost Regressor
2499999.9999999995,2243722.7743941974,CatBoost Regressor
995000.0,1034665.3000921924,CatBoost Regressor
534999.9999999995,650759.7742680048,CatBoost Regressor
409999.9999999997,175367.83688537142,CatBoost Regressor
825000.0000000006,761321.7987809018,CatBoost Regressor
2499999.9999999995,942190.6371376707,CatBoost Regressor
700000.0000000006,809265.0878316858,CatBoost Regressor
1998999.9999999981,1825921.45464421,CatBoost Regressor
2400000.000000001,933057.7003052785,CatBoost Regressor
759999.9999999999,853309.5821822502,CatBoost Regressor
1620000.0000000007,1035569.4079407624,CatBoost Regressor
670896.9999999998,623868.4586600141,CatBoost Regressor
2425000.000000001,1685915.9314178803,CatBoost Regressor
751544.0000000002,1338373.2900238198,CatBoost Regressor
620000.0000000005,903175.1268573845,CatBoost Regressor
1746721.000000001,1871393.4563610714,CatBoost Regressor
998000.0000000008,875009.0421945987,CatBoost Regressor
712774.9999999995,608661.4709012728,CatBoost Regressor
343999.99999999977,1308162.742782291,CatBoost Regressor
680000.0000000003,597128.1683970385,CatBoost Regressor
555000.0000000002,560904.2267219988,CatBoost Regressor
714999.9999999995,597876.5620586325,CatBoost Regressor
674999.9999999998,610447.1460412506,CatBoost Regressor
1365528.0,1184429.9015822418,CatBoost Regressor
749999.9999999998,831277.2202350512,CatBoost Regressor
634999.9999999997,376859.4956956071,CatBoost Regressor
2844999.999999999,1583489.5171258305,CatBoost Regressor
1553276.0000000005,1495066.1562296383,CatBoost Regressor
735000.0000000005,631361.2540786362,CatBoost Regressor
1699999.9999999988,1259757.35491223,CatBoost Regressor
636405.9999999994,499029.6708191737,CatBoost Regressor
859999.9999999997,645598.0538405236,CatBoost Regressor
1099999.9999999998,959836.0767673492,CatBoost Regressor
449999.99999999994,274964.90649551107,CatBoost Regressor
1650000.0000000007,1438346.0131922972,CatBoost Regressor
1816788.0000000002,1937195.6776508037,CatBoost Regressor
880000.0,628441.892132449,CatBoost Regressor
849000.0,729493.9299691354,CatBoost Regressor
859999.9999999997,841506.4056600629,CatBoost Regressor
1566711.9999999998,943027.7363008121,CatBoost Regressor
1474999.999999999,976108.3891366632,CatBoost Regressor
1336500.0000000012,999490.8167474263,CatBoost Regressor
1582500.000000001,1194414.4961830163,CatBoost Regressor
634999.9999999997,592312.0000400938,CatBoost Regressor
1905963.0000000016,1419704.8318785157,CatBoost Regressor
364999.99999999977,260563.49650138218,CatBoost Regressor
1299999.9999999993,1060024.86045598,CatBoost Regressor
2199999.9999999995,1208341.0955260384,CatBoost Regressor
674999.9999999998,880298.8197182139,CatBoost Regressor
2950000.000000002,1436970.52213606,CatBoost Regressor
628999.9999999997,800727.146492898,CatBoost Regressor
2375000.0,1091272.1452286,CatBoost Regressor
700000.0000000006,1106035.808702355,CatBoost Regressor
744999.9999999997,474022.43365844886,CatBoost Regressor
649999.9999999995,443070.69182258507,CatBoost Regressor
1111369.999999999,883583.617982844,CatBoost Regressor
498999.9999999996,332523.65494178655,CatBoost Regressor
555000.0000000002,681885.6174817542,CatBoost Regressor
1350000.0,1062949.0280592104,CatBoost Regressor
710000.0,811050.355316703,CatBoost Regressor
663989.9999999995,611564.1441057288,CatBoost Regressor
1249999.999999999,1072870.4822354342,CatBoost Regressor
1370000.0000000007,1149546.5764413383,CatBoost Regressor
615000.0,550508.2712836135,CatBoost Regressor
1150000.0000000005,1065084.0752681931,CatBoost Regressor
1944999.999999999,1791396.9826533215,CatBoost Regressor
989999.9999999992,918056.2155578582,CatBoost Regressor
2400000.000000001,1886258.2667904408,CatBoost Regressor
1190767.9999999993,784139.8090214761,CatBoost Regressor
875500.0000000002,742303.5955403822,CatBoost Regressor
2156270.000000002,2257971.512501341,CatBoost Regressor
729999.9999999998,690420.303658297,CatBoost Regressor
1694999.9999999998,1638258.7253599234,CatBoost Regressor
349999.9999999997,302320.6862168737,CatBoost Regressor
729999.9999999998,1465950.5830245055,CatBoost Regressor
1575000.0000000002,1418782.5219578044,CatBoost Regressor
480000.00000000006,662975.1022370869,CatBoost Regressor
710000.0,666431.1504589932,CatBoost Regressor
169000.00000000012,328237.7882197528,CatBoost Regressor
999998.9999999995,1094597.0276254746,CatBoost Regressor
1179999.9999999993,906452.4438476693,CatBoost Regressor
1550000.0000000012,710593.5999425523,CatBoost Regressor
844999.9999999993,930391.5659242551,CatBoost Regressor
515000.00000000006,502083.0558308576,CatBoost Regressor
680000.0000000003,716963.953093352,CatBoost Regressor
354999.9999999998,311300.4332996083,CatBoost Regressor
369000.0000000001,306786.59472369996,CatBoost Regressor
2900000.0000000014,1321842.6551038318,CatBoost Regressor
509253.00000000023,678260.5208618817,CatBoost Regressor
775000.0000000007,719592.5338596617,CatBoost Regressor
749999.9999999998,772408.3894895226,CatBoost Regressor
270000.00000000006,344094.56770993315,CatBoost Regressor
950000.0000000008,1173572.8904572662,CatBoost Regressor
480000.00000000006,420929.2805692886,CatBoost Regressor
1499999.9999999986,1897414.6987890739,CatBoost Regressor
435999.99999999965,468787.24793113733,CatBoost Regressor
544999.9999999997,599192.3728191019,CatBoost Regressor
130000.00000000009,150806.132391135,CatBoost Regressor
810916.0000000003,798486.1552126129,CatBoost Regressor
759999.9999999999,522009.1115231394,CatBoost Regressor
999999.9999999997,1168623.8507085796,CatBoost Regressor
299999.99999999977,964600.5418795006,CatBoost Regressor
349999.9999999997,368442.4797242024,CatBoost Regressor
339999.99999999994,729126.2134659949,CatBoost Regressor
2002277.9999999993,2500549.14943884,CatBoost Regressor
1487999.9999999995,1303038.7903447773,CatBoost Regressor
1499999.9999999986,1336482.881938244,CatBoost Regressor
275000.0000000002,472991.838830596,CatBoost Regressor
341079.0000000002,349490.02574094996,CatBoost Regressor
1375401.0,1313204.063401299,CatBoost Regressor
1622800.0000000012,1953769.9849203185,CatBoost Regressor
1731106.0000000012,1674926.1689978314,CatBoost Regressor
1595000.0000000007,1214651.3430594583,CatBoost Regressor
2625000.0000000005,825203.573139247,CatBoost Regressor
640333.0000000005,512273.00584193907,CatBoost Regressor
995000.0,992263.0490388074,CatBoost Regressor
1680000.0000000005,1026861.691515521,CatBoost Regressor
654999.9999999995,1288369.2955222616,CatBoost Regressor
565000.0000000003,336412.16666610405,CatBoost Regressor
2349999.999999999,1304886.3968055267,CatBoost Regressor
1800000.000000001,1431198.5544930932,CatBoost Regressor
685000.0000000005,603966.7584732831,CatBoost Regressor
415000.00000000006,308722.1520010079,CatBoost Regressor
1350000.0,1270108.4550528198,CatBoost Regressor
2800000.000000002,1522841.1871510607,CatBoost Regressor
273999.99999999994,428838.05162548984,CatBoost Regressor
1790706.0000000007,1542733.2010040756,CatBoost Regressor
471999.9999999998,318325.63947622315,CatBoost Regressor
977499.9999999997,750562.3832652192,CatBoost Regressor
1465000.0000000012,1125270.544049587,CatBoost Regressor
1272812.999999999,961735.5195406836,CatBoost Regressor
780000.0000000001,619177.1979908684,CatBoost Regressor
749999.9999999998,1254457.96544399,CatBoost Regressor
1359438.0000000002,1417340.2251844842,CatBoost Regressor
986013.0000000006,706711.3405114455,CatBoost Regressor
1299999.9999999993,1055091.4645101142,CatBoost Regressor
2649999.999999999,1621321.572825661,CatBoost Regressor
600999.9999999997,665777.5757424239,CatBoost Regressor
615000.0,369149.0720129544,CatBoost Regressor
854999.9999999993,910819.3031343529,CatBoost Regressor
974999.9999999999,684343.3943976176,CatBoost Regressor
395000.00000000035,581036.2359332262,CatBoost Regressor
1679162.0000000014,1498023.8434816408,CatBoost Regressor
186500.0000000001,180440.34100924863,CatBoost Regressor
364999.99999999977,309916.5896481572,CatBoost Regressor
1118000.000000001,1045131.8966017278,CatBoost Regressor
1989999.9999999988,1839768.6040941903,CatBoost Regressor
989999.9999999992,527136.218048838,CatBoost Regressor
749000.0,559659.9491052576,CatBoost Regressor
1409882.0000000007,1518767.427164358,CatBoost Regressor
780000.0000000001,704233.5063847274,CatBoost Regressor
685000.0000000005,633967.4283309992,CatBoost Regressor
1884999.9999999986,494871.2922106892,CatBoost Regressor
30419.99999999999,552904.5816935842,CatBoost Regressor
1325000.0000000007,1486696.0154409453,CatBoost Regressor
610000.0000000005,807473.4837476236,CatBoost Regressor
979999.9999999997,759882.8925300685,CatBoost Regressor
1793307.0000000007,1890052.263036832,CatBoost Regressor
870000.0000000006,997258.8481137812,CatBoost Regressor
989999.9999999992,735099.6475905273,CatBoost Regressor
759999.9999999999,549981.3670038016,CatBoost Regressor
479000.00000000035,485516.84275344876,CatBoost Regressor
575000.0000000001,609027.3036420862,CatBoost Regressor
765000.0000000003,649886.6976079809,CatBoost Regressor
1340000.0000000002,1309937.5915419883,CatBoost Regressor
579999.9999999997,495035.0720895864,CatBoost Regressor
465000.00000000023,502298.6525808817,CatBoost Regressor
299999.99999999977,380716.04181047675,CatBoost Regressor
1050000.0000000007,790389.8945878644,CatBoost Regressor
960000.0000000006,854747.1951225505,CatBoost Regressor
520900.00000000023,457317.5107590649,CatBoost Regressor
2400000.000000001,2177170.915292143,CatBoost Regressor
2100000.000000001,1534965.0148690701,CatBoost Regressor
435000.0,881362.2089139704,CatBoost Regressor
915000.0000000002,682149.745724918,CatBoost Regressor
1249999.999999999,962622.7377152125,CatBoost Regressor
1630000.000000001,1514836.6019332078,CatBoost Regressor
700000.0000000006,505180.8442346508,CatBoost Regressor
778960.9999999994,560121.7830399164,CatBoost Regressor
14999.99999999999,262996.423814333,CatBoost Regressor
744999.9999999997,762063.9225552533,CatBoost Regressor
320000.00000000006,657082.6567166161,CatBoost Regressor
864999.9999999994,911124.6346883219,CatBoost Regressor
1093909.9999999998,1023124.5068915413,CatBoost Regressor
1325000.0000000007,1041859.8417531241,CatBoost Regressor
1244999.999999999,1267566.2364884566,CatBoost Regressor
899999.9999999995,840689.465222408,CatBoost Regressor
1525000.0000000005,1430348.2334372767,CatBoost Regressor
1770812.9999999995,1928134.6506363794,CatBoost Regressor
445439.99999999994,992155.4760532881,CatBoost Regressor
549999.9999999998,1700134.0778506105,CatBoost Regressor
765000.0000000003,512396.1792152317,CatBoost Regressor
106428.0,818769.3321046208,CatBoost Regressor
1144999.9999999998,1007707.6392926205,CatBoost Regressor
1069999.9999999998,985920.7179919588,CatBoost Regressor
1350000.0,1760091.2453038625,CatBoost Regressor
165000.00000000015,320895.4018736903,CatBoost Regressor
2325000.0,1021935.1169299101,CatBoost Regressor
549999.9999999998,580746.9103561387,CatBoost Regressor
1474999.999999999,1036812.785693969,CatBoost Regressor
1299999.9999999993,970498.7790827985,CatBoost Regressor
840000.0000000005,707794.3349729616,CatBoost Regressor
2000000.0000000016,1462741.5014665774,CatBoost Regressor
610000.0000000005,879911.8352622752,CatBoost Regressor
1090000.0000000002,969404.8886038117,CatBoost Regressor
1107283.999999999,382970.43705959606,CatBoost Regressor
392000.0,327455.0684475409,CatBoost Regressor
428000.00000000023,509852.3245919101,CatBoost Regressor
834999.9999999998,954479.0541313211,CatBoost Regressor
890000.0000000002,890322.838169486,CatBoost Regressor
1734999.9999999986,1209577.1848272036,CatBoost Regressor
640999.9999999994,547027.598425808,CatBoost Regressor
1380000.0000000005,1421622.4193092643,CatBoost Regressor
2000000.0000000016,1040861.8705286563,CatBoost Regressor
449999.99999999994,667966.5345050195,CatBoost Regressor
710000.0,716797.5336370264,CatBoost Regressor
1888464.0000000014,2133004.4468410225,CatBoost Regressor
2660000.0000000023,1753239.5712696516,CatBoost Regressor
1200000.0000000005,585890.3307266071,CatBoost Regressor
659999.9999999995,725188.9780078823,CatBoost Regressor
2695000.0000000014,1489665.106865146,CatBoost Regressor
1389999.9999999988,1085110.8888631326,CatBoost Regressor
258800.00000000015,261849.4020132317,CatBoost Regressor
507000.0000000003,660816.4753312658,CatBoost Regressor
600999.9999999997,1228780.4112640424,CatBoost Regressor
324999.9999999999,366011.5142551669,CatBoost Regressor
484999.99999999965,421071.26507172425,CatBoost Regressor
157999.99999999997,285588.1183646389,CatBoost Regressor
1550000.0000000012,1603707.0416663967,CatBoost Regressor
788188.0000000005,698857.4543152337,CatBoost Regressor
1364999.9999999993,988982.7441958128,CatBoost Regressor
1099999.9999999998,774358.1652236743,CatBoost Regressor
1007999.9999999998,970250.4870872138,CatBoost Regressor
284999.99999999994,313555.18301036,CatBoost Regressor
999999.9999999997,994669.3223297171,CatBoost Regressor
749999.9999999998,647424.1425467079,CatBoost Regressor
880000.0,999792.3236004446,CatBoost Regressor
974999.9999999999,835106.185512155,CatBoost Regressor
888000.0000000001,1187871.8946136532,CatBoost Regressor
405600.0000000003,980359.2813781785,CatBoost Regressor
710000.0,644632.3682771393,CatBoost Regressor
1469003.9999999995,1423166.0703723805,CatBoost Regressor
751798.0000000002,701712.4307892509,CatBoost Regressor
1360000.0000000002,1258301.4497777838,CatBoost Regressor
995000.0,875423.6703301882,CatBoost Regressor
1080000.0000000002,827192.0308499535,CatBoost Regressor
593335.9999999995,604363.0827597019,CatBoost Regressor
1253518.0,1347981.1759896693,CatBoost Regressor
1128725.9999999993,1215750.4288056805,CatBoost Regressor
755000.0000000005,1026854.2294134883,CatBoost Regressor
2050000.000000001,1358282.1807680554,CatBoost Regressor
1434999.9999999993,1229476.4723465517,CatBoost Regressor
1651275.9999999995,1770645.2440488196,CatBoost Regressor
448000.0000000002,330051.6799888568,CatBoost Regressor
600000.0000000003,902651.8992026738,CatBoost Regressor
1200000.0000000005,1094509.5857312218,CatBoost Regressor
330000.0000000001,317783.64075838256,CatBoost Regressor
1701417.9999999993,1857186.5220974719,CatBoost Regressor
1299999.9999999993,1495224.404304976,CatBoost Regressor
1769999.9999999984,1762676.8782690729,CatBoost Regressor
1949999.999999999,1343203.7795155125,CatBoost Regressor
1298999.999999999,962345.9234690449,CatBoost Regressor
320000.00000000006,837722.8257675321,CatBoost Regressor
800000.0000000005,1053639.9797719738,CatBoost Regressor
911334.0000000008,666763.8717181755,CatBoost Regressor
1680000.0000000005,1676720.9388044148,CatBoost Regressor
2050000.000000001,1674645.1861049368,CatBoost Regressor
165000.00000000015,183429.98690422918,CatBoost Regressor
189999.9999999999,311916.9072750315,CatBoost Regressor
565000.0000000003,669212.2715023068,CatBoost Regressor
807500.0000000006,1068379.7188269312,CatBoost Regressor
830000.0000000005,741694.8822137502,CatBoost Regressor
1389999.9999999988,1391696.3560047292,CatBoost Regressor
2499999.9999999995,922925.8077555756,CatBoost Regressor
1738259.0000000012,1551014.3903135958,CatBoost Regressor
398547.99999999977,1114081.5062743032,CatBoost Regressor
1450000.0000000002,1148814.9831012408,CatBoost Regressor
2824999.999999998,1030505.5511551131,CatBoost Regressor
864999.9999999994,824420.4194920184,CatBoost Regressor
1299999.9999999993,1879513.3139654708,CatBoost Regressor
370110.0000000002,585774.5239249698,CatBoost Regressor
1832849.9999999995,682425.1091631481,CatBoost Regressor
710000.0,648082.3383484763,CatBoost Regressor
1617667.9999999993,1428845.3855950562,CatBoost Regressor
2000000.0000000016,1715674.8557601918,CatBoost Regressor
1240000.0000000005,879295.9310742049,CatBoost Regressor
1400000.0000000007,1515707.2859902633,CatBoost Regressor
118000.00000000009,273737.4139456099,CatBoost Regressor
249999.9999999998,318414.46138956357,CatBoost Regressor
342500.00000000023,235839.24994051174,CatBoost Regressor
1129999.999999999,976480.0204683604,CatBoost Regressor
1813316.0000000005,1574988.4682658182,CatBoost Regressor
490000.0,845098.2620698467,CatBoost Regressor
346000.0,323829.0297645,CatBoost Regressor
899999.9999999995,1017693.9714042506,CatBoost Regressor
2003208.9999999984,1939641.2869636097,CatBoost Regressor
627500.0000000001,750058.6723239756,CatBoost Regressor
354999.9999999998,347437.3612146809,CatBoost Regressor
685000.0000000005,763832.4904323822,CatBoost Regressor
1024999.9999999995,790460.2290232773,CatBoost Regressor
1425369.999999999,1574502.0464127774,CatBoost Regressor
320000.00000000006,344814.2804967596,CatBoost Regressor
171999.99999999988,296991.93065316445,CatBoost Regressor
979999.9999999997,1219500.5157471506,CatBoost Regressor
870000.0000000006,762505.6251420769,CatBoost Regressor
674999.9999999998,636589.1829555228,CatBoost Regressor
1795383.0,701331.5838929978,CatBoost Regressor
2950000.000000002,1856734.316325435,CatBoost Regressor
625000.0000000002,671358.3342058505,CatBoost Regressor
909999.9999999997,810449.2394876077,CatBoost Regressor
316665.9999999999,964045.9179856031,CatBoost Regressor
842175.9999999994,1888775.16715163,CatBoost Regressor
537999.9999999998,692087.8685414733,CatBoost Regressor
700000.0000000006,892209.1578278722,CatBoost Regressor
364999.99999999977,412185.5957197548,CatBoost Regressor
349999.9999999997,519483.63929704356,CatBoost Regressor
318000.0,338109.1028192136,CatBoost Regressor
965000.0000000006,1170114.7061647186,CatBoost Regressor
915000.0000000002,753962.9139940903,CatBoost Regressor
1680113.0000000012,1418506.831605524,CatBoost Regressor
984999.9999999994,1003552.0968284546,CatBoost Regressor
989999.9999999992,982332.01128528,CatBoost Regressor
620000.0000000005,604962.7621862482,CatBoost Regressor
1350000.0,1390788.5238351,CatBoost Regressor
686500.0000000001,876751.9750748363,CatBoost Regressor
2250000.000000001,1048442.0792267934,CatBoost Regressor
989999.9999999992,1123397.5074235895,CatBoost Regressor
1529999.9999999988,1151731.157413887,CatBoost Regressor
310000.0000000002,352820.65790770313,CatBoost Regressor
710000.0,669457.7044877379,CatBoost Regressor
459342.0,725371.3851869031,CatBoost Regressor
816500.0000000006,746503.768543882,CatBoost Regressor
1211717.999999999,1355038.9649568459,CatBoost Regressor
2039813.0000000007,1842411.576540511,CatBoost Regressor
755000.0000000005,962580.6021380222,CatBoost Regressor
2869999.9999999986,1625359.4306170992,CatBoost Regressor
2072139.0000000005,1128266.4628487437,CatBoost Regressor
1374999.999999999,1138063.606913754,CatBoost Regressor
1249999.999999999,973352.9400749985,CatBoost Regressor
630000.0000000006,794854.473147905,CatBoost Regressor
1450000.0000000002,1546851.1255172074,CatBoost Regressor
1290000.0000000007,1618709.4093421225,CatBoost Regressor
1370000.0000000007,956421.3196521762,CatBoost Regressor
969999.9999999999,863804.3453554508,CatBoost Regressor
719999.9999999995,963611.1777169443,CatBoost Regressor
575000.0000000001,850755.5371613705,CatBoost Regressor
420000.0,665063.4296884518,CatBoost Regressor
2740649.999999998,1137947.5529108301,CatBoost Regressor
1325000.0000000007,1101662.1888691064,CatBoost Regressor
998000.0000000008,932500.2620522032,CatBoost Regressor
1774999.9999999986,1254480.5534010069,CatBoost Regressor
1749999.9999999998,1213385.4444206145,CatBoost Regressor
625000.0000000002,521072.0132945346,CatBoost Regressor
974999.9999999999,614719.7232499904,CatBoost Regressor
630000.0000000006,536902.1957895549,CatBoost Regressor
1354999.999999999,683974.5645493127,CatBoost Regressor
324999.9999999999,311244.5310940982,CatBoost Regressor
942449.9999999995,949530.4532899647,CatBoost Regressor
749999.9999999998,656923.8684260785,CatBoost Regressor
696431.9999999994,751363.9315508803,CatBoost Regressor
509999.9999999998,339036.1685759547,CatBoost Regressor
376818.0,385025.74504484236,CatBoost Regressor
998999.9999999995,947976.9118613742,CatBoost Regressor
1550000.0000000012,1180796.67552558,CatBoost Regressor
565000.0000000003,668341.3411267255,CatBoost Regressor
1099999.9999999998,1395956.1968665642,CatBoost Regressor
456300.00000000006,734828.4734765762,CatBoost Regressor
570000.0000000001,679275.7943280591,CatBoost Regressor
865003.0000000005,782755.8050886746,CatBoost Regressor
800000.0000000005,1079900.4498464463,CatBoost Regressor
890000.0000000002,779758.7670485994,CatBoost Regressor
534581.0000000002,762892.9996555729,CatBoost Regressor
984999.9999999994,1170375.5393465064,CatBoost Regressor
469999.9999999998,672626.3017437957,CatBoost Regressor
692410.0000000002,695899.0272556032,CatBoost Regressor
1260000.0,1064562.342354583,CatBoost Regressor
1826413.000000001,1553013.4177367229,CatBoost Regressor
998999.9999999995,1165807.4219250793,CatBoost Regressor
1400000.0000000007,596225.8586596112,CatBoost Regressor
560000.0000000003,766721.7865119122,CatBoost Regressor
1699999.9999999988,1141731.3990396876,CatBoost Regressor
249999.9999999998,1273168.377501753,CatBoost Regressor
379999.9999999999,364912.6102228413,CatBoost Regressor
449999.99999999994,333748.95133280865,CatBoost Regressor
1069576.0,1176744.3224843843,CatBoost Regressor
659999.9999999995,492034.05874231993,CatBoost Regressor
652372.0000000005,681486.2533453308,CatBoost Regressor
781084.9999999995,746233.1467152938,CatBoost Regressor
1169999.9999999998,997219.2544406252,CatBoost Regressor
1874999.999999999,957688.1498118327,CatBoost Regressor
538349.9999999995,795992.2203638885,CatBoost Regressor
1150128.0000000005,1242172.346398464,CatBoost Regressor
759999.9999999999,759269.5503396664,CatBoost Regressor
1249999.999999999,1260272.3070038129,CatBoost Regressor
283000.0000000001,321920.4783134471,CatBoost Regressor
594999.9999999997,510315.3448432451,CatBoost Regressor
2375000.0,1835458.6786330922,CatBoost Regressor
974999.9999999999,1048304.8696839942,CatBoost Regressor
772650.0000000006,651392.5466397152,CatBoost Regressor
1374999.999999999,1037582.9546923647,CatBoost Regressor
1200000.0000000005,1071198.4544215202,CatBoost Regressor
145999.99999999997,181486.82225739586,CatBoost Regressor
435000.0,624899.8946208246,CatBoost Regressor
537500.0000000003,504526.6887662587,CatBoost Regressor
399999.9999999999,1620183.8930650954,CatBoost Regressor
549999.9999999998,535866.6888136042,CatBoost Regressor
1059999.9999999993,1265892.1194415756,CatBoost Regressor
1200000.0000000005,937483.1470783293,CatBoost Regressor
189999.9999999999,301349.9385922301,CatBoost Regressor
1699999.9999999988,1306091.6089394582,CatBoost Regressor
1989999.9999999988,1454149.3842131852,CatBoost Regressor
225000.00000000015,227056.9181153853,CatBoost Regressor
284999.99999999994,256214.46207134952,CatBoost Regressor
937000.0000000003,783773.5410459312,CatBoost Regressor
830000.0000000005,781377.6044036499,CatBoost Regressor
1600000.0000000012,1461188.0161688603,CatBoost Regressor
639999.9999999998,851581.1975491632,CatBoost Regressor
1774131.0000000007,2037879.337851911,CatBoost Regressor
634999.9999999997,677296.2716529238,CatBoost Regressor
1684999.9999999988,558922.4896721245,CatBoost Regressor
556207.9999999995,435670.4541471254,CatBoost Regressor
40249.999999999985,45203.93866786206,CatBoost Regressor
680000.0000000003,327810.12682592793,CatBoost Regressor
884999.9999999998,876889.3114211644,CatBoost Regressor
749999.9999999998,926330.2401401423,CatBoost Regressor
364999.99999999977,767801.3266462523,CatBoost Regressor
1229999.9999999995,1018956.1591072766,CatBoost Regressor
851000.0000000003,749297.2881825402,CatBoost Regressor
820000.0000000005,1592646.3384913083,CatBoost Regressor
1194999.999999999,1161499.107592115,CatBoost Regressor
804417.9999999994,588107.2445623843,CatBoost Regressor
385000.00000000023,349126.39199387486,CatBoost Regressor
2401720.9999999986,1868206.1003194933,CatBoost Regressor
2750000.0,1353503.236394349,CatBoost Regressor
859999.9999999997,792064.4138693541,CatBoost Regressor
395000.00000000035,366018.04524394195,CatBoost Regressor
637500.0000000003,614974.2252583894,CatBoost Regressor
2509999.000000001,1895788.6013244914,CatBoost Regressor
474999.99999999977,519177.87731967896,CatBoost Regressor
739249.9999999999,831317.6163868412,CatBoost Regressor
420000.0,983761.7826648594,CatBoost Regressor
1084999.9999999995,872863.1387606984,CatBoost Regressor
909999.9999999997,1202187.8237746286,CatBoost Regressor
1161795.9999999993,1510233.040184278,CatBoost Regressor
1984881.0000000005,1580981.4839410826,CatBoost Regressor
1200000.0000000005,868451.8268250301,CatBoost Regressor
1120000.0000000005,781306.1682484453,CatBoost Regressor
2050000.000000001,1080149.6569899423,CatBoost Regressor
641498.0000000003,789005.9992233767,CatBoost Regressor
674999.9999999998,1005149.2507377806,CatBoost Regressor
1585000.0000000002,944774.953557169,CatBoost Regressor
349999.9999999997,1277143.9953023915,CatBoost Regressor
476580.00000000035,694509.8162513383,CatBoost Regressor
840000.0000000005,746209.1206933146,CatBoost Regressor
895000.0000000007,923799.6592637006,CatBoost Regressor
1814731.9999999998,1943305.2616491013,CatBoost Regressor
1099999.9999999998,961948.272951958,CatBoost Regressor
440000.0000000002,384304.6536374515,CatBoost Regressor
840000.0000000005,767231.8517580162,CatBoost Regressor
1050000.0000000007,773066.1435895795,CatBoost Regressor
950000.0000000008,848746.4966546489,CatBoost Regressor
1221900.0000000005,1045862.2148726122,CatBoost Regressor
170000.00000000012,256076.24500106997,CatBoost Regressor
1448744.000000001,1698305.13561766,CatBoost Regressor
1050000.0000000007,806252.2226795591,CatBoost Regressor
1400000.0000000007,710057.0582889215,CatBoost Regressor
1569389.0000000005,595136.8972717262,CatBoost Regressor
58755.99999999999,1142294.1235794132,CatBoost Regressor
543000.0000000001,261501.29452201797,CatBoost Regressor
544999.9999999997,572543.4282265747,CatBoost Regressor
2100000.000000001,1314725.549735655,CatBoost Regressor
324999.9999999999,332352.4163936657,CatBoost Regressor
1839239.000000001,1664813.0837485301,CatBoost Regressor
2425000.000000001,1948981.0324901678,CatBoost Regressor
2150999.999999999,1089647.7707439878,CatBoost Regressor
150000.00000000006,1293699.875737943,CatBoost Regressor
794235.0,624502.9855207371,CatBoost Regressor
123000.00000000009,191141.63230611646,CatBoost Regressor
606999.9999999995,656135.5182336324,CatBoost Regressor
1054623.0000000002,1081224.6923049074,CatBoost Regressor
435000.0,755959.9508000397,CatBoost Regressor
785000.0000000006,757355.9065549407,CatBoost Regressor
680000.0000000003,659353.6873414064,CatBoost Regressor
142554.99999999988,792880.928281402,CatBoost Regressor
499998.9999999997,1162160.7194999082,CatBoost Regressor
385000.00000000023,333729.8774845829,CatBoost Regressor
299999.99999999977,731660.6092871033,CatBoost Regressor
397999.99999999977,378313.5940706384,CatBoost Regressor
974999.9999999999,1150150.5872504546,CatBoost Regressor
299999.99999999977,319993.26605807483,CatBoost Regressor
2194999.9999999995,1363804.9539015195,CatBoost Regressor
1677593.0000000005,1619866.0591898446,CatBoost Regressor
409999.9999999997,555438.6897479198,CatBoost Regressor
348999.99999999994,374620.581350236,CatBoost Regressor
334999.9999999998,349125.1488791943,CatBoost Regressor
1499999.9999999986,979531.276190394,CatBoost Regressor
674999.9999999998,778995.0105298781,CatBoost Regressor
823045.9999999999,872660.6044631378,CatBoost Regressor
1439551.9999999998,1210481.8111591188,CatBoost Regressor
185000.00000000006,259388.2048425532,CatBoost Regressor
814600.0000000002,1599273.1188082288,CatBoost Regressor
1249999.999999999,1891541.5805626975,CatBoost Regressor
2499283.0,1862769.9928300877,CatBoost Regressor
687939.9999999995,639329.3853729569,CatBoost Regressor
1150000.0000000005,649667.6845629278,CatBoost Regressor
491789.9999999996,683322.0748982051,CatBoost Regressor
535500.0000000001,1377615.3646248793,CatBoost Regressor
820000.0000000005,891447.4210877477,CatBoost Regressor
955000.0000000001,811477.3287713315,CatBoost Regressor
952559.9999999998,1033554.4089433796,CatBoost Regressor
499999.99999999977,405633.04558214935,CatBoost Regressor
1771480.0000000014,1357605.607064972,CatBoost Regressor
834999.9999999998,633528.5457099668,CatBoost Regressor
620000.0000000005,616814.1446501006,CatBoost Regressor
479000.00000000035,469841.6977983792,CatBoost Regressor
2014999.9999999984,1494480.8224447959,CatBoost Regressor
1249999.999999999,1101368.0828002288,CatBoost Regressor
974999.9999999999,578477.5916137722,CatBoost Regressor
2762000.0,956583.3120327136,CatBoost Regressor
339999.99999999994,314780.70872681367,CatBoost Regressor
886412.0000000006,931653.263330377,CatBoost Regressor
625000.0000000002,1076180.0805725509,CatBoost Regressor
880000.0,1039858.2624987516,CatBoost Regressor
1313027.9999999995,1339991.2894417304,CatBoost Regressor
1275000.0000000002,863264.0609666769,CatBoost Regressor
1429999.9999999995,1082849.3473550712,CatBoost Regressor
998999.9999999995,839358.701373667,CatBoost Regressor
465000.00000000023,982177.9376519083,CatBoost Regressor
2349999.999999999,1394073.7487351582,CatBoost Regressor
465000.00000000023,331724.8464889511,CatBoost Regressor
409999.9999999997,329813.12094714213,CatBoost Regressor
700000.0000000006,1050031.6113586577,CatBoost Regressor
415000.00000000006,346591.54550583597,CatBoost Regressor
275000.0000000002,932943.1446093229,CatBoost Regressor
1690000.0000000007,792260.552663403,CatBoost Regressor
395979.00000000006,1300309.1555875025,CatBoost Regressor
2398000.000000002,772843.7408194055,CatBoost Regressor
323000.0000000003,372260.58613204205,CatBoost Regressor
950000.0000000008,617503.0207194178,CatBoost Regressor
1075000.0,952190.2958782885,CatBoost Regressor
385000.00000000023,338807.2112921281,CatBoost Regressor
2849999.999999999,1440151.5201135764,CatBoost Regressor
2477314.0,2534152.8108003656,CatBoost Regressor
166763.99999999985,595136.8972717262,CatBoost Regressor
1333178.0,1430683.8249760328,CatBoost Regressor
929999.9999999993,849734.4877148065,CatBoost Regressor
669999.9999999998,669085.4111710655,CatBoost Regressor
244999.99999999997,302433.96911366534,CatBoost Regressor
398999.99999999977,591151.5621323513,CatBoost Regressor
729999.9999999998,651134.54778338,CatBoost Regressor
530000.0000000003,609248.5495606846,CatBoost Regressor
979999.9999999997,1154536.8996552855,CatBoost Regressor
630000.0000000006,666936.4709821565,CatBoost Regressor
915000.0000000002,1017319.6966350214,CatBoost Regressor
1754238.0,1654153.4193079292,CatBoost Regressor
1382429.000000001,840967.2866904697,CatBoost Regressor
399999.9999999999,898195.01396329,CatBoost Regressor
790000.0000000003,660379.8910123045,CatBoost Regressor
1999998.9999999993,600974.7319701862,CatBoost Regressor
1955610.9999999984,2010016.8313486609,CatBoost Regressor
1539999.9999999988,673971.8998411738,CatBoost Regressor
825000.0000000006,1031486.0727571053,CatBoost Regressor
1260000.0,1286956.6832257477,CatBoost Regressor
1204081.0,1117537.3275339224,CatBoost Regressor
162000.00000000012,296185.35732645146,CatBoost Regressor
1069999.9999999998,825768.1019762376,CatBoost Regressor
2050000.000000001,1420279.210537599,CatBoost Regressor
210000.0,348194.85276009876,CatBoost Regressor
1320000.000000001,845228.0473883749,CatBoost Regressor
1498999.9999999995,1109508.987520389,CatBoost Regressor
794999.9999999998,938136.6785956873,CatBoost Regressor
499999.99999999977,480425.15361240495,CatBoost Regressor
1709999.9999999998,1608608.5365826183,CatBoost Regressor
646589.0000000001,745936.0580941193,CatBoost Regressor
809999.9999999995,625808.9411423557,CatBoost Regressor
707684.0,1757484.6978979239,CatBoost Regressor
1450000.0000000002,1354166.5164704435,CatBoost Regressor
1600000.0000000012,1566864.2687396358,CatBoost Regressor
1813682.0000000016,1881852.1424298019,CatBoost Regressor
1774999.9999999986,1490692.061081537,CatBoost Regressor
395001.00000000006,493852.391260531,CatBoost Regressor
520000.0,317738.87966661685,CatBoost Regressor
2522749.9999999986,1568240.4951369686,CatBoost Regressor
1350000.0,972668.3781727242,CatBoost Regressor
735000.0000000005,942932.5506880843,CatBoost Regressor
615000.0,681121.2735705803,CatBoost Regressor
1569392.0,1829949.211984597,CatBoost Regressor
1974615.000000001,1845576.1608942258,CatBoost Regressor
2250000.000000001,1026481.0920401218,CatBoost Regressor
80000.0,276180.6369581962,CatBoost Regressor
1625000.0000000012,1709634.2855321367,CatBoost Regressor
1578287.9999999993,1224674.340502516,CatBoost Regressor
339999.99999999994,515003.91711638565,CatBoost Regressor
344999.9999999997,286728.4915497811,CatBoost Regressor
698999.9999999995,608050.3613956012,CatBoost Regressor
696442.0,734337.6645629952,CatBoost Regressor
870000.0000000006,901972.874883465,CatBoost Regressor
449999.99999999994,415702.4337394743,CatBoost Regressor
965000.0000000006,990454.8979345716,CatBoost Regressor
280000.0,413405.73156427534,CatBoost Regressor
800000.0000000005,423746.78266510513,CatBoost Regressor
556999.9999999997,515512.1743888494,CatBoost Regressor
315354.0000000001,295643.69424674555,CatBoost Regressor
1350000.0,1245898.9587586832,CatBoost Regressor
1150000.0000000005,1063449.3610632406,CatBoost Regressor
667015.9999999999,488591.41147227056,CatBoost Regressor
1459999.999999999,650791.2130947614,CatBoost Regressor
240000.00000000003,309584.28439141554,CatBoost Regressor
906999.9999999997,797850.1500731686,CatBoost Regressor
379999.9999999999,333533.9370950528,CatBoost Regressor
609931.9999999997,706565.1115078959,CatBoost Regressor
859999.9999999997,1197162.1208220194,CatBoost Regressor
898999.9999999995,1063221.0146568203,CatBoost Regressor
1306656.0000000002,1597666.9188738693,CatBoost Regressor
599000.0,1216050.4922902454,CatBoost Regressor
689000.0000000006,380751.984038942,CatBoost Regressor
848058.0000000006,1974336.8848452321,CatBoost Regressor
870000.0000000006,1079196.3737698584,CatBoost Regressor
2142810.0000000014,1769630.3526067703,CatBoost Regressor
995000.0,897412.9891500226,CatBoost Regressor
555000.0000000002,425982.7168889246,CatBoost Regressor
955000.0000000001,1121489.5771859714,CatBoost Regressor
1398999.999999999,1006585.807112821,CatBoost Regressor
769999.9999999997,766238.6893455542,CatBoost Regressor
10000.00000000001,722399.1797995545,CatBoost Regressor
859999.9999999997,626271.6184075768,CatBoost Regressor
749999.9999999998,758523.6744627543,CatBoost Regressor
1997999.999999999,1552249.142142725,CatBoost Regressor
2041999.999999999,1405833.6426156422,CatBoost Regressor
987999.9999999995,1037474.3219572225,CatBoost Regressor
1345000.0000000007,1164305.2384082242,CatBoost Regressor
1387999.9999999993,1256239.9342405898,CatBoost Regressor
1037999.9999999999,913484.6088148789,CatBoost Regressor
759999.9999999999,657178.4550955804,CatBoost Regressor
118206.99999999994,305157.05625254364,CatBoost Regressor
1360000.0000000002,1261419.037379214,CatBoost Regressor
2130000.0,1521228.3729378374,CatBoost Regressor
850000.0000000005,874529.3693458259,CatBoost Regressor
759999.9999999999,632444.279959494,CatBoost Regressor
1610000.0,1098925.648381575,CatBoost Regressor
1727115.0000000002,2078718.1405831547,CatBoost Regressor
1584098.0000000014,1383137.3031727078,CatBoost Regressor
375000.00000000006,636851.901788465,CatBoost Regressor
804999.9999999993,598354.223512904,CatBoost Regressor
989999.9999999992,987099.7373885135,CatBoost Regressor
1325000.0000000007,1010826.1163068807,CatBoost Regressor
2599999.9999999986,1228408.7166903345,CatBoost Regressor
377159.00000000006,366112.8861369136,CatBoost Regressor
399999.9999999999,605214.9766865881,CatBoost Regressor
560000.0000000003,680107.097157575,CatBoost Regressor
719999.9999999995,941831.0171483264,CatBoost Regressor
1450000.0000000002,891628.3989697201,CatBoost Regressor
1050000.0000000007,1027507.1430639712,CatBoost Regressor
950000.0000000008,1028879.9511181876,CatBoost Regressor
710000.0,733472.6783373909,CatBoost Regressor
988500.0000000007,1020478.4822855116,CatBoost Regressor
425000.0000000002,316575.4269940462,CatBoost Regressor
785000.0000000006,818973.1399959079,CatBoost Regressor
2318358.9999999986,1953758.6887215907,CatBoost Regressor
600000.0000000003,847366.8043418723,CatBoost Regressor
409999.9999999997,350021.92512099707,CatBoost Regressor
415000.00000000006,957145.7811994001,CatBoost Regressor
952999.9999999997,1190192.6188672674,CatBoost Regressor
820000.0000000005,670569.1925322319,CatBoost Regressor
1050000.0000000007,1355990.1986391768,CatBoost Regressor
1600000.0000000012,1015817.7121797346,CatBoost Regressor
1099999.9999999998,756454.2973401999,CatBoost Regressor
703500.0000000002,820357.8010546627,CatBoost Regressor
280000.0,250170.9625679263,CatBoost Regressor
2700000.0,1035926.5783219261,CatBoost Regressor
579999.9999999997,581581.4216247619,CatBoost Regressor
989999.9999999992,812446.5365706177,CatBoost Regressor
1810855.0000000016,955830.8500901483,CatBoost Regressor
1550000.0000000012,911960.9728080733,CatBoost Regressor
390999.99999999977,311751.42984123045,CatBoost Regressor
150954.99999999988,814731.2745311237,CatBoost Regressor
590000.0000000003,320214.00219215394,CatBoost Regressor
794999.9999999998,809585.1441400074,CatBoost Regressor
2900000.0000000014,802162.7703563722,CatBoost Regressor
664999.9999999995,613987.2000070619,CatBoost Regressor
698699.9999999999,795023.814713399,CatBoost Regressor
2550000.0,1620467.7544664778,CatBoost Regressor
530000.0000000003,633113.1338354921,CatBoost Regressor
389500.0000000003,739782.979736634,CatBoost Regressor
600000.0000000003,736575.4915655303,CatBoost Regressor
1050000.0000000007,1273839.9419064429,CatBoost Regressor
949000.0000000002,975642.4386972409,CatBoost Regressor
399999.9999999999,409343.2915093842,CatBoost Regressor
780000.0000000001,587758.3049753306,CatBoost Regressor
674999.9999999998,701742.392525837,CatBoost Regressor
998000.0000000008,968061.5981759499,CatBoost Regressor
749999.9999999998,559716.7332917847,CatBoost Regressor
1880000.0000000002,1203923.8468151856,CatBoost Regressor
579999.9999999997,330345.0007032836,CatBoost Regressor
376828.0,385025.74504484236,CatBoost Regressor
1059999.9999999993,839415.4193301375,CatBoost Regressor
275000.0000000002,345800.53155960614,CatBoost Regressor
800000.0000000005,651701.6314277987,CatBoost Regressor
320000.00000000006,305018.6064802652,CatBoost Regressor
145000.00000000012,185301.33424410017,CatBoost Regressor
850000.0000000005,900332.2076392125,CatBoost Regressor
735999.0000000001,646836.4750917598,CatBoost Regressor
270000.00000000006,372958.09550484037,CatBoost Regressor
1980000.0000000016,925785.3820384347,CatBoost Regressor
1749999.9999999998,1206456.959165556,CatBoost Regressor
1015000.0000000001,813067.394467424,CatBoost Regressor
814600.0000000002,837510.4045858299,CatBoost Regressor
449999.99999999994,983065.1591386739,CatBoost Regressor
2392888.0000000014,1053317.86804649,CatBoost Regressor
1600000.0000000012,1608186.4131276805,CatBoost Regressor
1299999.9999999993,1157859.2687548576,CatBoost Regressor
1595000.0000000007,1077802.941395934,CatBoost Regressor
674815.0000000006,697426.391924226,CatBoost Regressor
1165000.0,1133782.935601086,CatBoost Regressor
480000.00000000006,351458.13303459325,CatBoost Regressor
534581.0000000002,440517.7257030507,CatBoost Regressor
1231960.0000000005,1136551.6135803235,CatBoost Regressor
590000.0000000003,618177.7143083108,CatBoost Regressor
2548999.9999999986,2063065.4827757443,CatBoost Regressor
549854.9999999998,703525.9550118033,CatBoost Regressor
334999.9999999998,292804.52744050586,CatBoost Regressor
969999.9999999999,953586.0081728487,CatBoost Regressor
399999.9999999999,469640.5688049922,CatBoost Regressor
891999.9999999993,1055705.0234307204,CatBoost Regressor
2700000.0,1745877.451842327,CatBoost Regressor
458999.99999999977,521709.51924057904,CatBoost Regressor
984999.9999999994,892847.7339316065,CatBoost Regressor
875000.0,708566.4997266522,CatBoost Regressor
600000.0000000003,608247.2977161105,CatBoost Regressor
349999.9999999997,628999.6599833476,CatBoost Regressor
239000.00000000003,369741.84605434665,CatBoost Regressor
1625000.0000000012,1076675.176187608,CatBoost Regressor
1377597.0000000005,1348115.8041027728,CatBoost Regressor
349999.9999999997,549305.6249217689,CatBoost Regressor
2603892.999999999,996493.6569170571,CatBoost Regressor
630000.0000000006,664374.3609099998,CatBoost Regressor
1600000.0000000012,678167.5748024094,CatBoost Regressor
909999.9999999997,733786.0400566362,CatBoost Regressor
2000000.0000000016,754956.9867404111,CatBoost Regressor
1565227.000000001,1677159.8340374078,CatBoost Regressor
625000.0000000002,875583.1760411964,CatBoost Regressor
420000.0,278846.884984481,CatBoost Regressor
1576607.0000000014,1811149.5011110806,CatBoost Regressor
499999.99999999977,950316.7860402113,CatBoost Regressor
444999.9999999997,333210.41128529346,CatBoost Regressor
1699999.9999999988,1675166.8075272387,CatBoost Regressor
1420000.0000000012,1389648.6922798196,CatBoost Regressor
1749999.9999999998,1367264.9273351466,CatBoost Regressor
702267.0000000006,706711.3405114455,CatBoost Regressor
315000.0000000002,486298.51904541074,CatBoost Regressor
498200.0000000002,780234.7633416659,CatBoost Regressor
352999.9999999998,554250.9760095403,CatBoost Regressor
1495000.000000001,1026915.3554142929,CatBoost Regressor
880000.0,799619.3523006819,CatBoost Regressor
1625000.0000000012,1004784.2454057722,CatBoost Regressor
1350000.0,625977.0232941725,CatBoost Regressor
1694999.9999999998,933425.449931554,CatBoost Regressor
1037912.9999999995,1078695.2449539385,CatBoost Regressor
1205770.0000000012,1123021.7690021712,CatBoost Regressor
1249999.999999999,1165294.9455782643,CatBoost Regressor
328000.0000000002,346485.33479394,CatBoost Regressor
716999.9999999997,707993.2980074034,CatBoost Regressor
565000.0000000003,685191.449145303,CatBoost Regressor
1240000.0000000005,1503532.8640540084,CatBoost Regressor
909999.9999999997,772871.8889066279,CatBoost Regressor
664999.9999999995,496783.1483115858,CatBoost Regressor
1050000.0000000007,1440983.3425343803,CatBoost Regressor
620720.0000000005,1741412.3436740022,CatBoost Regressor
2595000.000000002,615969.3053190853,CatBoost Regressor
814999.9999999993,1438723.5191060305,CatBoost Regressor
1776143.9999999988,1399129.9423269567,CatBoost Regressor
1225000.0000000007,926326.3955592612,CatBoost Regressor
700000.0000000006,1225613.0803816107,CatBoost Regressor
998999.9999999995,1003685.7043917637,CatBoost Regressor
1474999.999999999,1329607.5243302465,CatBoost Regressor
727999.9999999999,568786.1214876518,CatBoost Regressor
599998.9999999999,557598.9813010113,CatBoost Regressor
1150000.0000000005,915835.0958984756,CatBoost Regressor
364999.99999999977,277381.3707388534,CatBoost Regressor
639999.9999999998,676385.6317533012,CatBoost Regressor
593639.9999999995,708736.3511310061,CatBoost Regressor
1159372.0000000005,1370586.8805725565,CatBoost Regressor
759999.9999999999,702561.4590060319,CatBoost Regressor
923071.9999999999,487403.4420354088,CatBoost Regressor
1249999.999999999,1105884.1043778425,CatBoost Regressor
210000.0,323436.3254161105,CatBoost Regressor
645000.0,562107.4715041262,CatBoost Regressor
630000.0000000006,701603.6187764802,CatBoost Regressor
631315.0000000006,587502.013450906,CatBoost Regressor
850000.0000000005,752907.116028422,CatBoost Regressor
1429999.9999999995,1228709.1216604246,CatBoost Regressor
2250000.000000001,1811007.7454468722,CatBoost Regressor
729999.9999999998,1059537.8924904587,CatBoost Regressor
2194999.9999999995,969942.331034284,CatBoost Regressor
299999.99999999977,301058.68962523213,CatBoost Regressor
880000.0,685953.8229185332,CatBoost Regressor
2000000.0000000016,1112221.9651192196,CatBoost Regressor
549999.9999999998,1581102.1761261984,CatBoost Regressor
2050000.000000001,2068341.138013142,CatBoost Regressor
2745000.0000000023,1065510.762597494,CatBoost Regressor
777999.9999999998,630569.1516194036,CatBoost Regressor
669999.9999999998,723904.7675581826,CatBoost Regressor
814999.9999999993,733712.8805960263,CatBoost Regressor
534999.9999999995,707693.2942583202,CatBoost Regressor
967337.9999999998,835779.3638720821,CatBoost Regressor
487499.9999999996,538283.7013997826,CatBoost Regressor
515000.00000000006,814970.4832180352,CatBoost Regressor
929999.9999999993,804790.2977266021,CatBoost Regressor
342500.00000000023,1082795.5696569893,CatBoost Regressor
850000.0000000005,663819.5728299529,CatBoost Regressor
240000.00000000003,150806.132391135,CatBoost Regressor
604999.9999999998,877108.6249025819,CatBoost Regressor
1849999.9999999995,1116799.32616622,CatBoost Regressor
674999.9999999998,900444.5434795547,CatBoost Regressor
1310000.000000001,1313118.445263966,CatBoost Regressor
499999.99999999977,1660557.109698707,CatBoost Regressor
1385000.0000000012,841189.8304236258,CatBoost Regressor
950000.0000000008,1350353.2462513458,CatBoost Regressor
1929981.0000000014,1895397.6771525356,CatBoost Regressor
556209.0000000001,429301.5348642732,CatBoost Regressor
383480.00000000006,603667.8683559347,CatBoost Regressor
2031858.000000001,1914535.0037758283,CatBoost Regressor
349999.9999999997,621300.9651152473,CatBoost Regressor
349999.9999999997,689836.6918438871,CatBoost Regressor
749999.9999999998,612074.5197512553,CatBoost Regressor
628000.0000000002,428918.08673857077,CatBoost Regressor
1040000.0000000009,898215.2927441297,CatBoost Regressor
662999.9999999998,594048.1780216452,CatBoost Regressor
998000.0000000008,845662.1216458979,CatBoost Regressor
399999.9999999999,182730.4638732368,CatBoost Regressor
1400000.0000000007,1142881.3289959568,CatBoost Regressor
1175000.0,1175426.5268473837,CatBoost Regressor
714999.9999999995,557777.5278127745,CatBoost Regressor
725000.0000000006,644919.3444610697,CatBoost Regressor
20000.000000000015,525916.7254715195,CatBoost Regressor
1380323.999999999,1335622.479353798,CatBoost Regressor
482499.99999999977,320934.9277222726,CatBoost Regressor
1960000.0000000002,1431181.7725890926,CatBoost Regressor
2032000.000000001,1036373.1451448125,CatBoost Regressor
1150000.0000000005,1205513.5919144163,CatBoost Regressor
700000.0000000006,585119.2473138598,CatBoost Regressor
1065000.0000000005,771705.7204480262,CatBoost Regressor
275000.0000000002,309682.20455399,CatBoost Regressor
1238000.0000000005,987767.5278954158,CatBoost Regressor
940000.0000000006,954484.0125690476,CatBoost Regressor
1878154.9999999984,1927190.0421671127,CatBoost Regressor
2906013.0000000005,1628415.571877143,CatBoost Regressor
995000.0,703841.0257229666,CatBoost Regressor
1550000.0000000012,1451383.862177095,CatBoost Regressor
1776750.000000001,1121253.564731683,CatBoost Regressor
1725000.0000000005,1425615.2724786592,CatBoost Regressor
326000.0,327961.9072837413,CatBoost Regressor
1080000.0000000002,799432.7768077176,CatBoost Regressor
850000.0000000005,819754.3828349782,CatBoost Regressor
929999.9999999993,968243.5566884453,CatBoost Regressor
1461189.0000000005,1125026.5426076942,CatBoost Regressor
490000.0,871223.2425356712,CatBoost Regressor
969999.9999999999,1108050.2783502962,CatBoost Regressor
1974999.9999999986,1537640.9570477377,CatBoost Regressor
960000.0000000006,816731.6943862496,CatBoost Regressor
299999.99999999977,646747.3300369175,CatBoost Regressor
735000.0000000005,524904.7785766968,CatBoost Regressor
440000.0000000002,730962.0127019944,CatBoost Regressor
979999.9999999997,860845.6885197657,CatBoost Regressor
669999.9999999998,588785.7879196361,CatBoost Regressor
700000.0000000006,1075142.824508508,CatBoost Regressor
875000.0,1063555.5772010228,CatBoost Regressor
575000.0000000001,798172.0531242199,CatBoost Regressor
1994500.0000000002,1347661.3653487377,CatBoost Regressor
875000.0,758607.3936738995,CatBoost Regressor
369999.99999999977,353072.34008052637,CatBoost Regressor
537999.9999999998,442402.92658238235,CatBoost Regressor
1699999.9999999988,1722027.7776584069,CatBoost Regressor
2390285.000000002,1812866.861072198,CatBoost Regressor
1865000.0000000002,1015941.5285257231,CatBoost Regressor
800000.0000000005,639146.3050361812,CatBoost Regressor
982611.0000000006,834387.2670351911,CatBoost Regressor
1128721.999999999,1215750.4288056805,CatBoost Regressor
1225000.0000000007,729186.3457537653,CatBoost Regressor
680190.9999999994,689554.7310194192,CatBoost Regressor
919479.9999999995,953258.0205215462,CatBoost Regressor
2165000.000000001,1741709.3569339344,CatBoost Regressor
1458259.999999999,1295277.3649753742,CatBoost Regressor
334999.9999999998,327713.8848320109,CatBoost Regressor
919999.9999999998,902563.3928874638,CatBoost Regressor
979999.9999999997,913274.658115146,CatBoost Regressor
448999.99999999994,663661.4695548331,CatBoost Regressor
1050000.0000000007,777480.3871863196,CatBoost Regressor
1099999.9999999998,876062.7227909662,CatBoost Regressor
739999.9999999999,602408.0970851006,CatBoost Regressor
2372411.000000002,1360872.7071446874,CatBoost Regressor
159999.99999999997,247229.73621283885,CatBoost Regressor
1319824.0000000005,1138189.5415922655,CatBoost Regressor
880000.0,1478098.5283044716,CatBoost Regressor
280000.0,333668.9947456467,CatBoost Regressor
919999.9999999998,872123.862192525,CatBoost Regressor
2905000.0000000014,1948447.91582012,CatBoost Regressor
725000.0000000006,729088.3820621829,CatBoost Regressor
1090692.9999999998,887319.4259626021,CatBoost Regressor
719999.9999999995,638941.9089919958,CatBoost Regressor
796999.9999999994,617009.3011582908,CatBoost Regressor
286500.0000000001,505180.8442346508,CatBoost Regressor
455000.0,984980.0669725619,CatBoost Regressor
1220000.0000000002,907516.6623038917,CatBoost Regressor
1517924.9999999998,1223185.5909116727,CatBoost Regressor
1650000.0000000007,1004500.520829834,CatBoost Regressor
1874999.999999999,1685388.2924467698,CatBoost Regressor
124999.9999999999,453546.67268171627,CatBoost Regressor
1387999.9999999993,1229982.8007944508,CatBoost Regressor
1929667.0000000016,1945244.647049466,CatBoost Regressor
965000.0000000006,659871.6838202804,CatBoost Regressor
998999.9999999995,1099815.28396702,CatBoost Regressor
586095.9999999998,458174.6760985577,CatBoost Regressor
480000.00000000006,471400.4069420908,CatBoost Regressor
1953048.9999999998,2049356.7008670606,CatBoost Regressor
444999.9999999997,654528.9042021455,CatBoost Regressor
2517800.0000000005,1577418.9756491478,CatBoost Regressor
390000.00000000035,595922.4003468368,CatBoost Regressor
397417.99999999977,382970.43705959606,CatBoost Regressor
359099.9999999999,817258.9270174849,CatBoost Regressor
1075660.9999999998,1112175.1991072656,CatBoost Regressor
291999.9999999998,778810.7452203151,CatBoost Regressor
850000.0000000005,867326.1232056504,CatBoost Regressor
2800000.000000002,1504847.9343529947,CatBoost Regressor
1631499.999999999,1075266.74489092,CatBoost Regressor
955000.0000000001,819868.5352816489,CatBoost Regressor
1491735.999999999,1519612.772027198,CatBoost Regressor
830000.0000000005,724331.7345443226,CatBoost Regressor
1047422.0000000009,1067411.5363120723,CatBoost Regressor
1471370.9999999995,969239.6675903468,CatBoost Regressor
594999.9999999997,1873229.948038945,CatBoost Regressor
822499.9999999994,1399580.4978831466,CatBoost Regressor
1650000.0000000007,1871272.313454538,CatBoost Regressor
1605000.0000000005,1466091.6424977058,CatBoost Regressor
600000.0000000003,736263.668692871,CatBoost Regressor
540000.0000000001,271979.79944421776,CatBoost Regressor
649999.9999999995,369297.62068541563,CatBoost Regressor
560000.0000000003,779887.3392305895,CatBoost Regressor
1759999.9999999986,957116.7749674933,CatBoost Regressor
530000.0000000003,996860.7383048387,CatBoost Regressor
602000.0000000005,936073.426479808,CatBoost Regressor
1833954.0000000014,1816835.3901292284,CatBoost Regressor
630204.9999999998,587756.5926635752,CatBoost Regressor
1350000.0,1997797.2769695253,CatBoost Regressor
534878.9999999995,680808.4049852559,CatBoost Regressor
940000.0000000006,681659.6855083087,CatBoost Regressor
100000.00000000004,293000.1849300327,CatBoost Regressor
404000.0000000003,496629.3840747824,CatBoost Regressor
600000.0000000003,643181.1825233754,CatBoost Regressor
945000.0000000006,996163.9999939814,CatBoost Regressor
1905000.0000000002,1581114.044588794,CatBoost Regressor
1832722.0000000002,1745914.157814946,CatBoost Regressor
329499.99999999994,336306.6246687693,CatBoost Regressor
649999.9999999995,420444.54743661266,CatBoost Regressor
2400000.000000001,1887929.361533305,CatBoost Regressor
1333908.0000000002,1101062.7017247307,CatBoost Regressor
465000.00000000023,294315.0925314131,CatBoost Regressor
460000.0000000002,887672.8897467753,CatBoost Regressor
1004141.0000000002,1059031.5573819384,CatBoost Regressor
1035000.0000000001,1212790.6654844726,CatBoost Regressor
1899999.9999999993,1479855.5778597095,CatBoost Regressor
385000.00000000023,591552.4818013976,CatBoost Regressor
1279999.9999999988,924761.254868655,CatBoost Regressor
995000.0,1178188.8635343225,CatBoost Regressor
1411619.9999999995,1432889.8809711256,CatBoost Regressor
420000.0,409027.86900942714,CatBoost Regressor
749000.0,929137.5172889599,CatBoost Regressor
425000.0000000002,580098.6213737827,CatBoost Regressor
1340000.0000000002,1024636.4698669766,CatBoost Regressor
1099999.9999999998,1029513.2327877308,CatBoost Regressor
1275000.0000000002,1100502.2721839894,CatBoost Regressor
1450000.0000000002,1937552.8703480351,CatBoost Regressor
318000.0,380081.9304355853,CatBoost Regressor
1282000.0000000005,1323330.7322694832,CatBoost Regressor
1795383.0,701331.5838929978,CatBoost Regressor
695000.0,1052880.448247495,CatBoost Regressor
337999.99999999977,332477.99344541953,CatBoost Regressor
1120000.0000000005,547534.3271719716,CatBoost Regressor
674999.9999999998,671367.4629678641,CatBoost Regressor
995000.0,771571.9898463294,CatBoost Regressor
1075000.0,877656.9872317123,CatBoost Regressor
255000.0000000001,366683.7563116547,CatBoost Regressor
2674999.9999999995,1433960.791790392,CatBoost Regressor
1774999.9999999986,1294797.2291195933,CatBoost Regressor
880000.0,1456649.4126606674,CatBoost Regressor
1499999.9999999986,1336482.881938244,CatBoost Regressor
240000.00000000003,294627.5996240718,CatBoost Regressor
198899.99999999997,1002327.5517782511,CatBoost Regressor
739999.9999999999,651224.8217105073,CatBoost Regressor
719999.9999999995,655319.6679744743,CatBoost Regressor
441090.0000000001,533012.1916270119,CatBoost Regressor
2499999.9999999995,1540159.7920588213,CatBoost Regressor
42500.00000000003,68548.21922700002,CatBoost Regressor
698999.9999999995,683684.2762460052,CatBoost Regressor
1920000.0000000002,1355748.6411831377,CatBoost Regressor
711587.9999999995,450603.372916698,CatBoost Regressor
1849999.9999999995,1049100.1779899313,CatBoost Regressor
265500.0000000001,353997.0542545692,CatBoost Regressor
2603892.999999999,996493.6569170571,CatBoost Regressor
289999.9999999999,641987.9841420013,CatBoost Regressor
878000.0000000007,956969.8969754125,CatBoost Regressor
1262194.9999999993,1488087.8798408557,CatBoost Regressor
1635000.0000000005,1015266.0255518965,CatBoost Regressor
1041222.0000000001,1079279.4995878388,CatBoost Regressor
960000.0000000006,705569.8006247113,CatBoost Regressor
674999.9999999998,345332.11261678376,CatBoost Regressor
955000.0000000001,934040.7922049883,CatBoost Regressor
1425000.0000000007,1403882.3023654257,CatBoost Regressor
578737.0000000002,426283.919142668,CatBoost Regressor
243000.00000000003,257873.33905946868,CatBoost Regressor
1075000.0,774293.4766688407,CatBoost Regressor
1097000.0,1010689.4771897005,CatBoost Regressor
407499.9999999997,891066.5000711257,CatBoost Regressor
674999.9999999998,647933.1235436355,CatBoost Regressor
409999.9999999997,686207.7962541443,CatBoost Regressor
1706873.0000000014,1451770.347177288,CatBoost Regressor
1225000.0000000007,815620.5923399078,CatBoost Regressor
474999.99999999977,349126.39199387486,CatBoost Regressor
654999.9999999995,1358541.8346179484,CatBoost Regressor
950000.0000000008,801216.7214680514,CatBoost Regressor
759999.9999999999,661227.230334339,CatBoost Regressor
1450000.0000000002,965746.4322265428,CatBoost Regressor
525000.0000000003,685295.892693584,CatBoost Regressor
950000.0000000008,1277411.7804923353,CatBoost Regressor
725000.0000000006,934527.0990465317,CatBoost Regressor
515000.00000000006,588367.8566312667,CatBoost Regressor
989999.9999999992,839797.1264388291,CatBoost Regressor
689999.9999999995,675141.976738203,CatBoost Regressor
499999.99999999977,529424.0139830103,CatBoost Regressor
864999.9999999994,945440.904191573,CatBoost Regressor
1989999.9999999988,1942270.5535221687,CatBoost Regressor
289999.9999999999,358452.72484164505,CatBoost Regressor
509608.0,588536.2212416923,CatBoost Regressor
323000.0000000003,328503.40949085855,CatBoost Regressor
474999.99999999977,950008.2196150615,CatBoost Regressor
719999.9999999995,783311.7251146272,CatBoost Regressor
1290000.0000000007,1021802.1613380589,CatBoost Regressor
585000.0000000003,795881.8220426451,CatBoost Regressor
1169999.9999999998,1091531.6138435686,CatBoost Regressor
820000.0000000005,905597.2119888099,CatBoost Regressor
979999.9999999997,946209.8555255625,CatBoost Regressor
700000.0000000006,758193.1367728653,CatBoost Regressor
2240149.9999999995,1728742.3552349664,CatBoost Regressor
385000.00000000023,394989.2180074016,CatBoost Regressor
989999.9999999992,754318.6115772256,CatBoost Regressor
769999.9999999997,887962.5772124011,CatBoost Regressor
899999.9999999995,770257.0612691913,CatBoost Regressor
608999.9999999999,521413.30352489155,CatBoost Regressor
276000.0000000002,347728.90290830337,CatBoost Regressor
549999.9999999998,437824.6845375784,CatBoost Regressor
425000.0000000002,536712.4194972249,CatBoost Regressor
1650000.0000000007,1715599.2310796035,CatBoost Regressor
1124999.9999999995,1026420.1592324933,CatBoost Regressor
979999.9999999997,1477570.3072523996,CatBoost Regressor
780000.0000000001,841497.0965169604,CatBoost Regressor
1215000.0000000012,1298809.8753790308,CatBoost Regressor
1099999.9999999998,1200181.7189902368,CatBoost Regressor
775415.0000000005,589518.4602876608,CatBoost Regressor
1883000.0000000002,1287794.781733788,CatBoost Regressor
635749.0000000001,169655.34828676336,CatBoost Regressor
178999.99999999994,177908.89580029223,CatBoost Regressor
1975007.0000000002,1765375.711697144,CatBoost Regressor
780000.0000000001,368099.5590438407,CatBoost Regressor
798999.9999999997,832429.1409472873,CatBoost Regressor
1919191.0000000014,1198161.5730015475,CatBoost Regressor
2329182.9999999995,1716305.8051770416,CatBoost Regressor
935000.0000000006,977636.6088286936,CatBoost Regressor
671067.9999999997,920222.4092848649,CatBoost Regressor
1050000.0000000007,1010791.6590089222,CatBoost Regressor
1499999.9999999986,1611131.9828164708,CatBoost Regressor
1949999.999999999,1289013.089736243,CatBoost Regressor
240000.00000000003,371390.9200165967,CatBoost Regressor
825000.0000000006,1044841.4141067858,CatBoost Regressor
199999.99999999997,1040986.6201582615,CatBoost Regressor
420000.0,552344.3922158268,CatBoost Regressor
420000.0,974935.8694079103,CatBoost Regressor
180000.00000000003,220802.88214320922,CatBoost Regressor
600000.0000000003,1256883.403658858,CatBoost Regressor
2599999.9999999986,1578860.2895825307,CatBoost Regressor
1429999.9999999995,1250856.186579347,CatBoost Regressor
1133719.9999999998,1050179.784087166,CatBoost Regressor
302500.0,220042.6440042448,CatBoost Regressor
664999.9999999995,935099.7417838845,CatBoost Regressor
334999.9999999998,337294.79468709184,CatBoost Regressor
1425000.0000000007,1358978.2550218825,CatBoost Regressor
568937.0000000001,693130.8175426972,CatBoost Regressor
515000.00000000006,941051.8145522305,CatBoost Regressor
1316305.0000000007,1510506.806887187,CatBoost Regressor
1046999.9999999993,1012812.5606013994,CatBoost Regressor
1420891.9999999993,1710920.5362583792,CatBoost Regressor
199999.99999999997,345925.99572353816,CatBoost Regressor
684000.0000000001,670532.2397462954,CatBoost Regressor
1694623.9999999993,1730153.337510081,CatBoost Regressor
230000.0000000001,218053.9002356799,CatBoost Regressor
1699999.9999999988,1196712.127512211,CatBoost Regressor
1831815.0000000012,1772814.7762543722,CatBoost Regressor
947999.9999999993,972056.734610113,CatBoost Regressor
749000.0,653049.9617629999,CatBoost Regressor
781092.0000000002,746233.1467152938,CatBoost Regressor
480000.00000000006,520595.16540325026,CatBoost Regressor
1395000.0000000007,1379814.7321119718,CatBoost Regressor
425000.0000000002,523169.780540612,CatBoost Regressor
1071809.0000000007,1249433.28317594,CatBoost Regressor
1675000.0000000007,992901.8227752364,CatBoost Regressor
892999.9999999997,738171.5899192584,CatBoost Regressor
1129999.999999999,987709.1486678432,CatBoost Regressor
674999.9999999998,525473.8211421681,CatBoost Regressor
315000.0000000002,627988.6795355804,CatBoost Regressor
1690000.0000000007,1533024.2534432972,CatBoost Regressor
1024999.9999999995,781953.856445578,CatBoost Regressor
840000.0000000005,871335.3453615677,CatBoost Regressor
634999.9999999997,525465.5620959118,CatBoost Regressor
1749999.9999999998,1572366.9465172954,CatBoost Regressor
1820000.0000000005,1481529.2046401151,CatBoost Regressor
420000.0,335751.5576766648,CatBoost Regressor
549999.9999999998,1248542.1657888307,CatBoost Regressor
460000.0000000002,339409.939230974,CatBoost Regressor
471999.9999999998,316705.5284469064,CatBoost Regressor
288999.9999999999,462109.70270634873,CatBoost Regressor
2750000.0,1391963.774335777,CatBoost Regressor
29999.99999999999,563357.6319521475,CatBoost Regressor
398999.99999999977,333252.2393491339,CatBoost Regressor
2100000.000000001,1480326.2343357967,CatBoost Regressor
954396.0000000007,728243.7944540785,CatBoost Regressor
854999.9999999993,682359.9070582018,CatBoost Regressor
1350000.0,559410.357342414,CatBoost Regressor
759999.9999999999,649445.9267945664,CatBoost Regressor
570000.0000000001,475515.940298491,CatBoost Regressor
1200000.0000000005,676177.5610161986,CatBoost Regressor
832528.0,941372.1921393669,CatBoost Regressor
288999.9999999999,411805.88441346673,CatBoost Regressor
469999.9999999998,380516.9823890849,CatBoost Regressor
800000.0000000005,912273.599702923,CatBoost Regressor
1090000.0000000002,937327.487896779,CatBoost Regressor
344999.9999999997,278711.6635912898,CatBoost Regressor
1620000.0000000007,976733.8266184977,CatBoost Regressor
111000.00000000004,264357.50393418845,CatBoost Regressor
884999.9999999998,804121.7750553619,CatBoost Regressor
444999.9999999997,661878.4088679298,CatBoost Regressor
621133.0000000002,746912.262575221,CatBoost Regressor
140693.9999999999,382305.34605624207,CatBoost Regressor
850000.0000000005,888602.9633737034,CatBoost Regressor
973999.9999999994,782875.3449292188,CatBoost Regressor
1160000.0000000002,987467.927724216,CatBoost Regressor
820000.0000000005,829821.8252740721,CatBoost Regressor
1199559.9999999995,1268192.4481447597,CatBoost Regressor
1245909.9999999995,1142629.3970305996,CatBoost Regressor
491999.99999999965,638609.054956141,CatBoost Regressor
1107283.999999999,349490.02574094996,CatBoost Regressor
1082482.000000001,1023673.9968245191,CatBoost Regressor
2150000.0,993516.9358317115,CatBoost Regressor
688000.0000000001,609363.8896881219,CatBoost Regressor
1691637.9999999986,1151459.4898901465,CatBoost Regressor
864999.9999999994,987958.6133865248,CatBoost Regressor
525000.0000000003,463500.2070493392,CatBoost Regressor
700000.0000000006,655481.6256709963,CatBoost Regressor
989999.9999999992,920330.1735165761,CatBoost Regressor
1789999.9999999988,975235.7656323769,CatBoost Regressor
2474999.999999999,1566754.9957509183,CatBoost Regressor
1322033.9999999995,1585908.5229851678,CatBoost Regressor
1099999.9999999998,909357.4215521845,CatBoost Regressor
710000.0,945963.8206885076,CatBoost Regressor
769999.9999999997,648354.8811939191,CatBoost Regressor
659999.9999999995,762077.3853070657,CatBoost Regressor
669999.9999999998,709242.9360435248,CatBoost Regressor
1350000.0,1148985.290645901,CatBoost Regressor
118644.99999999997,202484.58588321484,CatBoost Regressor
444999.9999999997,618729.7162585114,CatBoost Regressor
2695000.0000000014,1247148.121916846,CatBoost Regressor
2430000.0,1986619.0752994881,CatBoost Regressor
349999.9999999997,1339222.7575079715,CatBoost Regressor
1052174.000000001,783666.6015808687,CatBoost Regressor
2196497.000000001,1710628.6601851804,CatBoost Regressor
654999.9999999995,596044.1889932848,CatBoost Regressor
1099999.9999999998,910806.875681896,CatBoost Regressor
998000.0000000008,1095216.917324408,CatBoost Regressor
1499999.9999999986,909009.2962162499,CatBoost Regressor
1931833.000000001,1633661.4724923247,CatBoost Regressor
460000.0000000002,535387.104275273,CatBoost Regressor
306999.99999999994,314613.97956202185,CatBoost Regressor
1944999.999999999,1373218.5851054608,CatBoost Regressor
779000.0000000001,780683.893046448,CatBoost Regressor
945000.0000000006,857152.9329270027,CatBoost Regressor
299999.99999999977,559958.6495835191,CatBoost Regressor
348998.9999999999,374150.2592481748,CatBoost Regressor
969999.9999999999,1123102.2425502995,CatBoost Regressor
587699.9999999999,718040.6983099381,CatBoost Regressor
2250000.000000001,1458584.3783553238,CatBoost Regressor
310000.0000000002,294531.7420001195,CatBoost Regressor
442999.99999999994,470883.2989744948,CatBoost Regressor
1299999.9999999993,1022071.7192786991,CatBoost Regressor
1468633.0000000007,1737484.549233953,CatBoost Regressor
847999.9999999995,914899.141588208,CatBoost Regressor
1640396.9999999986,1616796.6134560094,CatBoost Regressor
1124999.9999999995,1253489.6711707884,CatBoost Regressor
1815000.0000000002,1179368.1065902468,CatBoost Regressor
139999.9999999999,188145.58049952477,CatBoost Regressor
1024999.9999999995,1626975.62417769,CatBoost Regressor
267999.99999999977,304963.35310692585,CatBoost Regressor
2207499.999999998,1665155.837676662,CatBoost Regressor
80000.0,826692.9159165621,CatBoost Regressor
62999.99999999995,863805.665150275,CatBoost Regressor
591999.9999999995,597417.2783187033,CatBoost Regressor
1570000.0000000005,1188994.9053803904,CatBoost Regressor
1699999.9999999988,1718482.6797310433,CatBoost Regressor
974999.9999999999,839098.0752380365,CatBoost Regressor
844999.9999999993,667752.9244320717,CatBoost Regressor
1537558.0000000007,1538510.6945915848,CatBoost Regressor
320000.00000000006,306979.82474954287,CatBoost Regressor
759999.9999999999,662518.0048563671,CatBoost Regressor
299999.99999999977,1080844.961470045,CatBoost Regressor
369994.0000000001,1552412.4930082208,CatBoost Regressor
651999.9999999995,682625.6493336962,CatBoost Regressor
1257539.0000000012,1030620.4738933153,CatBoost Regressor
1328106.0,1783566.8900613626,CatBoost Regressor
899999.9999999995,746308.5175843642,CatBoost Regressor
846999.9999999998,774024.6652114002,CatBoost Regressor
700000.0000000006,432625.21392949624,CatBoost Regressor
2100000.000000001,1181907.6905884913,CatBoost Regressor
535764.9999999999,796717.9276378042,CatBoost Regressor
1734999.9999999986,1031894.851374438,CatBoost Regressor
575000.0000000001,642694.8878690143,CatBoost Regressor
1045404.0000000008,1033292.592797,CatBoost Regressor
1499999.9999999986,662660.1256167066,CatBoost Regressor
215000.0,311123.7129979999,CatBoost Regressor
608549.9999999999,792862.0754976355,CatBoost Regressor
275000.0000000002,220003.66662149617,CatBoost Regressor
1299999.9999999993,1068108.716920878,CatBoost Regressor
1837499.9999999986,1006478.7305403077,CatBoost Regressor
938999.9999999999,764519.7375966026,CatBoost Regressor
898999.9999999995,1020853.8241467018,CatBoost Regressor
700000.0000000006,556336.6845526476,CatBoost Regressor
1305098.999999999,1302794.4152438054,CatBoost Regressor
1659999.9999999998,1306064.510798245,CatBoost Regressor
615000.0,688165.5165957983,CatBoost Regressor
1350366.000000001,1111663.248891402,CatBoost Regressor
330000.0000000001,341211.86163587845,CatBoost Regressor
1475263.9999999988,1739604.4016786593,CatBoost Regressor
725000.0000000006,1024642.201560077,CatBoost Regressor
925000.0000000007,916452.2099187757,CatBoost Regressor
449999.99999999994,733342.4787087232,CatBoost Regressor
639000.0000000006,595366.9905863431,CatBoost Regressor
809999.9999999995,694868.9447674081,CatBoost Regressor
794999.9999999998,977016.9167455614,CatBoost Regressor
399900.0,342590.1798265881,CatBoost Regressor
2068370.9999999993,1778582.4423071672,CatBoost Regressor
714811.9999999994,677728.9167825652,CatBoost Regressor
1600000.0000000012,1474067.7006793576,CatBoost Regressor
534999.9999999995,528789.4220820492,CatBoost Regressor
120000.00000000004,167848.33036663485,CatBoost Regressor
1550000.0000000012,1118640.8491172646,CatBoost Regressor
1385000.0000000012,1151336.6459458878,CatBoost Regressor
499999.99999999977,322270.97002258664,CatBoost Regressor
122318.99999999993,295927.8405737777,CatBoost Regressor
1317500.0000000012,827645.5866072617,CatBoost Regressor
1450000.0000000002,1029148.5941970997,CatBoost Regressor
480000.00000000006,726395.672804208,CatBoost Regressor
1923323.0000000005,2102096.964620761,CatBoost Regressor
634999.9999999997,767919.2851268384,CatBoost Regressor
599000.0,621279.7904760509,CatBoost Regressor
998999.9999999995,726111.7188840274,CatBoost Regressor
1270000.0000000002,878710.6310448301,CatBoost Regressor
742999.9999999998,604449.1753651915,CatBoost Regressor
420000.0,359503.3404229677,CatBoost Regressor
210000.0,260397.06178399533,CatBoost Regressor
1169999.9999999998,959899.939571398,CatBoost Regressor
954000.0000000001,783309.4951555132,CatBoost Regressor
1625000.0000000012,1290977.9321321058,CatBoost Regressor
210000.0,256918.16730047236,CatBoost Regressor
1080000.0000000002,1176808.4068685833,CatBoost Regressor
1099999.9999999998,727959.4592621237,CatBoost Regressor
1099999.9999999998,943611.9219697521,CatBoost Regressor
1298769.999999999,1326969.626520211,CatBoost Regressor
775000.0000000007,641212.337870158,CatBoost Regressor
1869999.9999999993,1693094.746765879,CatBoost Regressor
999899.9999999997,1164545.977073081,CatBoost Regressor
299999.99999999977,317000.1859456942,CatBoost Regressor
591603.0000000001,781503.4485343054,CatBoost Regressor
1175000.0,1559660.3852108778,CatBoost Regressor
850000.0000000005,797400.3309252554,CatBoost Regressor
998999.9999999995,714212.9350768798,CatBoost Regressor
530400.0000000005,540757.9637134564,CatBoost Regressor
759999.9999999999,504319.61866912554,CatBoost Regressor
1575000.0000000002,985096.9803441863,CatBoost Regressor
739999.9999999999,605914.4566072468,CatBoost Regressor
1270396.0000000005,1086371.5314975712,CatBoost Regressor
2565000.0000000005,1586115.4832535004,CatBoost Regressor
864999.9999999994,782995.6073408547,CatBoost Regressor
409999.9999999997,581661.9302106329,CatBoost Regressor
800000.0000000005,709173.0128246738,CatBoost Regressor
1343000.0000000012,1451026.197939003,CatBoost Regressor
1583379.000000001,1622441.0675733748,CatBoost Regressor
995000.0,876956.4030031917,CatBoost Regressor
749999.9999999998,603752.6078903932,CatBoost Regressor
199999.99999999997,207131.4241480976,CatBoost Regressor
2599999.9999999986,2107160.777342172,CatBoost Regressor
255000.0000000001,310619.6269154311,CatBoost Regressor
1220000.0000000002,795894.7433692352,CatBoost Regressor
1200000.0000000005,955056.7353625628,CatBoost Regressor
1028893.0000000009,1027621.3952049959,CatBoost Regressor
713000.0000000003,518653.36123853666,CatBoost Regressor
995000.0,1006477.1812004246,CatBoost Regressor
1009999.9999999992,1246255.6877535975,CatBoost Regressor
688000.0000000001,636681.4735646015,CatBoost Regressor
215000.0,335295.5768030264,CatBoost Regressor
1140000.0000000002,1644126.5413837102,CatBoost Regressor
1350000.0,1770367.472068342,CatBoost Regressor
1299999.9999999993,931660.4571792003,CatBoost Regressor
667927.0000000001,725360.3356701676,CatBoost Regressor
749999.9999999998,1274405.9687594008,CatBoost Regressor
1990999.9999999995,1103708.8963116717,CatBoost Regressor
379500.0000000001,282666.1919602967,CatBoost Regressor
520000.0,653505.0402955227,CatBoost Regressor
1008042.0,1197795.9241262644,CatBoost Regressor
62999.99999999995,462066.91845108435,CatBoost Regressor
735500.0000000001,1651320.0384560334,CatBoost Regressor
376808.00000000023,385025.74504484236,CatBoost Regressor
979999.9999999997,966392.541700862,CatBoost Regressor
2510525.000000001,1542091.4533195684,CatBoost Regressor
669999.9999999998,647758.5112724818,CatBoost Regressor
625000.0000000002,583796.0464917199,CatBoost Regressor
440000.0000000002,423065.98062861833,CatBoost Regressor
399999.9999999999,500790.2139761247,CatBoost Regressor
739999.9999999999,541716.5233842793,CatBoost Regressor
875000.0,1262537.0963675356,CatBoost Regressor
490000.0,568423.922898337,CatBoost Regressor
974999.9999999999,945517.1619017018,CatBoost Regressor
600000.0000000003,848935.5665200336,CatBoost Regressor
560000.0000000003,623655.3581571874,CatBoost Regressor
275000.0000000002,466336.1141079433,CatBoost Regressor
735000.0000000005,602781.86357555,CatBoost Regressor
1431549.9999999998,862462.3086474832,CatBoost Regressor
339999.99999999994,304992.2983010238,CatBoost Regressor
1310000.000000001,1066360.922139245,CatBoost Regressor
243000.00000000003,271325.62281868316,CatBoost Regressor
474999.99999999977,521092.04417991004,CatBoost Regressor
2288851.999999998,1960029.1087619795,CatBoost Regressor
440000.0000000002,328284.4204797384,CatBoost Regressor
109999.99999999991,165898.5013413348,CatBoost Regressor
2574444.9999999986,637574.7318249296,CatBoost Regressor
2119999.9999999986,1468290.5476251456,CatBoost Regressor
469999.9999999998,768119.2780906362,CatBoost Regressor
1350000.0,904836.0902569919,CatBoost Regressor
1476542.999999999,1669076.1216377565,CatBoost Regressor
1600000.0000000012,1078058.3449400647,CatBoost Regressor
937499.9999999995,871400.0933523099,CatBoost Regressor
1701411.0000000007,1703093.6733400794,CatBoost Regressor
625000.0000000002,544163.4355729066,CatBoost Regressor
530000.0000000003,486093.7223320514,CatBoost Regressor
2400000.000000001,1075078.8751157764,CatBoost Regressor
320000.00000000006,349633.1209880142,CatBoost Regressor
719999.9999999995,803907.4620372842,CatBoost Regressor
225000.00000000015,314250.49675266916,CatBoost Regressor
2199999.9999999995,1355501.2664889183,CatBoost Regressor
1780000.0000000016,1498132.6813492368,CatBoost Regressor
820000.0000000005,761253.5603293072,CatBoost Regressor
2250000.000000001,1360537.2547023047,CatBoost Regressor
615000.0,555098.8543433986,CatBoost Regressor
1393107.9999999998,1383674.277092638,CatBoost Regressor
2150000.0,1031474.0424299994,CatBoost Regressor
1798500.0,906684.8003850115,CatBoost Regressor
800836.0000000002,1007874.6375333422,CatBoost Regressor
2750000.0,1252285.3034876096,CatBoost Regressor
1183049.9999999998,1495118.314650008,CatBoost Regressor
1849999.9999999995,722848.9963898072,CatBoost Regressor
657999.9999999998,609884.3284562071,CatBoost Regressor
1827639.0000000016,2043498.697147267,CatBoost Regressor
1275000.0000000002,1231987.8117147582,CatBoost Regressor
998999.9999999995,1286293.3698004065,CatBoost Regressor
1850131.0000000007,1895118.0839298428,CatBoost Regressor
349724.99999999977,334237.97585172445,CatBoost Regressor
379999.9999999999,663581.3011205406,CatBoost Regressor
746370.9999999995,880775.7091840286,CatBoost Regressor
719999.9999999995,543304.1376861425,CatBoost Regressor
1099999.9999999998,769561.4970541662,CatBoost Regressor
1272812.999999999,1327573.6995299652,CatBoost Regressor
520000.0,632426.7394609497,CatBoost Regressor
1499999.9999999986,1165407.3348195755,CatBoost Regressor
540000.0000000001,575049.6215947404,CatBoost Regressor
449999.99999999994,561707.1009861319,CatBoost Regressor
765000.0000000003,885560.0980195289,CatBoost Regressor
823999.9999999994,833700.5818924283,CatBoost Regressor
883840.9999999994,765042.8815733026,CatBoost Regressor
228000.00000000003,338946.6505865807,CatBoost Regressor
1995000.0,1654163.1813671417,CatBoost Regressor
369999.99999999977,507797.4155318167,CatBoost Regressor
934075.0000000007,875738.1626316133,CatBoost Regressor
249999.9999999998,692159.4204926232,CatBoost Regressor
1090000.0000000002,1020826.9100621053,CatBoost Regressor
637999.9999999997,529873.2309586649,CatBoost Regressor
1318633.9999999988,1122242.535649277,CatBoost Regressor
503957.99999999977,705722.8891293238,CatBoost Regressor
1968937.9999999995,1903970.9379216763,CatBoost Regressor
249999.9999999998,739218.1523113761,CatBoost Regressor
747000.0000000005,560010.2919667761,CatBoost Regressor
375000.00000000006,480296.0251260481,CatBoost Regressor
507000.0000000003,517638.66779515566,CatBoost Regressor
829000.0000000002,622001.9423321709,CatBoost Regressor
695000.0,586678.2602842811,CatBoost Regressor
925000.0000000007,1176769.1717698462,CatBoost Regressor
2266864.9999999986,2667143.7641476523,CatBoost Regressor
961635.0000000007,1078910.7344847058,CatBoost Regressor
925000.0000000007,480491.1941283944,CatBoost Regressor
757499.9999999999,930129.5610001073,CatBoost Regressor
610000.0000000005,496318.40949491196,CatBoost Regressor
775000.0000000007,773693.1871166241,CatBoost Regressor
1340000.0000000002,1273728.8363044949,CatBoost Regressor
1150000.0000000005,1499855.951199939,CatBoost Regressor
2050000.000000001,1468316.952403049,CatBoost Regressor
2300000.0,1485132.3148575858,CatBoost Regressor
999500.0000000003,1149554.7379467967,CatBoost Regressor
399999.9999999999,406890.8140763847,CatBoost Regressor
749999.9999999998,1417162.943835409,CatBoost Regressor
1279999.9999999988,939991.4948574626,CatBoost Regressor
1364999.9999999993,1221518.6356487854,CatBoost Regressor
1550000.0000000012,1046838.4723472869,CatBoost Regressor
1099999.9999999998,1203405.169614675,CatBoost Regressor
298788.0,255232.82313072938,CatBoost Regressor
685000.0000000005,843317.7032274156,CatBoost Regressor
809999.9999999995,700573.8933128084,CatBoost Regressor
2050000.000000001,1330956.653991918,CatBoost Regressor
899999.9999999995,877768.9356883675,CatBoost Regressor
695000.0,403755.9152832242,CatBoost Regressor
952063.9999999998,528138.6756954495,CatBoost Regressor
527999.9999999999,897657.6878448686,CatBoost Regressor
155000.00000000012,294286.5039832428,CatBoost Regressor
520000.0,624237.3858401187,CatBoost Regressor
397415.9999999998,382970.43705959606,CatBoost Regressor
654999.9999999995,481804.01175487606,CatBoost Regressor
859999.9999999997,1358701.716328508,CatBoost Regressor
219999.99999999983,375978.92071707157,CatBoost Regressor
1429999.9999999995,1290051.8038975236,CatBoost Regressor
1993127.9999999993,1988131.6857650646,CatBoost Regressor
1785714.0000000014,1028409.4790834273,CatBoost Regressor
1624500.0000000005,558922.4896721245,CatBoost Regressor
790500.0000000006,875612.202536228,CatBoost Regressor
2573480.0000000005,1815496.6772990958,CatBoost Regressor
645000.0,519870.42554275825,CatBoost Regressor
2495000.000000002,1569682.5606994666,CatBoost Regressor
525000.0000000003,290906.2322895972,CatBoost Regressor
775000.0000000007,728617.2050679171,CatBoost Regressor
465000.00000000023,575330.5721310247,CatBoost Regressor
749999.9999999998,706489.571374772,CatBoost Regressor
549999.9999999998,590965.0486913883,CatBoost Regressor
785000.0000000006,705006.5830026381,CatBoost Regressor
950999.9999999993,829743.757761825,CatBoost Regressor
1249999.999999999,797369.5685862136,CatBoost Regressor
910916.9999999994,1185764.2851152157,CatBoost Regressor
1169999.9999999998,1467899.2434346126,CatBoost Regressor
621133.0000000002,473489.33008237067,CatBoost Regressor
1476463.000000001,1427951.3770489173,CatBoost Regressor
632000.0,641135.6941518584,CatBoost Regressor
1313542.9999999993,1098005.910105828,CatBoost Regressor
1323725.0000000005,725772.7402290949,CatBoost Regressor
525000.0000000003,379110.9787121329,CatBoost Regressor
674999.9999999998,1353376.7364989994,CatBoost Regressor
689999.9999999995,826775.1641741641,CatBoost Regressor
509999.9999999998,471543.6925759971,CatBoost Regressor
689999.9999999995,751111.1031339632,CatBoost Regressor
950000.0000000008,1054739.1948779498,CatBoost Regressor
1743524.9999999995,1959469.2044383143,CatBoost Regressor
1299999.9999999993,1052571.2263953288,CatBoost Regressor
2288473.000000001,2167729.0216100737,CatBoost Regressor
1257539.0000000012,1106243.2732486448,CatBoost Regressor
294999.9999999998,310678.125719221,CatBoost Regressor
1450000.0000000002,1481835.55333914,CatBoost Regressor
1951600.9999999986,1750106.7314571592,CatBoost Regressor
620000.0000000005,659185.5264501733,CatBoost Regressor
364999.99999999977,649241.8871290423,CatBoost Regressor
782999.9999999994,669894.5441397869,CatBoost Regressor
800000.0000000005,1258898.200491151,CatBoost Regressor
409999.9999999997,1035759.1485797742,CatBoost Regressor
519750.00000000035,754662.1084174707,CatBoost Regressor
2700000.0,790111.1916697598,CatBoost Regressor
1095299.9999999998,1071639.545826384,CatBoost Regressor
625000.0000000002,745901.1079508191,CatBoost Regressor
509999.9999999998,429421.2122592603,CatBoost Regressor
1247999.9999999995,1024610.5200820153,CatBoost Regressor
1577000.0000000005,1309822.5865618878,CatBoost Regressor
1360000.0000000002,1694057.6799491837,CatBoost Regressor
989999.9999999992,1080064.1943971287,CatBoost Regressor
260699.9999999998,364893.7053275121,CatBoost Regressor
415000.00000000006,446131.1837321226,CatBoost Regressor
1415000.0,850090.698048025,CatBoost Regressor
664999.9999999995,736519.7743281593,CatBoost Regressor
2901888.0000000014,1524450.5440762425,CatBoost Regressor
499999.99999999977,690250.0221744109,CatBoost Regressor
435000.0,1083544.962812643,CatBoost Regressor
1400000.0000000007,785958.4502975419,CatBoost Regressor
875000.0,940799.8921534867,CatBoost Regressor
149000.0,165639.0271698985,CatBoost Regressor
1800000.000000001,975093.5117268839,CatBoost Regressor
698999.9999999995,783311.7251146272,CatBoost Regressor
909999.9999999997,755097.6068748019,CatBoost Regressor
780000.0000000001,642420.3751641714,CatBoost Regressor
765000.0000000003,1035464.8427578139,CatBoost Regressor
1049537.9999999995,1014268.4468941184,CatBoost Regressor
152100.0000000001,583311.589762548,CatBoost Regressor
399999.9999999999,311712.13885128644,CatBoost Regressor
2529999.9999999977,1573545.8792546114,CatBoost Regressor
1820000.0000000005,1605224.9920746738,CatBoost Regressor
590000.0000000003,384471.05229864124,CatBoost Regressor
1372131.0000000005,1417578.0828557678,CatBoost Regressor
2800000.000000002,1584082.337716234,CatBoost Regressor
565171.9999999995,415551.5165177458,CatBoost Regressor
399999.9999999999,306282.71026946354,CatBoost Regressor
2599999.9999999986,1039242.5535888252,CatBoost Regressor
1995000.0,1769630.3526067703,CatBoost Regressor
1020000.0000000005,1157843.8607093412,CatBoost Regressor
206999.99999999994,262930.46436939924,CatBoost Regressor
1247999.9999999995,1030209.0184037077,CatBoost Regressor
1200000.0000000005,1360020.7742342488,CatBoost Regressor
1142259.0000000005,1415968.292942357,CatBoost Regressor
1020000.0000000005,736917.641956242,CatBoost Regressor
775999.9999999994,627758.8606885367,CatBoost Regressor
659999.9999999995,756760.6152500919,CatBoost Regressor
1067050.000000001,1077918.7292933413,CatBoost Regressor
575000.0000000001,438964.46497034474,CatBoost Regressor
615000.0,471653.34041439294,CatBoost Regressor
1847519.0000000007,1530349.2994481444,CatBoost Regressor
549999.9999999998,659936.7533400423,CatBoost Regressor
610000.0000000005,659414.5448623198,CatBoost Regressor
1260000.0,1096191.8896359205,CatBoost Regressor
1919142.0000000007,1923695.5509497777,CatBoost Regressor
2649999.999999999,1206492.99948436,CatBoost Regressor
319967.0000000002,527818.287350574,CatBoost Regressor
575000.0000000001,821724.0249485816,CatBoost Regressor
255000.0000000001,244185.6694340667,CatBoost Regressor
1499999.9999999986,1625782.1862018304,CatBoost Regressor
1033528.9999999993,856970.6672484416,CatBoost Regressor
1150000.0000000005,783436.4050635818,CatBoost Regressor
307499.99999999977,259624.90734403353,CatBoost Regressor
1251753.9999999998,773612.0218401228,CatBoost Regressor
610887.9999999998,474264.74340665963,CatBoost Regressor
919999.9999999998,800559.7524275784,CatBoost Regressor
1474999.999999999,1458102.642180193,CatBoost Regressor
795277.0000000001,707907.5440090757,CatBoost Regressor
915000.0000000002,771907.1190729552,CatBoost Regressor
795234.0000000006,634902.0143073489,CatBoost Regressor
1210394.0000000005,1315753.745444112,CatBoost Regressor
612580.9999999998,698857.4543152337,CatBoost Regressor
864999.9999999994,706337.4440780694,CatBoost Regressor
1499999.9999999986,873028.1470478866,CatBoost Regressor
549675.0000000003,693130.8175426972,CatBoost Regressor
998999.9999999995,839368.3066926193,CatBoost Regressor
310000.0000000002,226453.2642490838,CatBoost Regressor
2000000.0000000016,948812.2199483858,CatBoost Regressor
310000.0000000002,348531.16424453,CatBoost Regressor
343472.99999999994,474608.67247563915,CatBoost Regressor
809999.9999999995,696858.1981535269,CatBoost Regressor
919999.9999999998,1029468.2637566128,CatBoost Regressor
1320000.000000001,958547.7176958923,CatBoost Regressor
1167249.9999999998,951043.5352087889,CatBoost Regressor
1628805.9999999995,1599930.9553977104,CatBoost Regressor
800000.0000000005,770833.0950348165,CatBoost Regressor
1380000.0000000005,1045501.6015964083,CatBoost Regressor
159999.99999999997,195974.57353241902,CatBoost Regressor
1299999.9999999993,790663.0377491723,CatBoost Regressor
974999.9999999999,635234.1527467095,CatBoost Regressor
2100000.000000001,783604.5658037342,CatBoost Regressor
235000.0,1005652.9098936738,CatBoost Regressor
818000.0000000003,785048.5976186364,CatBoost Regressor
1824999.9999999984,1171353.397422124,CatBoost Regressor
1962500.0000000014,1485619.9240959024,CatBoost Regressor
875000.0,719332.5528173877,CatBoost Regressor
862499.9999999998,946489.740692031,CatBoost Regressor
2325000.0,1516019.5048851883,CatBoost Regressor
749999.9999999998,686585.3482249193,CatBoost Regressor
960000.0000000006,1694813.7825146152,CatBoost Regressor
1406291.0000000007,1463409.884396122,CatBoost Regressor
20000.000000000015,351635.72265930386,CatBoost Regressor
1499999.9999999986,1205232.0858614307,CatBoost Regressor
360000.0000000001,262264.02856366616,CatBoost Regressor
2392888.0000000014,1466451.1582983711,CatBoost Regressor
882499.9999999995,770367.7357261089,CatBoost Regressor
54000.00000000001,1095410.5779149863,CatBoost Regressor
1632301.9999999988,1804099.2384046584,CatBoost Regressor
759999.9999999999,596559.8254287485,CatBoost Regressor
973000.0000000007,1474141.70335283,CatBoost Regressor
1617851.0000000002,1619514.9337023199,CatBoost Regressor
2062524.9999999995,2046954.675258885,CatBoost Regressor
425000.0000000002,521573.6677658249,CatBoost Regressor
2337138.9999999995,1185134.8456034595,CatBoost Regressor
909999.9999999997,823458.6917806863,CatBoost Regressor
289999.9999999999,594063.0200597404,CatBoost Regressor
769999.9999999997,828830.2752873253,CatBoost Regressor
461369.99999999977,642994.9603924834,CatBoost Regressor
287999.9999999999,351026.6794617573,CatBoost Regressor
610949.9999999995,667265.687760202,CatBoost Regressor
700000.0000000006,908520.9663399863,CatBoost Regressor
1364999.9999999993,1181072.3167114845,CatBoost Regressor
938607.9999999993,969594.5777974682,CatBoost Regressor
925000.0000000007,822659.7767714539,CatBoost Regressor
1600000.0000000012,1035084.5498503114,CatBoost Regressor
809999.9999999995,876040.5280409922,CatBoost Regressor
1350000.0,903268.1450170643,CatBoost Regressor
515000.00000000006,523896.6272521816,CatBoost Regressor
1495000.000000001,1258446.2415150753,CatBoost Regressor
420000.0,535051.5074281553,CatBoost Regressor
330000.0000000001,306693.6044245561,CatBoost Regressor
1339133.0000000012,1421481.6905138537,CatBoost Regressor
1160399.0,1687959.5888349426,CatBoost Regressor
1325000.0000000007,935607.7740652435,CatBoost Regressor
2325000.0,1850842.568373214,CatBoost Regressor
1200000.0000000005,1517501.2634977507,CatBoost Regressor
375000.00000000006,1017038.4656543388,CatBoost Regressor
942047.0000000007,1048810.9771308794,CatBoost Regressor
890000.0000000002,616016.1205126913,CatBoost Regressor
967500.0000000003,1010404.7658257239,CatBoost Regressor
1115000.0000000007,1224999.072501584,CatBoost Regressor
560000.0000000003,604343.2775442747,CatBoost Regressor
1550000.0000000012,1727781.1105573121,CatBoost Regressor
700000.0000000006,1624835.808697099,CatBoost Regressor
425000.0000000002,559016.7985351812,CatBoost Regressor
1499999.9999999986,1733773.9826186602,CatBoost Regressor
2499999.9999999995,1354140.7551708964,CatBoost Regressor
1350000.0,1001559.7756534704,CatBoost Regressor
2001209.9999999995,1779377.4624728882,CatBoost Regressor
826000.0000000005,967477.5709008913,CatBoost Regressor
2445000.0,1314120.5389979584,CatBoost Regressor
1849999.9999999995,1379089.3348521779,CatBoost Regressor
880785.9999999994,561681.0367857501,CatBoost Regressor
859999.9999999997,905140.1818417902,CatBoost Regressor
1350000.0,1306730.0799100986,CatBoost Regressor
780000.0000000001,1018476.7646521738,CatBoost Regressor
899999.9999999995,925715.3012305874,CatBoost Regressor
1800000.000000001,1258928.1600854346,CatBoost Regressor
875000.0,777780.6323334866,CatBoost Regressor
1521871.0000000005,1517258.6943079573,CatBoost Regressor
1400000.0000000007,1337247.0705347087,CatBoost Regressor
488999.9999999996,608362.6013726721,CatBoost Regressor
1749999.9999999998,1284125.6043811801,CatBoost Regressor
1240000.0000000005,1028699.2760955946,CatBoost Regressor
560000.0000000003,708697.9655159372,CatBoost Regressor
2468750.0000000014,1046303.5005300447,CatBoost Regressor
649999.9999999995,832372.6053446047,CatBoost Regressor
620000.0000000005,380651.3263345658,CatBoost Regressor
1225000.0000000007,1079976.1446850083,CatBoost Regressor
585000.0000000003,352310.7247403379,CatBoost Regressor
1275000.0000000002,1430357.2581470432,CatBoost Regressor
749999.9999999998,985957.4331709356,CatBoost Regressor
1369622.9999999993,1240711.3553763574,CatBoost Regressor
950000.0000000008,773871.4735131436,CatBoost Regressor
2459999.999999999,1468106.6579994839,CatBoost Regressor
1729999.9999999995,1155674.4953187976,CatBoost Regressor
907999.9999999992,899994.1127302985,CatBoost Regressor
100000.00000000004,303629.2255927404,CatBoost Regressor
2599999.9999999986,1170213.1444874597,CatBoost Regressor
1675000.0000000007,878849.0928504714,CatBoost Regressor
1499999.9999999986,1184021.8335895564,CatBoost Regressor
2800000.000000002,2031960.1068804213,CatBoost Regressor
294999.9999999998,510641.3135237579,CatBoost Regressor
880000.0,955117.3267823354,CatBoost Regressor
320000.00000000006,284907.188044291,CatBoost Regressor
729999.9999999998,735932.0625186147,CatBoost Regressor
617999.9999999999,543295.3660378673,CatBoost Regressor
1150000.0000000005,758431.8685776372,CatBoost Regressor
555000.0000000002,629606.0652240388,CatBoost Regressor
1499999.9999999986,1533550.7785178898,CatBoost Regressor
465000.00000000023,673860.2703963066,CatBoost Regressor
377197.00000000035,366112.8861369136,CatBoost Regressor
1529999.9999999988,1494888.6976534824,CatBoost Regressor
834999.9999999998,1296488.8147579231,CatBoost Regressor
915000.0000000002,926387.0352989975,CatBoost Regressor
1899999.9999999993,1901814.5064297728,CatBoost Regressor
1625000.0000000012,1814578.2822301614,CatBoost Regressor
1899999.9999999993,1241546.8438798657,CatBoost Regressor
385000.00000000023,481679.4192106975,CatBoost Regressor
332999.99999999977,329825.75974824606,CatBoost Regressor
390000.00000000035,590677.5832451276,CatBoost Regressor
1128730.9999999998,1215750.4288056805,CatBoost Regressor
1290000.0000000007,902489.6185818301,CatBoost Regressor
2800000.000000002,1194348.845783458,CatBoost Regressor
600000.0000000003,474635.79912729753,CatBoost Regressor
649999.9999999995,755797.8924335439,CatBoost Regressor
790000.0000000003,753763.6194441807,CatBoost Regressor
1225000.0000000007,887086.1079501432,CatBoost Regressor
1499999.9999999986,1120729.4941414427,CatBoost Regressor
2922999.999999999,1446453.3797744405,CatBoost Regressor
238000.0,338690.0958202521,CatBoost Regressor
460000.0000000002,579770.1607327563,CatBoost Regressor
1810855.0000000016,955830.8500901483,CatBoost Regressor
749000.0,753583.549151114,CatBoost Regressor
2014999.9999999984,1017189.3642248187,CatBoost Regressor
759999.9999999999,710002.7157531331,CatBoost Regressor
1080000.0000000002,625454.080858047,CatBoost Regressor
284999.99999999994,372017.2877992532,CatBoost Regressor
1240000.0000000005,1426004.6130833237,CatBoost Regressor
2724999.9999999995,1709532.1117761421,CatBoost Regressor
999999.9999999997,580738.802668255,CatBoost Regressor
1429999.9999999995,1474712.51296136,CatBoost Regressor
2499999.9999999995,1679742.0421973458,CatBoost Regressor
409999.9999999997,874570.6974045293,CatBoost Regressor
1175000.0,736668.7543186129,CatBoost Regressor
379999.9999999999,207544.18510596838,CatBoost Regressor
1275000.0000000002,1097678.3651137715,CatBoost Regressor
1747356.0000000014,1912906.3978143297,CatBoost Regressor
1400000.0000000007,1362317.0621834034,CatBoost Regressor
870000.0000000006,764064.1989500567,CatBoost Regressor
800000.0000000005,832429.1409472873,CatBoost Regressor
639999.9999999998,673361.5338295428,CatBoost Regressor
199999.99999999997,965056.1569060026,CatBoost Regressor
572499.9999999999,747338.7689418242,CatBoost Regressor
575000.0000000001,322130.5278414747,CatBoost Regressor
425000.0000000002,603667.8683559347,CatBoost Regressor
794999.9999999998,663455.4065214999,CatBoost Regressor
922074.0000000002,1508250.2719550177,CatBoost Regressor
2575000.000000002,1830111.360455588,CatBoost Regressor
331500.00000000023,382549.29920096794,CatBoost Regressor
320000.00000000006,432745.39536246256,CatBoost Regressor
649999.9999999995,737194.5656118897,CatBoost Regressor
2612500.000000002,1143332.2795510623,CatBoost Regressor
544999.9999999997,414389.34049233986,CatBoost Regressor
54273.999999999956,181621.6966193899,CatBoost Regressor
804999.9999999993,761035.2445812477,CatBoost Regressor
375000.00000000006,805666.7674768548,CatBoost Regressor
1043249.9999999994,1327283.8102667641,CatBoost Regressor
460000.0000000002,771846.0416339696,CatBoost Regressor
639999.9999999998,604437.8681424409,CatBoost Regressor
549999.9999999998,650514.2225495422,CatBoost Regressor
999999.9999999997,856270.6880083303,CatBoost Regressor
1899999.9999999993,1405964.6439002538,CatBoost Regressor
1795000.0000000005,1758550.2732088706,CatBoost Regressor
399999.9999999999,327632.7657904202,CatBoost Regressor
150000.00000000006,317697.6499177884,CatBoost Regressor
530000.0000000003,479106.19448483613,CatBoost Regressor
698999.9999999995,632606.0615127176,CatBoost Regressor
1299999.9999999993,962542.9262098228,CatBoost Regressor
1018000.0000000007,1024423.5189580529,CatBoost Regressor
199999.99999999997,502084.37192839314,CatBoost Regressor
1400000.0000000007,1331277.4515138918,CatBoost Regressor
880000.0,629337.5285152211,CatBoost Regressor
895000.0000000007,810594.5414530841,CatBoost Regressor
719999.9999999995,911469.7085029844,CatBoost Regressor
719999.9999999995,543699.7864025611,CatBoost Regressor
1564144.0000000005,1546851.1255172074,CatBoost Regressor
255000.0000000001,321241.8383804097,CatBoost Regressor
732000.0000000001,1245212.36359886,CatBoost Regressor
739999.9999999999,829715.1082444557,CatBoost Regressor
415000.00000000006,686111.862088365,CatBoost Regressor
2199999.9999999995,1783322.4298780505,CatBoost Regressor
2800000.000000002,974169.5691843332,CatBoost Regressor
1890000.0000000007,1737316.7768982388,CatBoost Regressor
579999.9999999997,466345.409121495,CatBoost Regressor
265000.00000000006,310054.54162734863,CatBoost Regressor
2599999.9999999986,867723.1812030122,CatBoost Regressor
625499.9999999999,508767.74442312634,CatBoost Regressor
800000.0000000005,843199.0752022197,CatBoost Regressor
935000.0000000006,1322600.786732848,CatBoost Regressor
1266999.9999999995,856085.0038163012,CatBoost Regressor
330000.0000000001,322865.0103537259,CatBoost Regressor
1500044.0000000005,1206494.2575883507,CatBoost Regressor
360000.0000000001,289452.431267947,CatBoost Regressor
979999.9999999997,878881.3048294657,CatBoost Regressor
744999.9999999997,617527.3974133593,CatBoost Regressor
312500.00000000023,785528.8569289885,CatBoost Regressor
480000.00000000006,556393.3985730462,CatBoost Regressor
480000.00000000006,596245.9062721378,CatBoost Regressor
993999.9999999995,1159679.5513605478,CatBoost Regressor
2480000.0,1910502.584119589,CatBoost Regressor
830000.0000000005,774309.1484582111,CatBoost Regressor
999998.9999999995,822699.6440444234,CatBoost Regressor
1299999.9999999993,791405.2631418073,CatBoost Regressor
210000.0,196905.8428098401,CatBoost Regressor
798999.9999999997,810413.2668833294,CatBoost Regressor
158999.99999999997,305943.7473409997,CatBoost Regressor
455000.0,647939.523254561,CatBoost Regressor
1848499.999999999,1463736.9726398115,CatBoost Regressor
821500.0000000006,618944.1818525883,CatBoost Regressor
634999.9999999997,587176.9221116272,CatBoost Regressor
696329.9999999995,708808.2465666089,CatBoost Regressor
520000.0,858028.6293176183,CatBoost Regressor
1099999.9999999998,758024.6578520426,CatBoost Regressor
1050000.0000000007,1925033.0425951306,CatBoost Regressor
554000.0,497907.6286702406,CatBoost Regressor
950000.0000000008,823135.0073699994,CatBoost Regressor
516253.0000000003,699468.8081055759,CatBoost Regressor
604999.9999999998,517726.9209962634,CatBoost Regressor
999899.9999999997,908591.0615791596,CatBoost Regressor
830000.0000000005,657136.8648486217,CatBoost Regressor
735000.0000000005,638772.237563543,CatBoost Regressor
850000.0000000005,718042.435946319,CatBoost Regressor
1150000.0000000005,1255048.1187549017,CatBoost Regressor
1575000.0000000002,1331917.840367086,CatBoost Regressor
973999.9999999994,650038.5939557048,CatBoost Regressor
610949.9999999995,709106.7776591574,CatBoost Regressor
369999.99999999977,339811.95450013684,CatBoost Regressor
680000.0000000003,536488.8575062235,CatBoost Regressor
919999.9999999998,813190.4435742702,CatBoost Regressor
1988337.9999999998,1200396.1652819135,CatBoost Regressor
1873259.0000000016,2101323.411029252,CatBoost Regressor
540000.0000000001,609583.4412470473,CatBoost Regressor
955164.9999999998,1085487.4427091316,CatBoost Regressor
540000.0000000001,300201.4470186722,CatBoost Regressor
674999.9999999998,609594.3455349935,CatBoost Regressor
509999.9999999998,401211.1290329537,CatBoost Regressor
2199419.9999999986,1349900.7498437339,CatBoost Regressor
749999.9999999998,820493.7188568094,CatBoost Regressor
1260000.0,837724.1326241507,CatBoost Regressor
1179999.9999999993,941230.0613002726,CatBoost Regressor
875000.0,838758.215765167,CatBoost Regressor
884999.9999999998,808456.2601033457,CatBoost Regressor
1774999.9999999986,1626960.9969582122,CatBoost Regressor
610949.9999999995,698668.3166005886,CatBoost Regressor
49685.99999999998,703659.2731978092,CatBoost Regressor
1525000.0000000005,1385385.435119722,CatBoost Regressor
1320000.000000001,1120350.066312727,CatBoost Regressor
530000.0000000003,623343.7410824719,CatBoost Regressor
725000.0000000006,896758.493373515,CatBoost Regressor
1260000.0,1072110.9998316392,CatBoost Regressor
729999.9999999998,682852.161058312,CatBoost Regressor
845156.9999999998,688678.3344086829,CatBoost Regressor
955000.0000000001,1119517.4106377214,CatBoost Regressor
680000.0000000003,522543.6672945144,CatBoost Regressor
794999.9999999998,600629.3157658444,CatBoost Regressor
514216.0,674654.0225717867,CatBoost Regressor
998999.9999999995,949198.7161244977,CatBoost Regressor
175000.00000000012,253268.64791030812,CatBoost Regressor
2150000.0,1916034.338592156,CatBoost Regressor
1499999.9999999986,1514874.3368828364,CatBoost Regressor
623731.0000000003,479210.5060583188,CatBoost Regressor
316999.9999999999,428749.0778284459,CatBoost Regressor
1181169.999999999,885990.5960609881,CatBoost Regressor
1720253.0000000014,1837280.2446440319,CatBoost Regressor
156999.99999999994,319071.8561125833,CatBoost Regressor
600000.0000000003,602180.0698945014,CatBoost Regressor
364999.99999999977,406999.5353410353,CatBoost Regressor
700000.0000000006,548434.0384087213,CatBoost Regressor
950000.0000000008,1045123.1819346012,CatBoost Regressor
457999.99999999965,655738.6919246749,CatBoost Regressor
796799.9999999999,612537.5190096349,CatBoost Regressor
2050000.000000001,1300246.4882148097,CatBoost Regressor
449999.99999999994,628807.5299773581,CatBoost Regressor
1497915.0000000007,1353228.0988492991,CatBoost Regressor
749999.9999999998,661335.7194076736,CatBoost Regressor
310000.0000000002,904915.3877643436,CatBoost Regressor
302999.9999999998,271216.33999336924,CatBoost Regressor
825000.0000000006,774352.939992719,CatBoost Regressor
969999.9999999999,587108.1059666361,CatBoost Regressor
850000.0000000005,757155.0661337927,CatBoost Regressor
800000.0000000005,737361.3688872734,CatBoost Regressor
725000.0000000006,811511.7193151198,CatBoost Regressor
749999.9999999998,543465.2990695221,CatBoost Regressor
965000.0000000006,1091268.3934617415,CatBoost Regressor
687319.0000000002,1092962.3857368524,CatBoost Regressor
702119.0000000003,573753.3089284712,CatBoost Regressor
239000.00000000003,486899.307473864,CatBoost Regressor
1874999.999999999,1546851.1255172074,CatBoost Regressor
320000.00000000006,340566.45479309023,CatBoost Regressor
1435291.9999999988,1514788.5424915312,CatBoost Regressor
2400000.000000001,1856181.6234404815,CatBoost Regressor
875000.0,1110949.2888189727,CatBoost Regressor
2199999.9999999995,1140630.3145418072,CatBoost Regressor
1280888.0000000005,869214.4811022395,CatBoost Regressor
798999.9999999997,685428.3276215764,CatBoost Regressor
868658.9999999998,693130.8175426972,CatBoost Regressor
1550000.0000000012,1183848.8928456185,CatBoost Regressor
892499.9999999995,635982.4531265182,CatBoost Regressor
689000.0000000006,742349.462802234,CatBoost Regressor
349999.9999999997,645319.391751562,CatBoost Regressor
689999.9999999995,1044602.5475558523,CatBoost Regressor
565000.0000000003,642680.7393917576,CatBoost Regressor
759999.9999999999,603813.5024991966,CatBoost Regressor
1018250.0000000007,1137535.3025323746,CatBoost Regressor
2474999.999999999,1309709.3534000686,CatBoost Regressor
995000.0,1180968.9981141202,CatBoost Regressor
490000.0,530638.3165355164,CatBoost Regressor
415000.00000000006,296101.36072569154,CatBoost Regressor
1155000.0000000005,1227169.0141505864,CatBoost Regressor
1509955.0000000007,1708424.4327764595,CatBoost Regressor
1360000.0000000002,1478379.9719132031,CatBoost Regressor
800000.0000000005,833541.2051172482,CatBoost Regressor
998999.9999999995,1164520.458786915,CatBoost Regressor
800000.0000000005,807547.6710577185,CatBoost Regressor
962500.0000000008,779790.6455405887,CatBoost Regressor
1865000.0000000002,777980.241640515,CatBoost Regressor
2359999.9999999995,1735947.3301797519,CatBoost Regressor
1249999.999999999,1269126.5277364068,CatBoost Regressor
639999.9999999998,627159.1467437515,CatBoost Regressor
1200000.0000000005,850488.836895501,CatBoost Regressor
1700858.0,1078707.791260717,CatBoost Regressor
1359364.0000000007,1113914.2511313516,CatBoost Regressor
1974999.9999999986,1663135.9146864405,CatBoost Regressor
906744.0000000008,889683.4329626346,CatBoost Regressor
862999.9999999993,677183.3095532703,CatBoost Regressor
925386.9999999992,1080648.0355636138,CatBoost Regressor
1721792.000000001,1748802.6363934414,CatBoost Regressor
244999.99999999997,227082.10506908142,CatBoost Regressor
499999.99999999977,659895.5069876165,CatBoost Regressor
1725000.0000000005,736543.099592333,CatBoost Regressor
372999.9999999999,290015.0083640467,CatBoost Regressor
1894999.9999999993,1130269.2986889572,CatBoost Regressor
929999.9999999993,975939.4891318039,CatBoost Regressor
1083568.0000000002,1162077.2836721265,CatBoost Regressor
790000.0000000003,502765.2728855349,CatBoost Regressor
379999.9999999999,303496.38059229957,CatBoost Regressor
1714999.999999999,1364848.2147547002,CatBoost Regressor
689999.9999999995,896988.7234950177,CatBoost Regressor
1749999.9999999998,1846768.6417811634,CatBoost Regressor
544999.9999999997,1412925.153922138,CatBoost Regressor
2057856.0,1858639.6209463219,CatBoost Regressor
2700000.0,1722389.1910404407,CatBoost Regressor
1719999.9999999998,1486334.486700672,CatBoost Regressor
820000.0000000005,974895.2181856751,CatBoost Regressor
899999.9999999995,876075.5339229595,CatBoost Regressor
1749999.9999999998,1263086.5479977638,CatBoost Regressor
145999.99999999997,377422.8856111033,CatBoost Regressor
889000.0000000006,1047115.5713959215,CatBoost Regressor
1229999.9999999995,1076426.2818399759,CatBoost Regressor
134999.99999999997,193209.66565732818,CatBoost Regressor
1099999.9999999998,911652.8151340706,CatBoost Regressor
475999.9999999996,327862.732501542,CatBoost Regressor
725000.0000000006,863062.8369420394,CatBoost Regressor
998999.9999999995,1289465.998325627,CatBoost Regressor
710000.0,1039928.5826741292,CatBoost Regressor
829000.0000000002,621162.9117294733,CatBoost Regressor
1677868.999999999,1689701.171786304,CatBoost Regressor
935000.0000000006,748239.2694452624,CatBoost Regressor
177000.00000000006,262342.99614081124,CatBoost Regressor
971698.0000000003,988303.7738015528,CatBoost Regressor
354999.9999999998,342408.3324586634,CatBoost Regressor
265000.00000000006,424009.610107533,CatBoost Regressor
729999.9999999998,545330.0635721374,CatBoost Regressor
1456000.0000000005,906630.9705729934,CatBoost Regressor
2000000.0000000016,1670495.820461955,CatBoost Regressor
1400000.0000000007,1568503.6386484979,CatBoost Regressor
1578917.0000000002,1410366.0708279794,CatBoost Regressor
769999.9999999997,899765.3337945502,CatBoost Regressor
680000.0000000003,610667.1966001798,CatBoost Regressor
1099999.9999999998,1068787.875894245,CatBoost Regressor
1525000.0000000005,779993.932392566,CatBoost Regressor
1774999.9999999986,1629992.4766494844,CatBoost Regressor
700047.0000000002,828915.6222623996,CatBoost Regressor
399999.9999999999,418016.4248548091,CatBoost Regressor
1749999.9999999998,1132804.7799574253,CatBoost Regressor
1194999.999999999,635584.0620976138,CatBoost Regressor
1024999.9999999995,1144229.8351600515,CatBoost Regressor
565050.0,1395305.0069213607,CatBoost Regressor
2579999.9999999995,1771562.7302682493,CatBoost Regressor
1845000.0000000002,1546609.7768948793,CatBoost Regressor
291999.9999999998,355732.27001565223,CatBoost Regressor
850457.0000000006,847751.498262485,CatBoost Regressor
947999.9999999993,727499.8641438942,CatBoost Regressor
1622636.0000000007,1742835.647366296,CatBoost Regressor
2300000.0,1290576.0950495563,CatBoost Regressor
649000.0000000006,579898.4682386902,CatBoost Regressor
42500.00000000003,45203.93866786206,CatBoost Regressor
925000.0000000007,854431.5934737378,CatBoost Regressor
398999.99999999977,852565.6604546839,CatBoost Regressor
540000.0000000001,401975.1671419109,CatBoost Regressor
2950000.000000002,1166161.9013395398,CatBoost Regressor
714000.0000000006,791847.5350390901,CatBoost Regressor
567500.0000000002,666443.9271277471,CatBoost Regressor
877100.0000000005,797337.5587784874,CatBoost Regressor
1286999.9999999995,1167415.400999184,CatBoost Regressor
1200000.0000000005,1267678.8327389657,CatBoost Regressor
649000.0000000006,842791.7650368591,CatBoost Regressor
1849999.9999999995,878849.0928504714,CatBoost Regressor
349999.9999999997,853084.1763581713,CatBoost Regressor
659999.9999999995,656503.1250710468,CatBoost Regressor
1995000.0,1856196.7369533798,CatBoost Regressor
781090.0000000007,746233.1467152938,CatBoost Regressor
814999.9999999993,709635.2625176692,CatBoost Regressor
1485000.0000000012,1264041.2101198952,CatBoost Regressor
507460.9999999996,920159.9107868361,CatBoost Regressor
399999.9999999999,325214.4034286813,CatBoost Regressor
685000.0000000005,574894.4894443369,CatBoost Regressor
299999.99999999977,368871.91952989524,CatBoost Regressor
219999.99999999983,794613.4384130628,CatBoost Regressor
155000.00000000012,232254.99048392512,CatBoost Regressor
397999.99999999977,302660.3378553129,CatBoost Regressor
517999.9999999999,287028.97398438584,CatBoost Regressor
1284999.999999999,1314868.2694530284,CatBoost Regressor
1499999.9999999986,1169912.3756288248,CatBoost Regressor
1699999.9999999988,1488117.15593187,CatBoost Regressor
560000.0000000003,503268.46138704906,CatBoost Regressor
533374.9999999998,763125.3137959975,CatBoost Regressor
794999.9999999998,1047187.7872015479,CatBoost Regressor
570000.0000000001,796377.6551376672,CatBoost Regressor
909999.9999999997,982760.6852196144,CatBoost Regressor
284999.99999999994,277009.39252684586,CatBoost Regressor
998999.9999999995,1174060.807432635,CatBoost Regressor
2680000.0000000014,1450320.7841722486,CatBoost Regressor
700000.0000000006,823643.6065643855,CatBoost Regressor
1182999.9999999993,1064621.9441586544,CatBoost Regressor
819039.0,961347.9742765835,CatBoost Regressor
420000.0,317744.97490373265,CatBoost Regressor
1140000.0000000002,1107577.7251212941,CatBoost Regressor
1400000.0000000007,1062382.9294654517,CatBoost Regressor
170000.00000000012,190334.78564344157,CatBoost Regressor
395000.00000000035,371053.0385412657,CatBoost Regressor
348999.99999999994,343123.8725941016,CatBoost Regressor
847622.9999999995,754097.5754297803,CatBoost Regressor
780000.0000000001,632579.035549254,CatBoost Regressor
364999.99999999977,280413.5664995576,CatBoost Regressor
364999.99999999977,426961.6759640229,CatBoost Regressor
549999.9999999998,747717.4335359423,CatBoost Regressor
825000.0000000006,927633.0505778216,CatBoost Regressor
850000.0000000005,689287.4533238191,CatBoost Regressor
1699999.9999999988,861528.4155727032,CatBoost Regressor
1630549.9999999986,855457.4631957606,CatBoost Regressor
2812499.999999998,1251575.123322104,CatBoost Regressor
710000.0,732300.2833748606,CatBoost Regressor
1502994.0,1402202.2707791035,CatBoost Regressor
998999.9999999995,670843.8382254466,CatBoost Regressor
649999.9999999995,803778.289178345,CatBoost Regressor
1600000.0000000012,1951013.3927621446,CatBoost Regressor
998999.9999999995,1062420.7273212175,CatBoost Regressor
634999.9999999997,586442.7752411767,CatBoost Regressor
1469505.0000000005,1587046.2541887157,CatBoost Regressor
544999.9999999997,643273.2877425327,CatBoost Regressor
749999.9999999998,426880.0485954519,CatBoost Regressor
929999.9999999993,1379856.9180618527,CatBoost Regressor
909999.9999999997,944126.9497789385,CatBoost Regressor
735000.0000000005,833532.9472755053,CatBoost Regressor
790000.0000000003,876264.2691664505,CatBoost Regressor
1749999.9999999998,1298936.4715378096,CatBoost Regressor
1680000.0000000005,1263393.1012547195,CatBoost Regressor
924767.0,877244.2295787872,CatBoost Regressor
895000.0000000007,742281.4975699842,CatBoost Regressor
310000.0000000002,894161.4645714348,CatBoost Regressor
349999.9999999997,377614.26046550146,CatBoost Regressor
755000.0000000005,1144044.8942658287,CatBoost Regressor
849998.9999999994,616834.9586542385,CatBoost Regressor
537999.9999999998,612931.1856088643,CatBoost Regressor
995000.0,1115802.6623404906,CatBoost Regressor
840000.0000000005,534891.1001660671,CatBoost Regressor
998000.0000000008,937686.1634606435,CatBoost Regressor
1050000.0000000007,1203809.4075130455,CatBoost Regressor
1040000.0000000009,890042.0246320904,CatBoost Regressor
729999.9999999998,901016.4277140285,CatBoost Regressor
979999.9999999997,674858.2563284436,CatBoost Regressor
509999.9999999998,572399.4410203074,CatBoost Regressor
525000.0000000003,976115.2340906913,CatBoost Regressor
575000.0000000001,768263.7665989676,CatBoost Regressor
870000.0000000006,701521.477832293,CatBoost Regressor
725000.0000000006,611469.7589670575,CatBoost Regressor
1499999.9999999986,1445445.1035132238,CatBoost Regressor
262500.00000000023,224950.03870623,CatBoost Regressor
759999.9999999999,576883.8165034637,CatBoost Regressor
617000.0,906795.9418071592,CatBoost Regressor
149561.00000000003,92463.63884747204,CatBoost Regressor
360000.0000000001,890515.2630259199,CatBoost Regressor
369999.99999999977,897607.2874497395,CatBoost Regressor
1415731.9999999998,1724606.1285998004,CatBoost Regressor
1356534.9999999998,1400610.380585169,CatBoost Regressor
1200000.0000000005,963457.6316856914,CatBoost Regressor
498999.9999999996,314613.97956202185,CatBoost Regressor
390000.00000000035,433734.297203382,CatBoost Regressor
1004140.0000000005,1067428.727863516,CatBoost Regressor
698999.9999999995,848269.598947801,CatBoost Regressor
2599999.9999999986,894798.8225760859,CatBoost Regressor
170000.00000000012,191819.60260167895,CatBoost Regressor
1732999.999999999,870869.6334268069,CatBoost Regressor
630210.9999999995,587756.5926635752,CatBoost Regressor
850000.0000000005,1012086.3078344226,CatBoost Regressor
692500.0000000005,563586.8159596181,CatBoost Regressor
407999.99999999965,515541.9459877309,CatBoost Regressor
1569389.0000000005,595136.8972717262,CatBoost Regressor
579999.9999999997,643421.6927600023,CatBoost Regressor
205000.0,317109.6954148604,CatBoost Regressor
1099999.9999999998,962320.950523569,CatBoost Regressor
680000.0000000003,615429.3612952239,CatBoost Regressor
449999.99999999994,1877132.4367222323,CatBoost Regressor
2250000.000000001,946697.506820136,CatBoost Regressor
998999.9999999995,772075.4929011469,CatBoost Regressor
873000.0000000001,1300579.9129426382,CatBoost Regressor
769999.9999999997,653456.5116144338,CatBoost Regressor
1124999.9999999995,916753.4554383454,CatBoost Regressor
712500.0000000002,1019737.5172407619,CatBoost Regressor
729999.9999999998,684992.9702325021,CatBoost Regressor
674999.9999999998,600590.9295004763,CatBoost Regressor
753999.9999999997,717493.3660803671,CatBoost Regressor
429000.00000000006,583082.2758858283,CatBoost Regressor
540000.0000000001,640675.3915233637,CatBoost Regressor
1129999.999999999,687115.4752225311,CatBoost Regressor
1774999.9999999986,1596229.0191245421,CatBoost Regressor
969999.9999999999,964215.6092150834,CatBoost Regressor
315999.99999999994,408033.98581950937,CatBoost Regressor
1565000.0000000012,1374590.187886602,CatBoost Regressor
2599999.9999999986,1204845.346140668,CatBoost Regressor
1310000.000000001,1251859.414956491,CatBoost Regressor
599000.0,726377.1692405603,CatBoost Regressor
725000.0000000006,1338283.816987655,CatBoost Regressor
354999.9999999998,351026.6794617573,CatBoost Regressor
610000.0000000005,631286.523593976,CatBoost Regressor
1379729.0000000005,1194944.511044935,CatBoost Regressor
875000.0,611396.2806557114,CatBoost Regressor
979999.9999999997,829261.7601339258,CatBoost Regressor
2125000.0000000014,1561758.4955188797,CatBoost Regressor
379999.9999999999,320581.3487970237,CatBoost Regressor
899999.9999999995,707047.4166851904,CatBoost Regressor
1367499.9999999993,1118173.6766084856,CatBoost Regressor
540000.0000000001,474599.2106076827,CatBoost Regressor
809999.9999999995,994530.2029491432,CatBoost Regressor
415000.00000000006,288548.599674057,CatBoost Regressor
299999.99999999977,303273.3236591283,CatBoost Regressor
1552830.9999999993,1282991.6569250578,CatBoost Regressor
1451413.0000000012,911764.8107923407,CatBoost Regressor
280000.0,223153.6752083772,CatBoost Regressor
634999.9999999997,608729.0246064023,CatBoost Regressor
1050000.0000000007,1366305.9469031324,CatBoost Regressor
2399900.0,1769856.2348908714,CatBoost Regressor
1888887.9999999993,1732200.360341666,CatBoost Regressor
924000.0000000002,948046.9326946716,CatBoost Regressor
1705000.0000000002,857315.8027261881,CatBoost Regressor
919999.9999999998,487669.7445637188,CatBoost Regressor
979999.9999999997,997285.145828712,CatBoost Regressor
199999.99999999997,530604.9090552841,CatBoost Regressor
1099999.9999999998,1268476.3153719346,CatBoost Regressor
575000.0000000001,542774.9427332778,CatBoost Regressor
809999.9999999995,740811.2121885078,CatBoost Regressor
2100000.000000001,1755137.1207246506,CatBoost Regressor
474999.99999999977,910958.5385131337,CatBoost Regressor
809999.9999999995,586809.1073622755,CatBoost Regressor
815842.9999999995,711178.5746067959,CatBoost Regressor
653280.0000000003,721110.5928067577,CatBoost Regressor
437499.9999999996,967794.0128788451,CatBoost Regressor
827125.0000000007,1709750.274604245,CatBoost Regressor
744999.9999999997,567335.7061905704,CatBoost Regressor
310000.0000000002,331172.24824402615,CatBoost Regressor
310000.0000000002,301677.85294761474,CatBoost Regressor
1687652.0000000007,1530212.5358160755,CatBoost Regressor
2349999.999999999,765026.611223497,CatBoost Regressor
649999.9999999995,554608.0884893726,CatBoost Regressor
659999.9999999995,755301.7614193151,CatBoost Regressor
549000.0000000005,495590.8048547996,CatBoost Regressor
390000.00000000035,288571.0303803131,CatBoost Regressor
1247356.0000000005,956883.109168747,CatBoost Regressor
249999.9999999998,312738.90644514526,CatBoost Regressor
205000.0,324860.2271934334,CatBoost Regressor
979999.9999999997,1098161.2442665526,CatBoost Regressor
850000.0000000005,684950.7799482018,CatBoost Regressor
1275000.0000000002,903514.6302291543,CatBoost Regressor
888227.0000000006,1501964.6708373588,CatBoost Regressor
430000.00000000023,387176.0095993232,CatBoost Regressor
495000.0000000004,312635.7314588971,CatBoost Regressor
749999.9999999998,693101.0519238608,CatBoost Regressor
1683113.0,1327814.1346916803,CatBoost Regressor
979999.9999999997,917630.3616299657,CatBoost Regressor
891999.9999999993,961351.5501345623,CatBoost Regressor
1590952.0000000007,1498294.9974833778,CatBoost Regressor
1719826.9999999995,1739501.94001835,CatBoost Regressor
611000.0000000005,618180.1516212871,CatBoost Regressor
398999.99999999977,589808.1884309133,CatBoost Regressor
1150000.0000000005,1148808.381662952,CatBoost Regressor
2436500.0000000005,1391703.344499905,CatBoost Regressor
386999.99999999994,711821.3608641543,CatBoost Regressor
379999.9999999999,263404.042667702,CatBoost Regressor
1372132.0,1417578.0828557678,CatBoost Regressor
1974999.9999999986,880402.015602833,CatBoost Regressor
844999.9999999993,793313.0162439052,CatBoost Regressor
1434176.0000000012,1231793.7208577043,CatBoost Regressor
766424.0000000002,630298.1182449693,CatBoost Regressor
929999.9999999993,1349873.036914901,CatBoost Regressor
520000.0,580673.2381441299,CatBoost Regressor
315000.0000000002,320799.8754827859,CatBoost Regressor
1919136.9999999995,1922968.5505348865,CatBoost Regressor
349999.9999999997,484270.02786056884,CatBoost Regressor
1635000.0000000005,1510741.6738460169,CatBoost Regressor
938988.0000000005,599931.7177446772,CatBoost Regressor
2820000.0,1766778.0889261924,CatBoost Regressor
474552.0000000004,727845.328686588,CatBoost Regressor
740783.0000000007,597488.4423173098,CatBoost Regressor
590000.0000000003,628676.4396061053,CatBoost Regressor
1434999.9999999993,1690306.6634941122,CatBoost Regressor
1485886.000000001,1455426.3240917586,CatBoost Regressor
449999.99999999994,858043.4188922537,CatBoost Regressor
562500.0000000003,481520.0135644371,CatBoost Regressor
1389999.9999999988,1321259.956063076,CatBoost Regressor
575000.0000000001,365311.788997319,CatBoost Regressor
348999.99999999994,319446.8180799331,CatBoost Regressor
1150000.0000000005,1339060.2929063402,CatBoost Regressor
534999.9999999995,762870.5654773951,CatBoost Regressor
1132999.9999999998,1060906.9401262063,CatBoost Regressor
739999.9999999999,778963.9915722904,CatBoost Regressor
590000.0000000003,755824.0117641597,CatBoost Regressor
2425000.000000001,1541936.526912174,CatBoost Regressor
1275000.0000000002,1897060.1690598237,CatBoost Regressor
1323000.0,1180034.738467227,CatBoost Regressor
1380000.0000000005,1134772.3828135591,CatBoost Regressor
205000.0,327739.38637816353,CatBoost Regressor
854999.9999999993,865419.7577568196,CatBoost Regressor
875000.0,1309413.5004850684,CatBoost Regressor
1981738.0,2044511.1723192967,CatBoost Regressor
834999.9999999998,576431.3236696055,CatBoost Regressor
864999.9999999994,762341.036038936,CatBoost Regressor
534999.9999999995,505748.1008566167,CatBoost Regressor
469480.0,504518.8149236756,CatBoost Regressor
479000.00000000035,379814.8364058607,CatBoost Regressor
647000.0000000003,856093.4500388915,CatBoost Regressor
265000.00000000006,325074.22897894756,CatBoost Regressor
979999.9999999997,1018884.9322324046,CatBoost Regressor
2174999.999999999,1284594.2562862346,CatBoost Regressor
725000.0000000006,1355421.1705702534,CatBoost Regressor
925000.0000000007,963473.3389607426,CatBoost Regressor
1155000.0000000005,885702.9796514035,CatBoost Regressor
455000.0,577651.8520022378,CatBoost Regressor
1866600.0000000007,1568375.8215542405,CatBoost Regressor
1249999.999999999,1127903.4110556324,CatBoost Regressor
998999.9999999995,971445.330530101,CatBoost Regressor
899999.9999999995,969708.9972339235,CatBoost Regressor
1249999.999999999,1334286.209477756,CatBoost Regressor
2400000.000000001,1586056.4534792455,CatBoost Regressor
1450000.0000000002,1230808.2927377515,CatBoost Regressor
925000.0000000007,991374.6321146915,CatBoost Regressor
1962500.0000000014,1018624.4858749514,CatBoost Regressor
940000.0000000006,801308.193173569,CatBoost Regressor
594000.0000000005,876933.895760976,CatBoost Regressor
248000.0000000002,343815.62157776376,CatBoost Regressor
1150000.0000000005,675758.5647908151,CatBoost Regressor
2800000.000000002,1194348.845783458,CatBoost Regressor
495846.00000000006,652559.0742612428,CatBoost Regressor
625000.0000000002,566406.4730825976,CatBoost Regressor
1374999.999999999,758789.7828875531,CatBoost Regressor
840000.0000000005,711851.9226970929,CatBoost Regressor
1485000.0000000012,1600059.1229770887,CatBoost Regressor
1249999.999999999,1470073.5626609419,CatBoost Regressor
832000.0000000006,671329.6881752529,CatBoost Regressor
1669999.9999999988,1420881.2704044988,CatBoost Regressor
787800.0,630874.6780348591,CatBoost Regressor
729999.9999999998,606110.5365665331,CatBoost Regressor
615000.0,770868.4494768257,CatBoost Regressor
1185000.0000000005,1646200.0338657098,CatBoost Regressor
2769999.999999998,1326656.0527426007,CatBoost Regressor
360000.0000000001,556481.0522605532,CatBoost Regressor
909999.9999999997,823088.4387523681,CatBoost Regressor
544999.9999999997,449209.44499901735,CatBoost Regressor
999998.9999999995,1375971.242829237,CatBoost Regressor
486999.9999999998,381734.5473178027,CatBoost Regressor
270000.00000000006,307284.4676071644,CatBoost Regressor
719999.9999999995,551110.4281939279,CatBoost Regressor
235000.0,286572.8609469939,CatBoost Regressor
677183.0000000003,659331.025923358,CatBoost Regressor
1800000.000000001,1675549.3004111275,CatBoost Regressor
585381.9999999997,976115.2340906913,CatBoost Regressor
312500.00000000023,753038.4576394567,CatBoost Regressor
735000.0000000005,716911.644394197,CatBoost Regressor
1606396.0000000007,1625171.069738011,CatBoost Regressor
714999.9999999995,776984.1941717226,CatBoost Regressor
950000.0000000008,1337289.7497820002,CatBoost Regressor
800000.0000000005,829986.3496079867,CatBoost Regressor
530000.0000000003,735436.6564460869,CatBoost Regressor
341000.0000000002,701610.5945273194,CatBoost Regressor
136999.9999999999,179000.6008314368,CatBoost Regressor
1240000.0000000005,1407719.9271767912,CatBoost Regressor
1845488.000000001,1884653.2787388563,CatBoost Regressor
1124999.9999999995,797222.518860815,CatBoost Regressor
876000.0000000003,992518.3973357534,CatBoost Regressor
348999.99999999994,327270.40045508265,CatBoost Regressor
1994000.0000000005,1275656.041060854,CatBoost Regressor
934596.0000000006,1026993.5416144814,CatBoost Regressor
695000.0,578603.6143096299,CatBoost Regressor
600000.0000000003,662591.4302227345,CatBoost Regressor
1529999.9999999988,1335420.0135003906,CatBoost Regressor
1213372.0000000007,1349095.408487965,CatBoost Regressor
2087841.0000000016,1992847.5249181807,CatBoost Regressor
768999.9999999997,794500.7143798998,CatBoost Regressor
2650634.000000001,1895788.6013244914,CatBoost Regressor
800000.0000000005,677881.0738160992,CatBoost Regressor
689999.9999999995,533548.2129203096,CatBoost Regressor
814999.9999999993,890494.1480999861,CatBoost Regressor
809999.9999999995,1040184.6315745837,CatBoost Regressor
1065000.0000000005,929775.470330428,CatBoost Regressor
1648887.9999999998,1280250.0454306598,CatBoost Regressor
1446056.0000000007,1301237.332311951,CatBoost Regressor
785000.0000000006,968892.9528310408,CatBoost Regressor
610000.0000000005,653665.4449152177,CatBoost Regressor
905000.0000000006,742941.3340273896,CatBoost Regressor
735000.0000000005,817694.8517054274,CatBoost Regressor
299999.99999999977,441046.0631453143,CatBoost Regressor
1594418.0000000007,1929026.9879554766,CatBoost Regressor
549999.9999999998,520400.63319229137,CatBoost Regressor
1949999.999999999,717627.6101853749,CatBoost Regressor
591999.9999999995,560417.0777383636,CatBoost Regressor
480000.00000000006,648908.0778345715,CatBoost Regressor
850000.0000000005,1086275.860486405,CatBoost Regressor
2160820.0000000005,2065991.2964235132,CatBoost Regressor
1880000.0000000002,1635567.9761447771,CatBoost Regressor
615000.0,1284419.5500557763,CatBoost Regressor
320000.00000000006,484808.02831145277,CatBoost Regressor
425000.0000000002,500625.9634699384,CatBoost Regressor
558316.0000000003,797249.8594078213,CatBoost Regressor
1119579.9999999998,1027886.6747032248,CatBoost Regressor
992999.9999999998,980447.9152719342,CatBoost Regressor
1406416.0,1326103.4516050585,CatBoost Regressor
1350000.0,969555.6979716223,CatBoost Regressor
1575000.0000000002,1455582.416137909,CatBoost Regressor
444999.9999999997,333533.9370950528,CatBoost Regressor
349999.9999999997,263569.5482097547,CatBoost Regressor
664999.9999999995,758372.2168980185,CatBoost Regressor
96347.00000000001,309632.29095004936,CatBoost Regressor
749999.9999999998,925290.9470577398,CatBoost Regressor
765000.0000000003,826257.8625813067,CatBoost Regressor
1225000.0000000007,1188525.3015452793,CatBoost Regressor
707684.0,1314387.6766235542,CatBoost Regressor
1179999.9999999993,1077609.7051459898,CatBoost Regressor
700000.0000000006,675559.5741794356,CatBoost Regressor
992999.9999999998,998570.3252659878,CatBoost Regressor
678799.9999999998,532763.7709331781,CatBoost Regressor
585527.9999999997,839526.9016611124,CatBoost Regressor
925000.0000000007,727946.4616907017,CatBoost Regressor
530000.0000000003,689851.7200695027,CatBoost Regressor
769999.9999999997,977785.2078343898,CatBoost Regressor
27499.99999999998,68548.21922700002,CatBoost Regressor
289999.9999999999,344181.3075662628,CatBoost Regressor
579999.9999999997,316705.5284469064,CatBoost Regressor
215071.00000000017,281630.5978134866,CatBoost Regressor
2025000.0000000014,1061226.9660774944,CatBoost Regressor
994999.0000000007,1092705.4507747574,CatBoost Regressor
1360000.0000000002,1182679.635984448,CatBoost Regressor
1600000.0000000012,1395276.1333580497,CatBoost Regressor
854999.9999999993,607877.3076390587,CatBoost Regressor
669999.9999999998,655244.2601773707,CatBoost Regressor
2199999.9999999995,1074110.9193402135,CatBoost Regressor
891999.9999999993,661227.230334339,CatBoost Regressor
2400000.000000001,945221.4547921512,CatBoost Regressor
1328735.999999999,1156147.2888463559,CatBoost Regressor
349999.9999999997,788048.4503599595,CatBoost Regressor
800000.0000000005,914953.7707051433,CatBoost Regressor
823999.9999999994,1163399.3668662217,CatBoost Regressor
794000.0000000007,935285.5368075987,CatBoost Regressor
2062389.9999999993,2226568.344749022,CatBoost Regressor
1773126.0000000002,1850417.1578454257,CatBoost Regressor
1360000.0000000002,1226562.0995146632,CatBoost Regressor
364999.99999999977,589008.3285262045,CatBoost Regressor
800000.0000000005,949227.5686746038,CatBoost Regressor
1525000.0000000005,1345878.9064398198,CatBoost Regressor
1968940.0000000002,1899997.2862748525,CatBoost Regressor
1314999.9999999998,1275376.5519578748,CatBoost Regressor
504999.99999999977,368919.78806170553,CatBoost Regressor
199999.99999999997,192516.68727084936,CatBoost Regressor
2645170.9999999995,2795420.7232102393,CatBoost Regressor
998999.9999999995,828065.248467482,CatBoost Regressor
1295000.0000000007,1053786.1820598776,CatBoost Regressor
751999.9999999997,607511.8161655001,CatBoost Regressor
1374999.999999999,1027170.3488257288,CatBoost Regressor
104999.99999999997,1230977.8376165142,CatBoost Regressor
429500.00000000023,289452.431267947,CatBoost Regressor
240000.00000000003,535866.6888136042,CatBoost Regressor
1600000.0000000012,1452142.6372667672,CatBoost Regressor
749999.9999999998,687718.9865982499,CatBoost Regressor
2250000.000000001,1680990.5818690048,CatBoost Regressor
794999.9999999998,1119363.2746583088,CatBoost Regressor
2250000.000000001,1186782.5716633257,CatBoost Regressor
999899.9999999997,999974.2878489982,CatBoost Regressor
854999.9999999993,805641.5369376619,CatBoost Regressor
1425000.0000000007,1678287.5052462146,CatBoost Regressor
610000.0000000005,666166.1716634195,CatBoost Regressor
2000000.0000000016,856270.6880083303,CatBoost Regressor
739999.9999999999,616167.0286723202,CatBoost Regressor
390000.00000000035,369546.8795575368,CatBoost Regressor
480000.00000000006,465616.44962151395,CatBoost Regressor
859999.9999999997,631429.5866562417,CatBoost Regressor
881000.0000000005,1342666.1057673404,CatBoost Regressor
998999.9999999995,854397.2782054711,CatBoost Regressor
225000.00000000015,314750.57411626866,CatBoost Regressor
714999.9999999995,341844.9391505806,CatBoost Regressor
700000.0000000006,807687.8781914536,CatBoost Regressor
2950000.000000002,1894315.4026997727,CatBoost Regressor
965000.0000000006,892737.7373876992,CatBoost Regressor
630000.0000000006,672756.6940715184,CatBoost Regressor
875000.0,1281507.6145911363,CatBoost Regressor
2765000.000000002,1763726.2782557986,CatBoost Regressor
1050000.0000000007,884274.3398199816,CatBoost Regressor
984999.9999999994,998490.4835605696,CatBoost Regressor
320000.00000000006,640604.9527368196,CatBoost Regressor
2534999.9999999995,1711831.8325824675,CatBoost Regressor
850000.0000000005,727950.519144479,CatBoost Regressor
849000.0,661227.230334339,CatBoost Regressor
1999998.9999999993,1635035.5773401181,CatBoost Regressor
680000.0000000003,571798.0427878437,CatBoost Regressor
297999.9999999998,287086.9353250975,CatBoost Regressor
490000.0,349532.3804829377,CatBoost Regressor
1930000.0000000014,1407332.803281002,CatBoost Regressor
1552830.9999999993,1765399.6025058061,CatBoost Regressor
1168950.9999999993,671156.8224472527,CatBoost Regressor
1795383.0,701331.5838929978,CatBoost Regressor
565000.0000000003,777701.5147732188,CatBoost Regressor
800000.0000000005,1125285.0700993843,CatBoost Regressor
1425000.0000000007,1002451.909034486,CatBoost Regressor
219326.00000000015,369708.5122917099,CatBoost Regressor
1310000.000000001,978746.2616272434,CatBoost Regressor
906999.9999999997,1005944.568001045,CatBoost Regressor
2145000.0000000014,931204.3538497547,CatBoost Regressor
395000.00000000035,545025.8958767778,CatBoost Regressor
834341.0000000003,821323.1955979991,CatBoost Regressor
334999.9999999998,319724.08107463585,CatBoost Regressor
602700.0000000005,716310.93988894,CatBoost Regressor
1215000.0000000012,899370.842905606,CatBoost Regressor
654999.9999999995,645823.0673244123,CatBoost Regressor
448999.99999999994,343790.3733232548,CatBoost Regressor
258000.00000000015,350201.19717861013,CatBoost Regressor
979999.9999999997,592484.4574613628,CatBoost Regressor
1554627.999999999,1541372.0537556587,CatBoost Regressor
999999.9999999997,1058159.1470559607,CatBoost Regressor
174950.00000000012,537489.367139561,CatBoost Regressor
707499.9999999995,903896.5663767412,CatBoost Regressor
1675000.0000000007,1259564.6693394543,CatBoost Regressor
1249999.999999999,927755.0626978771,CatBoost Regressor
294999.9999999998,793871.5900501803,CatBoost Regressor
312000.0000000001,276229.63708369364,CatBoost Regressor
649999.9999999995,651508.8055179573,CatBoost Regressor
950000.0000000008,1442851.4523346412,CatBoost Regressor
572499.9999999999,551545.708937238,CatBoost Regressor
669999.9999999998,740923.5443587758,CatBoost Regressor
899999.9999999995,783217.7257643248,CatBoost Regressor
979999.9999999997,820941.34419774,CatBoost Regressor
998999.9999999995,741727.3186672605,CatBoost Regressor
1209705.999999999,967870.572863564,CatBoost Regressor
299999.99999999977,342884.0803159058,CatBoost Regressor
509999.9999999998,280148.9793502295,CatBoost Regressor
759183.0000000001,597542.4522778074,CatBoost Regressor
1699999.9999999988,1177334.8400270848,CatBoost Regressor
382000.0000000002,788386.765924163,CatBoost Regressor
967706.9999999998,944765.6149559757,CatBoost Regressor
170082.0,731678.92141873,CatBoost Regressor
1781299.9999999995,1597594.2656012457,CatBoost Regressor
530000.0000000003,784164.7813134522,CatBoost Regressor
249999.9999999998,210227.90499023822,CatBoost Regressor
449999.99999999994,766953.8759948864,CatBoost Regressor
820000.0000000005,794788.5258675076,CatBoost Regressor
729000.0000000003,725684.3404792531,CatBoost Regressor
480000.00000000006,337375.69491983583,CatBoost Regressor
2015269.999999999,827961.1054446008,CatBoost Regressor
369999.99999999977,719838.8906016655,CatBoost Regressor
785000.0000000006,861088.7409682487,CatBoost Regressor
1749999.9999999998,1372119.6374052672,CatBoost Regressor
1155713.9999999998,1240597.2373223042,CatBoost Regressor
2300000.0,1921240.0319153506,CatBoost Regressor
1200000.0000000005,1155704.9424364225,CatBoost Regressor
1389999.9999999988,1324871.3778274665,CatBoost Regressor
833000.0,808395.0502640759,CatBoost Regressor
499999.99999999977,538442.2115938221,CatBoost Regressor
477000.00000000006,549769.1440458654,CatBoost Regressor
1225000.0000000007,569218.6102434356,CatBoost Regressor
998999.9999999995,1227571.738549218,CatBoost Regressor
639987.9999999997,898144.2122987678,CatBoost Regressor
700000.0000000006,746283.9689167154,CatBoost Regressor
469999.9999999998,392006.8855717839,CatBoost Regressor
1605000.0000000005,1837177.5980758204,CatBoost Regressor
360000.0000000001,282284.0689109983,CatBoost Regressor
1320000.000000001,1393789.0647377733,CatBoost Regressor
349999.9999999997,284427.75202935917,CatBoost Regressor
346787.9999999998,496554.4089146545,CatBoost Regressor
1380000.0000000005,933314.9736515305,CatBoost Regressor
334999.9999999998,752226.2911173047,CatBoost Regressor
118864.00000000006,136857.7035897524,CatBoost Regressor
769999.9999999997,759743.4743956262,CatBoost Regressor
729999.9999999998,627450.1822920247,CatBoost Regressor
1489627.0000000005,1568270.8543850314,CatBoost Regressor
354999.9999999998,351232.7802394121,CatBoost Regressor
375000.00000000006,569997.0571370404,CatBoost Regressor
1686633.0000000005,1599954.649770149,CatBoost Regressor
719999.9999999995,673145.3849038843,CatBoost Regressor
1304999.9999999993,1208236.6067117658,CatBoost Regressor
456300.00000000006,986941.4247151024,CatBoost Regressor
1859999.9999999993,545883.9038983292,CatBoost Regressor
812000.0000000005,611028.0882135491,CatBoost Regressor
909999.9999999997,791365.6181609937,CatBoost Regressor
744999.9999999997,677698.163404518,CatBoost Regressor
18329.000000000015,392399.12814523384,CatBoost Regressor
1360000.0000000002,1011339.0093165679,CatBoost Regressor
739999.9999999999,658742.4163524298,CatBoost Regressor
960000.0000000006,908658.2526679854,CatBoost Regressor
1030000.0,1107979.654796146,CatBoost Regressor
109999.99999999991,870786.6366666817,CatBoost Regressor
880566.0000000002,529231.0870380363,CatBoost Regressor
1648999.9999999993,1877332.132728883,CatBoost Regressor
1200000.0000000005,1098161.2442665526,CatBoost Regressor
225000.00000000015,498604.84809826594,CatBoost Regressor
339999.99999999994,349263.2893559139,CatBoost Regressor
385000.00000000023,312037.09545830265,CatBoost Regressor
639999.9999999998,895113.0397469725,CatBoost Regressor
749999.9999999998,582450.2845918161,CatBoost Regressor
600000.0000000003,1335414.917655408,CatBoost Regressor
960000.0000000006,497548.98245388345,CatBoost Regressor
339102.99999999977,328469.6570444598,CatBoost Regressor
1619923.0000000007,1681674.995788643,CatBoost Regressor
297999.9999999998,325435.7561447934,CatBoost Regressor
1842056.9999999998,1947016.9767796025,CatBoost Regressor
649999.9999999995,570253.2815317744,CatBoost Regressor
1749999.9999999998,1209324.5222870267,CatBoost Regressor
399887.9999999999,301167.7733542364,CatBoost Regressor
998999.9999999995,945919.4861530595,CatBoost Regressor
223699.99999999983,486298.51904541074,CatBoost Regressor
1550080.999999999,1828219.7094623134,CatBoost Regressor
2033693.9999999986,1898507.0603753729,CatBoost Regressor
2300000.0,1088038.3229531783,CatBoost Regressor
420000.0,383934.38134008483,CatBoost Regressor
950000.0000000008,982150.0009385119,CatBoost Regressor
287999.9999999999,222158.41473073442,CatBoost Regressor
1499999.9999999986,1149051.9986282254,CatBoost Regressor
330000.0000000001,325758.4515389516,CatBoost Regressor
2565000.0000000005,1701307.5109277794,CatBoost Regressor
793000.0000000003,765249.3463277824,CatBoost Regressor
163213.99999999985,317554.718269538,CatBoost Regressor
699888.0000000003,608799.1481835297,CatBoost Regressor
339999.99999999994,269281.45573384035,CatBoost Regressor
1055000.0000000007,1025891.6428066997,CatBoost Regressor
1502992.9999999995,1402202.2707791035,CatBoost Regressor
185000.00000000006,271506.96524360223,CatBoost Regressor
888000.0000000001,830677.9129490715,CatBoost Regressor
527000.0,763898.9824600327,CatBoost Regressor
100000.00000000004,913349.2008026951,CatBoost Regressor
124999.9999999999,891463.2801976174,CatBoost Regressor
729999.9999999998,1077576.5729775485,CatBoost Regressor
961634.0000000008,1078910.7344847058,CatBoost Regressor
1474999.999999999,1028867.9433092484,CatBoost Regressor
814600.0000000002,919353.0093125801,CatBoost Regressor
1202682.999999999,1034845.5820252532,CatBoost Regressor
1249999.999999999,971477.6695317988,CatBoost Regressor
495000.0000000004,340075.77534305945,CatBoost Regressor
899999.9999999995,784837.2124293703,CatBoost Regressor
1325000.0000000007,1016356.4827938853,CatBoost Regressor
1586606.0000000002,1903864.6116072321,CatBoost Regressor
1509999.9999999993,1521979.5944232421,CatBoost Regressor
168500.0,576370.0800369454,CatBoost Regressor
870000.0000000006,826323.5178694653,CatBoost Regressor
830090.9999999993,745232.9983656507,CatBoost Regressor
416999.9999999998,593721.7520651127,CatBoost Regressor
993999.9999999995,754010.4032182234,CatBoost Regressor
700000.0000000006,1069414.1066457056,CatBoost Regressor
1400000.0000000007,1428138.7473729467,CatBoost Regressor
415000.00000000006,655768.1525059546,CatBoost Regressor
299999.99999999977,498038.5212176578,CatBoost Regressor
2030000.0000000007,1053665.1464788376,CatBoost Regressor
549999.9999999998,1398513.7683758738,CatBoost Regressor
1708713.0000000012,1685924.5406455137,CatBoost Regressor
227000.0,272986.660087588,CatBoost Regressor
1681302.9999999995,1775661.4873978498,CatBoost Regressor
1600000.0000000012,1220027.7899406536,CatBoost Regressor
680000.0000000003,665721.4346738711,CatBoost Regressor
904205.9999999995,680584.1044980822,CatBoost Regressor
385000.00000000023,169655.34828676336,CatBoost Regressor
487499.9999999996,1115322.2977317548,CatBoost Regressor
73999.99999999997,271353.5428411612,CatBoost Regressor
56783.99999999996,985477.8338870439,CatBoost Regressor
425000.0000000002,781894.4471969891,CatBoost Regressor
1795383.0,701331.5838929978,CatBoost Regressor
205999.99999999988,259959.9651640871,CatBoost Regressor
2039054.9999999995,1866887.6309417982,CatBoost Regressor
480000.00000000006,386344.94728703605,CatBoost Regressor
1974999.9999999986,1213932.5296415905,CatBoost Regressor
647999.9999999999,1209536.16549019,CatBoost Regressor
572361.0000000001,362988.50005859585,CatBoost Regressor
735000.0000000005,795611.8384190782,CatBoost Regressor
995000.0,724761.4229125996,CatBoost Regressor
465000.00000000023,396108.7167003187,CatBoost Regressor
2117196.999999998,1908284.275610445,CatBoost Regressor
400530.00000000035,705701.4324344613,CatBoost Regressor
599000.0,943272.3898547312,CatBoost Regressor
1757421.000000001,1717721.8553191375,CatBoost Regressor
746000.0,635130.3536313357,CatBoost Regressor
1159000.0000000007,1675535.5385265795,CatBoost Regressor
395000.00000000035,314914.5461594859,CatBoost Regressor
429000.00000000006,316214.0528246875,CatBoost Regressor
2700000.0,753615.2269367678,CatBoost Regressor
649999.9999999995,1525219.3893414666,CatBoost Regressor
625000.0000000002,898098.8102404918,CatBoost Regressor
664999.9999999995,510977.23257273453,CatBoost Regressor
1200000.0000000005,929022.0973573454,CatBoost Regressor
625000.0000000002,498246.4283180756,CatBoost Regressor
884999.9999999998,1218865.4038054014,CatBoost Regressor
270000.00000000006,314083.06041192677,CatBoost Regressor
780000.0000000001,786558.9277573287,CatBoost Regressor
442000.00000000035,351223.12038128433,CatBoost Regressor
1249999.999999999,1088854.06062835,CatBoost Regressor
379999.9999999999,311336.1589927235,CatBoost Regressor
2430000.0,1203519.6341300388,CatBoost Regressor
1099999.9999999998,800022.2797349455,CatBoost Regressor
2250000.000000001,1481174.0600198705,CatBoost Regressor
1050000.0000000007,874660.1192724959,CatBoost Regressor
639998.9999999998,715409.000219713,CatBoost Regressor
1200000.0000000005,1520661.4129889947,CatBoost Regressor
809999.9999999995,619831.0361805467,CatBoost Regressor
978737.9999999993,1546741.1728249358,CatBoost Regressor
1388138.0000000005,1168003.5580074433,CatBoost Regressor
995000.0,1417726.6147299758,CatBoost Regressor
1188000.0000000007,799703.7138377707,CatBoost Regressor
570000.0000000001,643262.1194413481,CatBoost Regressor
674999.9999999998,315803.2327943788,CatBoost Regressor
440000.0000000002,349706.27876587666,CatBoost Regressor
1949999.999999999,1412880.9529443844,CatBoost Regressor
742000.0,677966.1762178183,CatBoost Regressor
1974999.9999999986,979569.3339118488,CatBoost Regressor
649999.9999999995,511824.6037142564,CatBoost Regressor
2250000.000000001,1187038.3710529902,CatBoost Regressor
775000.0000000007,681092.2474005515,CatBoost Regressor
1229999.9999999995,1141463.467222587,CatBoost Regressor
1105714.0000000007,1108406.6173608522,CatBoost Regressor
1318006.0000000007,1623923.011172845,CatBoost Regressor
299999.99999999977,338592.1455308291,CatBoost Regressor
1284999.999999999,1085062.931215291,CatBoost Regressor
530000.0000000003,285918.5124799315,CatBoost Regressor
890000.0000000002,687899.0316730166,CatBoost Regressor
431050.0,529747.711384517,CatBoost Regressor
1625000.0000000012,1071051.150445602,CatBoost Regressor
1425025.9999999988,549661.7849385206,CatBoost Regressor
549854.9999999998,658517.6872407632,CatBoost Regressor
1400000.0000000007,1724892.94919601,CatBoost Regressor
293000.0000000001,277532.99933130876,CatBoost Regressor
1223077.0000000007,1129672.6198011378,CatBoost Regressor
2699000.0,824703.1446074657,CatBoost Regressor
859999.9999999997,647974.8874005637,CatBoost Regressor
2400000.000000001,1386980.3235457214,CatBoost Regressor
240000.00000000003,322205.2155698989,CatBoost Regressor
1137605.9999999998,1086988.4359035632,CatBoost Regressor
575000.0000000001,563449.6149379578,CatBoost Regressor
249999.9999999998,722691.9431714384,CatBoost Regressor
265000.00000000006,797718.5037702891,CatBoost Regressor
769999.9999999997,689308.5574211,CatBoost Regressor
1450000.0000000002,1598779.4708792458,CatBoost Regressor
1200000.0000000005,1109384.9569646665,CatBoost Regressor
609122.0000000001,671080.4788143407,CatBoost Regressor
64999.999999999956,444079.7539710386,CatBoost Regressor
642500.0,621625.5764712779,CatBoost Regressor
844999.9999999993,712668.2119092377,CatBoost Regressor
645000.0,612332.2451726779,CatBoost Regressor
1795383.0,701331.5838929978,CatBoost Regressor
697000.0,316705.5284469064,CatBoost Regressor
1824999.9999999984,1792766.9317758547,CatBoost Regressor
738231.0000000005,737436.924263041,CatBoost Regressor
1342500.0,955056.7353625628,CatBoost Regressor
549999.9999999998,963950.2630714008,CatBoost Regressor
176324.00000000003,139785.00798005227,CatBoost Regressor
600000.0000000003,529594.602196191,CatBoost Regressor
1930000.0000000014,887634.3061853815,CatBoost Regressor
1142636.000000001,1040288.1354993068,CatBoost Regressor
1164712.9999999993,1023274.7908672505,CatBoost Regressor
749999.9999999998,626401.0422621598,CatBoost Regressor
395523.0000000002,490975.07469449734,CatBoost Regressor
1699999.9999999988,1278207.550934534,CatBoost Regressor
1569000.0000000005,1103395.197232081,CatBoost Regressor
2100000.000000001,1353191.3169125223,CatBoost Regressor
159999.99999999997,1520097.1613311695,CatBoost Regressor
1299999.9999999993,1882263.0456723515,CatBoost Regressor
499999.99999999977,861210.6820791989,CatBoost Regressor
701000.0,745431.2580219421,CatBoost Regressor
911600.0000000003,843277.7052101011,CatBoost Regressor
377179.00000000023,366112.8861369136,CatBoost Regressor
2142956.000000001,2062386.5551018105,CatBoost Regressor
649999.9999999995,732714.2525276142,CatBoost Regressor
1022964.0000000006,1060112.5031330348,CatBoost Regressor
320000.00000000006,345710.4472128232,CatBoost Regressor
1810669.0000000016,1790295.430001122,CatBoost Regressor
1112669.999999999,1204271.6007544815,CatBoost Regressor
2800000.000000002,1703096.9152410377,CatBoost Regressor
170000.00000000012,322577.5036130094,CatBoost Regressor
645000.0,323795.7229325404,CatBoost Regressor
549999.9999999998,945703.040078923,CatBoost Regressor
1150000.0000000005,876576.0008068362,CatBoost Regressor
800000.0000000005,1214839.0478209404,CatBoost Regressor
1200000.0000000005,947153.0415338271,CatBoost Regressor
1759999.9999999986,1149571.0582325247,CatBoost Regressor
1788000.0,1356123.1690086373,CatBoost Regressor
901150.9999999998,899642.1060715626,CatBoost Regressor
490000.0,531969.0081005644,CatBoost Regressor
2499999.9999999995,1256995.8337843865,CatBoost Regressor
330000.0000000001,294627.5996240718,CatBoost Regressor
378260.0,376256.2526106289,CatBoost Regressor
1120000.0000000005,1101734.8051824365,CatBoost Regressor
1748528.0000000002,1983157.5197466186,CatBoost Regressor
2700000.0,1661905.6132677218,CatBoost Regressor
1000880.9999999999,1109275.0891269129,CatBoost Regressor
1196000.0000000012,978496.7816644238,CatBoost Regressor
515000.00000000006,1008486.3754499066,CatBoost Regressor
1741780.999999999,1520342.7303409541,CatBoost Regressor
540000.0000000001,619024.5052388202,CatBoost Regressor
639999.9999999998,377800.84044016787,CatBoost Regressor
1140651.9999999995,1202918.5083009768,CatBoost Regressor
1299999.9999999993,1162042.7349527807,CatBoost Regressor
1350000.0,1080118.1650583881,CatBoost Regressor
182520.00000000003,338485.4159535039,CatBoost Regressor
549999.9999999998,832935.8518797023,CatBoost Regressor
608401.9999999998,707589.5331967381,CatBoost Regressor
991580.0000000001,859039.4485209811,CatBoost Regressor
1877836.9999999993,2043917.8790304835,CatBoost Regressor
1076530.9999999993,1403323.7868169688,CatBoost Regressor
940000.0000000006,770977.798036391,CatBoost Regressor
950000.0000000008,442388.7747861243,CatBoost Regressor
659999.9999999995,694008.7634768978,CatBoost Regressor
794235.0,560123.2495032961,CatBoost Regressor
104999.99999999997,497636.90979271196,CatBoost Regressor
1360000.0000000002,1293258.93239024,CatBoost Regressor
1422465.9999999988,1583068.8371588895,CatBoost Regressor
725000.0000000006,674813.5394265153,CatBoost Regressor
654999.9999999995,578073.8950541097,CatBoost Regressor
2400000.000000001,1592787.1101319443,CatBoost Regressor
349999.9999999997,308021.00806098594,CatBoost Regressor
1089384.000000001,1167903.2932999544,CatBoost Regressor
1334999.999999999,1132263.337529973,CatBoost Regressor
744999.9999999997,598098.7838691676,CatBoost Regressor
540000.0000000001,627256.1574142725,CatBoost Regressor
10000.00000000001,1332171.2420243574,CatBoost Regressor
659999.9999999995,612581.0792043819,CatBoost Regressor
998000.0000000008,1038880.0651958236,CatBoost Regressor
1400000.0000000007,1318347.7560349756,CatBoost Regressor
881999.9999999999,782589.5459181373,CatBoost Regressor
749999.9999999998,1146258.5426698634,CatBoost Regressor
763000.0000000001,1012125.977807564,CatBoost Regressor
1380000.0000000005,1247788.1340114032,CatBoost Regressor
320000.00000000006,377742.52569743013,CatBoost Regressor
349999.9999999997,471358.33833612304,CatBoost Regressor
474999.99999999977,559812.8732588973,CatBoost Regressor
895000.0000000007,862681.8601814806,CatBoost Regressor
1600000.0000000012,1432454.3036295273,CatBoost Regressor
50000.000000000015,2049841.8586596292,CatBoost Regressor
540000.0000000001,760710.5124276817,CatBoost Regressor
2950000.000000002,2269792.16839322,CatBoost Regressor
507000.0000000003,653169.8471476515,CatBoost Regressor
349999.9999999997,280147.7371124974,CatBoost Regressor
1690000.0000000007,1304469.6114975836,CatBoost Regressor
1749999.9999999998,1695434.5708808322,CatBoost Regressor
1514999.9999999993,1188212.3097558443,CatBoost Regressor
165000.00000000015,260474.26943555454,CatBoost Regressor
853294.0000000007,539508.7822956904,CatBoost Regressor
617499.9999999995,1038801.0560931877,CatBoost Regressor
925000.0000000007,667436.7351125953,CatBoost Regressor
1371872.9999999995,1629533.43509837,CatBoost Regressor
744999.9999999997,1237461.4322833978,CatBoost Regressor
1550000.0000000012,1451050.627366477,CatBoost Regressor
1400000.0000000007,1226851.43073121,CatBoost Regressor
1475498.0000000002,1480531.2025323468,CatBoost Regressor
800000.0000000005,891780.5311536726,CatBoost Regressor
1104999.9999999998,1105027.9932536741,CatBoost Regressor
302999.9999999998,322234.2196144708,CatBoost Regressor
2750000.0,870179.9813568704,CatBoost Regressor
414726.00000000006,495347.80246215925,CatBoost Regressor
2048358.0000000014,1922605.3342189705,CatBoost Regressor
695000.0,535811.5561007354,CatBoost Regressor
739999.9999999999,914481.1118017845,CatBoost Regressor
1360000.0000000002,569218.6102434356,CatBoost Regressor
749999.9999999998,663752.1687362802,CatBoost Regressor
1949999.999999999,1031760.6867939975,CatBoost Regressor
1249999.999999999,1312823.3644633023,CatBoost Regressor
364999.99999999977,311019.01513261284,CatBoost Regressor
469999.9999999998,544002.3863289098,CatBoost Regressor
549999.9999999998,306366.3263035112,CatBoost Regressor
998999.9999999995,854296.9267392909,CatBoost Regressor
865513.0,1089151.0804996947,CatBoost Regressor
330000.0000000001,339235.9848050304,CatBoost Regressor
610949.9999999995,500157.11494531704,CatBoost Regressor
565000.0000000003,678167.5748024094,CatBoost Regressor
1800000.000000001,1021015.1027208335,CatBoost Regressor
599000.0,539230.6722452039,CatBoost Regressor
982581.9999999999,969555.6979716223,CatBoost Regressor
1099999.9999999998,983163.6283796543,CatBoost Regressor
725000.0000000006,1047318.707250589,CatBoost Regressor
205000.0,231887.37130076793,CatBoost Regressor
2000000.0000000016,1268241.625728476,CatBoost Regressor
1093602.0000000007,1182966.655992415,CatBoost Regressor
561689.0,466592.036499189,CatBoost Regressor
1849999.9999999995,1026444.5638100776,CatBoost Regressor
1425000.0000000007,1556607.1232433128,CatBoost Regressor
2100000.000000001,1584018.2146757864,CatBoost Regressor
2275000.000000001,1434841.8339004316,CatBoost Regressor
800000.0000000005,1038752.8486499514,CatBoost Regressor
187000.00000000012,377614.26046550146,CatBoost Regressor
130605.99999999994,186029.29438389052,CatBoost Regressor
870000.0000000006,747696.0144231789,CatBoost Regressor
395000.00000000035,357386.2273588856,CatBoost Regressor
1275000.0000000002,741165.0156367862,CatBoost Regressor
662499.9999999998,566720.5088953688,CatBoost Regressor
1099999.9999999998,1173586.5414496684,CatBoost Regressor
474999.99999999977,804844.6631941057,CatBoost Regressor
379999.9999999999,326640.8256754584,CatBoost Regressor
600000.0000000003,957050.0784506726,CatBoost Regressor
825000.0000000006,1206378.2064603446,CatBoost Regressor
474999.99999999977,782268.0230679081,CatBoost Regressor
950000.0000000008,687200.6295701236,CatBoost Regressor
700000.0000000006,710610.468789311,CatBoost Regressor
499999.99999999977,1223248.3669683468,CatBoost Regressor
926697.0000000002,965245.5032629686,CatBoost Regressor
2199999.9999999995,1504882.259430914,CatBoost Regressor
1200000.0000000005,1551699.1116363937,CatBoost Regressor
413000.00000000006,418821.88509424037,CatBoost Regressor
349499.99999999977,191614.150787961,CatBoost Regressor
1299999.9999999993,1130461.4012670661,CatBoost Regressor
1144999.9999999998,1051082.176804151,CatBoost Regressor
1038109.9999999993,1158403.6096303626,CatBoost Regressor
360000.0000000001,316904.45196530933,CatBoost Regressor
870000.0000000006,752055.8753570605,CatBoost Regressor
999999.9999999997,1145613.7629331634,CatBoost Regressor
950000.0000000008,845816.4400724426,CatBoost Regressor
780000.0000000001,1215144.9035414408,CatBoost Regressor
600981.0000000005,651342.6049110884,CatBoost Regressor
649999.9999999995,801191.5511350808,CatBoost Regressor
1999998.9999999993,1606488.71675832,CatBoost Regressor
1960000.0000000002,917767.0327068751,CatBoost Regressor
504999.99999999977,451732.15929949767,CatBoost Regressor
1413546.9999999993,1539718.0280650004,CatBoost Regressor
689999.9999999995,1211195.217850481,CatBoost Regressor
480000.00000000006,311300.4332996083,CatBoost Regressor
973256.9999999994,915935.3650733137,CatBoost Regressor
2813228.0000000023,1821242.6555145218,CatBoost Regressor
499999.99999999977,981308.7104826972,CatBoost Regressor
371999.9999999998,292705.4184808561,CatBoost Regressor
668000.0000000002,621913.25010436,CatBoost Regressor
600000.0000000003,538715.6543863667,CatBoost Regressor
218999.99999999988,463704.3318277243,CatBoost Regressor
1135000.0000000005,1068537.8447798952,CatBoost Regressor
440000.0000000002,502879.1954829226,CatBoost Regressor
825000.0000000006,776336.1693689069,CatBoost Regressor
1360000.0000000002,841458.524323855,CatBoost Regressor
719999.9999999995,639571.5535163493,CatBoost Regressor
2238605.9999999995,1341416.625557494,CatBoost Regressor
888000.0000000001,838887.5155474817,CatBoost Regressor
230000.0000000001,313627.8039909883,CatBoost Regressor
2412224.9999999986,2033937.1725631768,CatBoost Regressor
2150000.0,701196.5566467658,CatBoost Regressor
599546.0,730260.508561929,CatBoost Regressor
904571.9999999993,920010.82461921,CatBoost Regressor
735000.0000000005,839904.342016087,CatBoost Regressor
499999.99999999977,924017.900112698,CatBoost Regressor
560000.0000000003,457957.25619932055,CatBoost Regressor
1558729.0000000005,1556373.7175734579,CatBoost Regressor
1261818.0000000012,1240018.4258806042,CatBoost Regressor
800000.0000000005,584339.3852596174,CatBoost Regressor
780000.0000000001,571701.4637146267,CatBoost Regressor
840000.0000000005,877172.0979551899,CatBoost Regressor
996999.9999999999,1030049.0160960595,CatBoost Regressor
772687.9999999997,1277526.8100813974,CatBoost Regressor
243000.00000000003,264005.0519055419,CatBoost Regressor
509999.9999999998,368291.60853784,CatBoost Regressor
847389.9999999995,761850.8099287738,CatBoost Regressor
1420000.0000000012,1442782.1147282368,CatBoost Regressor
306999.99999999994,311613.9860148003,CatBoost Regressor
909999.9999999997,1097906.4116784707,CatBoost Regressor
100000.00000000004,212807.42238657104,CatBoost Regressor
920669.0000000001,956003.7975967728,CatBoost Regressor
615000.0,371149.540613463,CatBoost Regressor
1059999.9999999993,1262683.2616471318,CatBoost Regressor
1299999.9999999993,1114837.0944280832,CatBoost Regressor
349999.9999999997,509574.52291678946,CatBoost Regressor
1017789.9999999998,950194.8096010361,CatBoost Regressor
847999.9999999995,753376.4566498833,CatBoost Regressor
1299999.9999999993,1107385.6240631721,CatBoost Regressor
875499.0000000007,680414.3052469178,CatBoost Regressor
950000.0000000008,1013165.0513416358,CatBoost Regressor
310000.0000000002,254251.02737510303,CatBoost Regressor
1150000.0000000005,1005118.7985044552,CatBoost Regressor
1129999.999999999,1609276.044636563,CatBoost Regressor
625205.9999999998,743031.2560636402,CatBoost Regressor
953652.0000000008,1021411.614786735,CatBoost Regressor
590052.9999999999,885880.9928318191,CatBoost Regressor
950000.0000000008,761390.2976545867,CatBoost Regressor
440000.0000000002,587157.6001308309,CatBoost Regressor
352000.0000000003,399893.50548901834,CatBoost Regressor
989999.9999999992,1215991.1319992635,CatBoost Regressor
2945000.0,1905270.1224695088,CatBoost Regressor
354999.9999999998,297566.33722867427,CatBoost Regressor
695000.0,725751.8530564937,CatBoost Regressor
1329700.0,936905.7080844052,CatBoost Regressor
998562.9999999999,997663.514568172,CatBoost Regressor
369999.99999999977,482720.97519030847,CatBoost Regressor
579999.9999999997,506792.8923643262,CatBoost Regressor
1104637.000000001,1124343.3454913944,CatBoost Regressor
1749999.9999999998,1100483.2816723646,CatBoost Regressor
700000.0000000006,637839.0725769552,CatBoost Regressor
790000.0000000003,709653.0661794995,CatBoost Regressor
275000.0000000002,311244.5310940982,CatBoost Regressor
2750000.0,1345371.6497827366,CatBoost Regressor
1650000.0000000007,1524522.7958095814,CatBoost Regressor
1150000.0000000005,1729787.7922839674,CatBoost Regressor
1050000.0000000007,932361.8338821579,CatBoost Regressor
674999.9999999998,657216.6037522685,CatBoost Regressor
1499999.9999999986,1871150.9769508545,CatBoost Regressor
682499.9999999995,683384.4646790696,CatBoost Regressor
1719999.9999999998,1194158.5780281862,CatBoost Regressor
18500.0,375324.8114870674,CatBoost Regressor
1675013.9999999998,1597183.3565182546,CatBoost Regressor
1024999.9999999995,1111423.579172081,CatBoost Regressor
759999.9999999999,1217840.8913914734,CatBoost Regressor
330000.0000000001,295438.035568768,CatBoost Regressor
804999.9999999993,726400.8294478464,CatBoost Regressor
1135000.0000000005,1052437.0751198444,CatBoost Regressor
1370000.0000000007,1496528.6223829594,CatBoost Regressor
1147000.0000000005,1016739.289606943,CatBoost Regressor
570000.0000000001,763932.3405075645,CatBoost Regressor
1395000.0000000007,1081742.2716433727,CatBoost Regressor
875000.0,954324.2289779754,CatBoost Regressor
1656038.9999999993,1881009.6011869423,CatBoost Regressor
628999.9999999997,652532.0916100891,CatBoost Regressor
749999.9999999998,879501.9019669606,CatBoost Regressor
2442187.0,2312378.2753266017,CatBoost Regressor
334000.0000000002,315235.88125745754,CatBoost Regressor
825000.0000000006,935468.3520392488,CatBoost Regressor
498999.9999999996,739519.9011681959,CatBoost Regressor
1030000.0,1100435.8383901413,CatBoost Regressor
1385000.0000000012,1111042.3965518791,CatBoost Regressor
2875000.000000001,1716546.4289403344,CatBoost Regressor
1971724.9999999988,1873423.1860036105,CatBoost Regressor
2100000.000000001,1528459.2628145788,CatBoost Regressor
1152999.9999999998,1002854.6093697199,CatBoost Regressor
334999.9999999998,301148.92857616633,CatBoost Regressor
950000.0000000008,692952.1006426327,CatBoost Regressor
2349999.999999999,1517081.2704697172,CatBoost Regressor
1563428.0,1781627.1270956607,CatBoost Regressor
955000.0000000001,1336723.3564599887,CatBoost Regressor
790000.0000000003,518099.25648561976,CatBoost Regressor
1595000.0000000007,1513185.2766935406,CatBoost Regressor
189999.9999999999,277510.87698325946,CatBoost Regressor
230000.0000000001,346591.54550583597,CatBoost Regressor
1725000.0000000005,1300403.4923757873,CatBoost Regressor
759999.9999999999,771221.6358540166,CatBoost Regressor
1124999.9999999995,1515282.106898666,CatBoost Regressor
2499999.9999999995,1904694.836887649,CatBoost Regressor
998999.9999999995,1468591.2736135025,CatBoost Regressor
2100000.000000001,1665642.1482647168,CatBoost Regressor
674999.9999999998,828454.6710072443,CatBoost Regressor
339999.99999999994,306693.6044245561,CatBoost Regressor
1440000.0000000002,1537533.745874539,CatBoost Regressor
719999.0,650350.8345405228,CatBoost Regressor
444999.9999999997,660187.4381628912,CatBoost Regressor
180000.00000000003,250388.0089976489,CatBoost Regressor
2285000.0000000005,1355271.821649737,CatBoost Regressor
2380000.0,1341170.444171832,CatBoost Regressor
343999.99999999977,342489.01878738817,CatBoost Regressor
1625000.0000000012,809700.58965905,CatBoost Regressor
449999.99999999994,789303.4961567662,CatBoost Regressor
669999.9999999998,549299.6306791237,CatBoost Regressor
940000.0000000006,803325.092845494,CatBoost Regressor
90000.00000000001,303047.6632902472,CatBoost Regressor
659999.9999999995,579267.1849004349,CatBoost Regressor
664417.0000000005,940480.9837940086,CatBoost Regressor
218999.99999999988,349293.5166912547,CatBoost Regressor
1616419.0,1660761.4285532888,CatBoost Regressor
1692841.0000000005,1419588.2486313782,CatBoost Regressor
330000.0000000001,270121.44511058886,CatBoost Regressor
1293794.9999999998,1270974.2345074082,CatBoost Regressor
689999.9999999995,548655.5187461431,CatBoost Regressor
139999.9999999999,186092.26667107525,CatBoost Regressor
1661402.9999999993,1713829.7657597964,CatBoost Regressor
1681524.999999999,1625923.1215687029,CatBoost Regressor
503500.00000000023,641706.3451487734,CatBoost Regressor
916500.0000000001,790921.3585977458,CatBoost Regressor
1550000.0000000012,985902.684460021,CatBoost Regressor
571000.0,354507.54619091813,CatBoost Regressor
360000.0000000001,454238.4131557422,CatBoost Regressor
1374999.999999999,1129117.8095593923,CatBoost Regressor
814999.9999999993,523190.0948031892,CatBoost Regressor
950000.0000000008,1099723.979711564,CatBoost Regressor
817391.0000000002,799363.0983016912,CatBoost Regressor
1398999.999999999,1217295.5047415397,CatBoost Regressor
814999.9999999993,816867.5835252225,CatBoost Regressor
1396000.9999999993,844564.4445925731,CatBoost Regressor
850000.0000000005,864874.0147559257,CatBoost Regressor
664999.9999999995,938351.5667508857,CatBoost Regressor
735000.0000000005,601363.9589830062,CatBoost Regressor
658025.9999999997,840374.1980238515,CatBoost Regressor
1527806.0000000002,1527116.0996875118,CatBoost Regressor
1259899.9999999993,1036310.7999961352,CatBoost Regressor
1400000.0000000007,1716221.1632543472,CatBoost Regressor
1150000.0000000005,1180523.5735650708,CatBoost Regressor
2550000.0,1487003.5412386686,CatBoost Regressor
496509.99999999977,684471.5950135258,CatBoost Regressor
1299999.9999999993,678466.826346043,CatBoost Regressor
369999.99999999977,369546.8795575368,CatBoost Regressor
2342122.0000000014,1747141.525524787,CatBoost Regressor
735000.0000000005,1538510.6945915848,CatBoost Regressor
213712.00000000006,764991.2895802198,CatBoost Regressor
2150000.0,1656458.5530662737,CatBoost Regressor
1809180.000000001,2004848.9488584686,CatBoost Regressor
1474999.999999999,1050151.8685159788,CatBoost Regressor
1324500.000000001,979228.9123475688,CatBoost Regressor
858215.0000000005,1149561.948297553,CatBoost Regressor
453799.9999999999,494594.27860088565,CatBoost Regressor
890000.0000000002,538559.4867998502,CatBoost Regressor
1150000.0000000005,692710.3058888039,CatBoost Regressor
1132999.9999999998,960790.9963481685,CatBoost Regressor
1869999.9999999993,1347157.7515838381,CatBoost Regressor
360000.0000000001,841431.9562493784,CatBoost Regressor
674999.9999999998,549527.9055949921,CatBoost Regressor
1099999.9999999998,1634312.0938724098,CatBoost Regressor
714999.9999999995,668599.7420905114,CatBoost Regressor
769999.9999999997,765958.5949280136,CatBoost Regressor
2300000.0,1477518.6900158064,CatBoost Regressor
625000.0000000002,737539.3739471617,CatBoost Regressor
1175000.0,1470157.2847758122,CatBoost Regressor
651680.0,555136.0828596551,CatBoost Regressor
969404.0000000001,1221758.145917594,CatBoost Regressor
1335804.0000000002,1080366.444447134,CatBoost Regressor
819249.9999999997,1461093.202794862,CatBoost Regressor
240000.00000000003,243819.19080766945,CatBoost Regressor
270000.00000000006,314750.57411626866,CatBoost Regressor
2423726.0000000014,999167.7752473835,CatBoost Regressor
630000.0000000006,563949.4138545975,CatBoost Regressor
1568673.0000000002,1687987.816993221,CatBoost Regressor
899999.9999999995,599948.7957029957,CatBoost Regressor
1949999.999999999,919533.1212423586,CatBoost Regressor
490000.0,498143.7572205637,CatBoost Regressor
259999.9999999998,825839.4735369415,CatBoost Regressor
240000.00000000003,297769.14333082445,CatBoost Regressor
620000.0000000005,1074409.5835383611,CatBoost Regressor
1225000.0000000007,1345662.1109480518,CatBoost Regressor
399999.9999999999,303824.3491079544,CatBoost Regressor
925000.0000000007,1083742.9765554275,CatBoost Regressor
205000.0,349568.6966435497,CatBoost Regressor
950000.0000000008,1037633.8842454266,CatBoost Regressor
364999.99999999977,378663.42724730546,CatBoost Regressor
1499999.9999999986,1377839.3622867859,CatBoost Regressor
830000.0000000005,712929.2234738731,CatBoost Regressor
1200000.0000000005,905488.5937674522,CatBoost Regressor
270000.00000000006,356993.6579714339,CatBoost Regressor
1711103.000000001,2140385.32344903,CatBoost Regressor
2000000.0000000016,1321459.8201451958,CatBoost Regressor
1650000.0000000007,1528524.0409954197,CatBoost Regressor
375000.00000000006,591316.720510802,CatBoost Regressor
649999.9999999995,741711.6241745523,CatBoost Regressor
919999.9999999998,783613.1408887542,CatBoost Regressor
969999.9999999999,828243.515855992,CatBoost Regressor
549999.9999999998,1069387.7934367936,CatBoost Regressor
124999.9999999999,255384.08048383362,CatBoost Regressor
384305.9999999998,311263.48195194575,CatBoost Regressor
710000.0,655860.7836108472,CatBoost Regressor
1593814.0000000005,1672321.3548013621,CatBoost Regressor
989999.9999999992,677585.7592953473,CatBoost Regressor
384000.00000000006,319292.53278823453,CatBoost Regressor
658807.9999999994,707907.5440090757,CatBoost Regressor
749999.9999999998,1421934.894150191,CatBoost Regressor
249011.00000000015,424392.2945993657,CatBoost Regressor
850000.0000000005,773360.3310672789,CatBoost Regressor
1354999.999999999,834354.0736957176,CatBoost Regressor
258362.99999999997,846862.3294342873,CatBoost Regressor
625000.0000000002,681453.5767005607,CatBoost Regressor
498999.9999999996,688784.4864597331,CatBoost Regressor
974999.9999999999,771340.7123306355,CatBoost Regressor
149561.00000000003,92463.63884747204,CatBoost Regressor
435000.0,765595.4756967293,CatBoost Regressor
511499.99999999977,678709.2152900425,CatBoost Regressor
481999.99999999994,439228.99619818147,CatBoost Regressor
854999.9999999993,810967.7401250536,CatBoost Regressor
120000.00000000004,200090.1771066264,CatBoost Regressor
1064406.0000000007,1097054.7395788946,CatBoost Regressor
499999.99999999977,480316.4163490384,CatBoost Regressor
2250000.000000001,1404728.92870914,CatBoost Regressor
625000.0000000002,975074.7735665819,CatBoost Regressor
1099999.9999999998,623843.1892576265,CatBoost Regressor
1142500.0000000005,806388.8094080688,CatBoost Regressor
649999.9999999995,612418.1654762456,CatBoost Regressor
180000.00000000003,257127.0854700798,CatBoost Regressor
1046234.0,1044483.068807753,CatBoost Regressor
1090000.0000000002,809834.9477489374,CatBoost Regressor
1675000.0000000007,1117412.4500198325,CatBoost Regressor
1275000.0000000002,1656492.8895130786,CatBoost Regressor
804999.9999999993,662947.1545299962,CatBoost Regressor
1200000.0000000005,978395.6929328812,CatBoost Regressor
808000.0000000006,852670.0732044294,CatBoost Regressor
911000.0000000007,607510.421860294,CatBoost Regressor
2150000.0,1750308.0347657958,CatBoost Regressor
1421532.9999999993,1590094.4264526414,CatBoost Regressor
219999.99999999983,263071.30522845936,CatBoost Regressor
470219.00000000035,642252.6832617573,CatBoost Regressor
1360000.0000000002,519919.1516045627,CatBoost Regressor
470250.00000000035,597375.7496596419,CatBoost Regressor
2599999.9999999986,1536572.506310024,CatBoost Regressor
449999.99999999994,664109.2663061979,CatBoost Regressor
945000.0000000006,892434.0346942592,CatBoost Regressor
1334999.999999999,1715817.052892956,CatBoost Regressor
474999.99999999977,733818.1916325509,CatBoost Regressor
639999.9999999998,392487.90503057936,CatBoost Regressor
1400000.0000000007,968526.9123544977,CatBoost Regressor
1550000.0000000012,1452650.3248869379,CatBoost Regressor
225000.00000000015,354311.3013739495,CatBoost Regressor
2800000.000000002,746539.4816112001,CatBoost Regressor
710000.0,533303.3533352779,CatBoost Regressor
695000.0,915770.0805807618,CatBoost Regressor
625000.0000000002,523417.64930069767,CatBoost Regressor
1749999.9999999998,1618545.3977309698,CatBoost Regressor
1350000.0,920482.3791876928,CatBoost Regressor
689999.9999999995,669511.7613422248,CatBoost Regressor
570000.0000000001,689554.0935633191,CatBoost Regressor
710000.0,2133060.6651523453,CatBoost Regressor
1049707.9999999995,1174922.3248140214,CatBoost Regressor
919999.9999999998,680885.8136547712,CatBoost Regressor
836999.9999999995,823810.6768645069,CatBoost Regressor
144000.0,316705.5284469064,CatBoost Regressor
1985000.0000000014,1528213.239312226,CatBoost Regressor
838570.9999999995,693130.8175426972,CatBoost Regressor
315000.0000000002,182322.79172460077,CatBoost Regressor
1395000.0000000007,1074998.5792818237,CatBoost Regressor
2275000.000000001,1894695.301921478,CatBoost Regressor
1183893.0000000002,1173049.8721719196,CatBoost Regressor
1198999.9999999998,1177168.5073216981,CatBoost Regressor
444999.9999999997,607774.516678053,CatBoost Regressor
2325000.0,1875863.6005355476,CatBoost Regressor
916424.9999999995,692553.3246812734,CatBoost Regressor
444999.9999999997,606782.4209714455,CatBoost Regressor
899999.9999999995,878643.5953449365,CatBoost Regressor
1800000.000000001,863093.0304323833,CatBoost Regressor
1166878.9999999998,1080951.359614581,CatBoost Regressor
1849999.9999999995,1404870.173722799,CatBoost Regressor
1099999.9999999998,1273015.8535895392,CatBoost Regressor
2264999.9999999986,1469996.947777793,CatBoost Regressor
820000.0000000005,993879.3247000193,CatBoost Regressor
969999.9999999999,954647.7300139501,CatBoost Regressor
925000.0000000007,883279.536030172,CatBoost Regressor
940000.0000000006,757199.8477911905,CatBoost Regressor
321999.99999999994,349741.7763334196,CatBoost Regressor
289999.9999999999,303918.6282325305,CatBoost Regressor
487604.99999999994,382970.43705959606,CatBoost Regressor
1150000.0000000005,1069810.6854278557,CatBoost Regressor
834999.9999999998,1592646.3384913083,CatBoost Regressor
700000.0000000006,1263879.5043940095,CatBoost Regressor
1494105.9999999988,1506777.0370211317,CatBoost Regressor
1099999.9999999998,659842.1809411246,CatBoost Regressor
1650000.0000000007,1575283.3132992936,CatBoost Regressor
864999.9999999994,620922.2934838248,CatBoost Regressor
354999.9999999998,532848.7644751408,CatBoost Regressor
2719999.999999998,1963850.2337617069,CatBoost Regressor
1436699.9999999988,1233662.4228892245,CatBoost Regressor
2912195.0000000023,1948764.464442833,CatBoost Regressor
1084999.9999999995,864934.4324668029,CatBoost Regressor
1924999.9999999995,1810871.3052740453,CatBoost Regressor
2171310.9999999986,2139833.9884876157,CatBoost Regressor
1899999.9999999993,1641875.7203876816,CatBoost Regressor
742000.0,646255.7948855492,CatBoost Regressor
885818.0000000003,962629.822825155,CatBoost Regressor
998000.0000000008,1017054.7627502433,CatBoost Regressor
1710732.0000000016,1775675.9517693212,CatBoost Regressor
1629199.999999999,835665.4386300555,CatBoost Regressor
360000.0000000001,856632.233162142,CatBoost Regressor
788799.9999999995,655602.5875367417,CatBoost Regressor
1099999.9999999998,957886.4911380158,CatBoost Regressor
1558012.9999999988,1680332.4668072849,CatBoost Regressor
162500.00000000012,487911.8969990667,CatBoost Regressor
700000.0000000006,1100069.9426572656,CatBoost Regressor
989999.9999999992,1228515.2011472879,CatBoost Regressor
915000.0000000002,861971.4750527124,CatBoost Regressor
1149291.9999999993,1093933.251456388,CatBoost Regressor
1095353.9999999995,1392039.586283255,CatBoost Regressor
749999.9999999998,648149.7328119818,CatBoost Regressor
1325000.0000000007,949443.4703289259,CatBoost Regressor
226546.0000000002,396706.643584587,CatBoost Regressor
1690780.0000000014,1584242.7775325608,CatBoost Regressor
700000.0000000006,899741.9473052479,CatBoost Regressor
1849999.9999999995,1584139.234985676,CatBoost Regressor
610191.9999999999,738845.8926921665,CatBoost Regressor
1650000.0000000007,1264476.4624695128,CatBoost Regressor
1350000.0,1011283.1085287319,CatBoost Regressor
1040000.0000000009,1157240.5128726545,CatBoost Regressor
170000.00000000012,204553.01028042214,CatBoost Regressor
968000.0000000006,884474.9500333244,CatBoost Regressor
808100.9999999998,705266.2005939079,CatBoost Regressor
1796938.9999999995,1752584.560687439,CatBoost Regressor
289999.9999999999,311270.3324065565,CatBoost Regressor
546999.9999999999,345215.1086159453,CatBoost Regressor
984999.9999999994,935303.5566245042,CatBoost Regressor
1590000.000000001,1144685.5120578704,CatBoost Regressor
739999.9999999999,716246.154194031,CatBoost Regressor
649999.9999999995,770877.0339909095,CatBoost Regressor
940087.9999999993,746729.3902549639,CatBoost Regressor
1628000.0000000007,1398989.6154763505,CatBoost Regressor
1389999.9999999988,1277560.78622207,CatBoost Regressor
714999.9999999995,732714.2525276142,CatBoost Regressor
1495000.000000001,1857300.8863327007,CatBoost Regressor
1764000.000000001,1803319.7931777781,CatBoost Regressor
687873.9999999994,950898.4347995148,CatBoost Regressor
1329999.9999999998,1121777.2065682018,CatBoost Regressor
1749999.9999999998,1532812.2271034084,CatBoost Regressor
315000.0000000002,375985.7268859388,CatBoost Regressor
899999.9999999995,722603.3598056117,CatBoost Regressor
50000.000000000015,875633.2809049533,CatBoost Regressor
1475902.0,1615421.4483021486,CatBoost Regressor
284999.99999999994,319940.6040702428,CatBoost Regressor
2750000.0,1595959.8223057447,CatBoost Regressor
710000.0,779969.2311774824,CatBoost Regressor
1402464.9999999998,1351204.8465150052,CatBoost Regressor
2349999.999999999,1828327.4810994174,CatBoost Regressor
1499999.9999999986,1278823.556120093,CatBoost Regressor
390000.00000000035,359321.74784875376,CatBoost Regressor
846999.9999999998,726794.3158628932,CatBoost Regressor
1099999.9999999998,1105989.079710018,CatBoost Regressor
492999.99999999965,316730.9281856867,CatBoost Regressor
42500.00000000003,68548.21922700002,CatBoost Regressor
339999.99999999994,333770.8303405354,CatBoost Regressor
315000.0000000002,312745.06988830684,CatBoost Regressor
1395000.0000000007,656674.1683595865,CatBoost Regressor
2114427.0000000005,1954501.8056840259,CatBoost Regressor
449999.99999999994,500040.5679783259,CatBoost Regressor
1054930.0,1091275.564259437,CatBoost Regressor
480000.00000000006,884102.0001252999,CatBoost Regressor
700000.0000000006,651698.7715837929,CatBoost Regressor
2035000.0000000016,1253145.9699938665,CatBoost Regressor
1249999.999999999,1024402.3394325918,CatBoost Regressor
979999.9999999997,1005786.8459995919,CatBoost Regressor
385000.00000000023,520883.9306383873,CatBoost Regressor
426000.0000000002,330051.6799888568,CatBoost Regressor
840000.0000000005,705428.4891782115,CatBoost Regressor
1185000.0000000005,870217.1588381159,CatBoost Regressor
995000.0,858247.0644782969,CatBoost Regressor
992794.0000000008,611204.480884434,CatBoost Regressor
698999.9999999995,711941.3217977091,CatBoost Regressor
1035000.0000000001,1082818.285722899,CatBoost Regressor
1591147.0000000014,1615030.5565927231,CatBoost Regressor
895000.0000000007,851722.3378023009,CatBoost Regressor
790000.0000000003,626915.3698428454,CatBoost Regressor
1495000.000000001,1520994.2204651842,CatBoost Regressor
1216808.9999999998,1289519.750560437,CatBoost Regressor
189999.9999999999,230605.4303501815,CatBoost Regressor
1350000.0,790600.5069521042,CatBoost Regressor
1490000.0000000002,1891684.8660826595,CatBoost Regressor
890499.9999999998,708514.6023432096,CatBoost Regressor
397408.99999999977,382970.43705959606,CatBoost Regressor
1249999.999999999,882031.920794318,CatBoost Regressor
1743672.0000000007,1709569.6476010846,CatBoost Regressor
279000.0000000001,342582.669259025,CatBoost Regressor
2260000.0,1921776.791472502,CatBoost Regressor
544999.9999999997,373038.2028716606,CatBoost Regressor
1120000.0000000005,1162425.8359125906,CatBoost Regressor
809999.9999999995,754230.5691824326,CatBoost Regressor
152000.00000000006,370880.1274643079,CatBoost Regressor
659999.9999999995,533135.1153306622,CatBoost Regressor
2075000.0000000007,1161229.6928170864,CatBoost Regressor
499999.99999999977,566259.7775570086,CatBoost Regressor
610099.9999999998,815630.8708349889,CatBoost Regressor
884999.9999999998,1300295.9259205963,CatBoost Regressor
998000.0000000008,896245.0390486697,CatBoost Regressor
304999.99999999977,317850.1494555185,CatBoost Regressor
710000.0,427432.2058162329,CatBoost Regressor
763687.9999999994,543110.4998936525,CatBoost Regressor
1725000.0000000005,1386594.3418712365,CatBoost Regressor
1600000.0000000012,1334240.1179840236,CatBoost Regressor
1550000.0000000012,1527916.4929835908,CatBoost Regressor
1169999.9999999998,877907.4460202884,CatBoost Regressor
1699000.0000000005,1811668.6840827342,CatBoost Regressor
2800000.000000002,1136451.8385153967,CatBoost Regressor
759999.9999999999,628069.432297367,CatBoost Regressor
323999.9999999999,329548.31063210097,CatBoost Regressor
628999.9999999997,511743.0186933027,CatBoost Regressor
1605000.0000000005,951330.3180094502,CatBoost Regressor
837730.0000000002,582991.5569740596,CatBoost Regressor
474999.99999999977,642735.845894936,CatBoost Regressor
995000.0,1256907.561292993,CatBoost Regressor
725000.0000000006,789314.7130197394,CatBoost Regressor
749999.9999999998,891209.9091101736,CatBoost Regressor
739999.9999999999,688728.5488757348,CatBoost Regressor
935000.0000000006,770826.1397215396,CatBoost Regressor
849000.0,563545.2769084598,CatBoost Regressor
1150000.0000000005,1084058.5211050538,CatBoost Regressor
911334.0000000008,499895.0597494207,CatBoost Regressor
455000.0,508203.32979731035,CatBoost Regressor
532000.0000000002,1159717.0369965017,CatBoost Regressor
2215000.0,1519170.5426726455,CatBoost Regressor
198312.99999999985,198764.37420762447,CatBoost Regressor
1325000.0000000007,747074.1562468332,CatBoost Regressor
525000.0000000003,631878.8941828244,CatBoost Regressor
613747.0,785834.5019020512,CatBoost Regressor
1225000.0000000007,905487.7934891733,CatBoost Regressor
330000.0000000001,693646.0633913844,CatBoost Regressor
850000.0000000005,1149720.5326439824,CatBoost Regressor
685000.0000000005,743917.1003717869,CatBoost Regressor
2810000.000000001,824659.248765009,CatBoost Regressor
830000.0000000005,1120794.2025727148,CatBoost Regressor
448144.0000000002,580936.2615471823,CatBoost Regressor
339999.99999999994,351234.8671621749,CatBoost Regressor
271999.9999999999,303545.78011917905,CatBoost Regressor
306705.0000000002,382232.89747598226,CatBoost Regressor
825000.0000000006,865737.2826309312,CatBoost Regressor
949000.0000000002,906796.9562549689,CatBoost Regressor
974999.9999999999,890761.1694103794,CatBoost Regressor
449999.99999999994,495707.0821756796,CatBoost Regressor
172999.9999999999,190740.6187664639,CatBoost Regressor
376833.9999999998,385025.74504484236,CatBoost Regressor
1899999.9999999993,1384491.9405441936,CatBoost Regressor
1249999.999999999,985567.3395574238,CatBoost Regressor
565000.0000000003,515169.256348161,CatBoost Regressor
444999.9999999997,1017333.9743410707,CatBoost Regressor
756843.9999999993,922879.0240367518,CatBoost Regressor
529000.0,502973.3673446128,CatBoost Regressor
605858.9999999998,716936.8622348404,CatBoost Regressor
1487999.9999999995,1032459.3527873621,CatBoost Regressor
1177178.9999999995,1057420.1326480212,CatBoost Regressor
928000.0000000005,650856.4791185553,CatBoost Regressor
1499999.9999999986,1267635.6895815919,CatBoost Regressor
499999.99999999977,619726.4934771169,CatBoost Regressor
1229999.9999999995,795007.1994902322,CatBoost Regressor
727000.0000000006,646386.5903796759,CatBoost Regressor
2349999.999999999,1181933.1975914931,CatBoost Regressor
1710215.0000000007,1545267.6420366077,CatBoost Regressor
2070000.000000001,1959015.9416735761,CatBoost Regressor
1249999.999999999,1276200.5396318506,CatBoost Regressor
566500.0000000002,602246.7264101041,CatBoost Regressor
299999.99999999977,433138.3922649904,CatBoost Regressor
499975.0,681315.5368197146,CatBoost Regressor
825000.0000000006,1046279.3895373261,CatBoost Regressor
1325000.0000000007,1483265.0238379315,CatBoost Regressor
299999.99999999977,481965.45745908393,CatBoost Regressor
390000.00000000035,310228.778625964,CatBoost Regressor
506000.00000000023,1299901.3114253033,CatBoost Regressor
1859999.9999999993,1215814.5953145525,CatBoost Regressor
950000.0000000008,734597.1412403402,CatBoost Regressor
1155000.0000000005,604369.2346623357,CatBoost Regressor
1249999.999999999,1348972.823190948,CatBoost Regressor
919999.9999999998,629459.0287039886,CatBoost Regressor
613000.0000000001,517632.96471985104,CatBoost Regressor
1310000.000000001,1031943.6825067712,CatBoost Regressor
242400.0000000001,293462.9398174919,CatBoost Regressor
1499999.9999999986,1755484.1572909262,CatBoost Regressor
1009999.9999999992,1384337.656272049,CatBoost Regressor
586512.0000000002,989041.6640355407,CatBoost Regressor
899999.9999999995,848691.5337004875,CatBoost Regressor
729067.0,906460.9987902559,CatBoost Regressor
909999.9999999997,1309413.5004850684,CatBoost Regressor
850000.0000000005,999811.5289712319,CatBoost Regressor
1098955.9999999995,1054181.607004555,CatBoost Regressor
826363.0000000002,775534.2244136429,CatBoost Regressor
242499.99999999997,290634.36439572735,CatBoost Regressor
998000.0000000008,861259.4267979864,CatBoost Regressor
1312500.0000000012,1574743.7129368489,CatBoost Regressor
1685404.0000000012,1778635.2313278273,CatBoost Regressor
1400000.0000000007,1032659.4319078797,CatBoost Regressor
1664999.9999999998,1819608.922925086,CatBoost Regressor
2950000.000000002,1048977.4013207562,CatBoost Regressor
476311.0000000003,458763.6762410792,CatBoost Regressor
1099999.9999999998,927264.6371195714,CatBoost Regressor
480000.00000000006,783548.5062717645,CatBoost Regressor
960000.0000000006,1277875.5225370855,CatBoost Regressor
800000.0000000005,1175511.1610002606,CatBoost Regressor
525000.0000000003,819094.4720437186,CatBoost Regressor
1749999.9999999998,1428392.4946455958,CatBoost Regressor
1415000.0,1548187.3502456408,CatBoost Regressor
393099.9999999998,1155278.5511526053,CatBoost Regressor
685000.0000000005,1146363.1718829675,CatBoost Regressor
465000.00000000023,509240.167259702,CatBoost Regressor
850000.0000000005,896643.2420173038,CatBoost Regressor
695000.0,701041.4391206601,CatBoost Regressor
909999.9999999997,867961.2066054394,CatBoost Regressor
625000.0000000002,680637.5816610417,CatBoost Regressor
689999.9999999995,989611.7023160192,CatBoost Regressor
2950000.000000002,1754461.8029603343,CatBoost Regressor
210000.0,312517.08068868925,CatBoost Regressor
1709999.9999999998,843690.2231525611,CatBoost Regressor
1937223.0000000016,2043398.8482051296,CatBoost Regressor
2709999.999999999,1666513.8257402924,CatBoost Regressor
1425000.0000000007,1302539.442286296,CatBoost Regressor
1999500.0000000002,1635773.112649285,CatBoost Regressor
712500.0000000002,657819.3742930137,CatBoost Regressor
1350000.0,1319438.2983506012,CatBoost Regressor
899999.9999999995,885673.3122221562,CatBoost Regressor
375000.00000000006,344814.2804967596,CatBoost Regressor
580749.9999999997,623176.9971601164,CatBoost Regressor
1499999.9999999986,764311.7220992271,CatBoost Regressor
565000.0000000003,651643.2342069101,CatBoost Regressor
974999.9999999999,1060064.2515120045,CatBoost Regressor
1800000.000000001,887991.0839075252,CatBoost Regressor
989999.9999999992,867878.225868542,CatBoost Regressor
1400000.0000000007,1365509.6679657013,CatBoost Regressor
1181345.0000000005,1176189.1315881063,CatBoost Regressor
420000.0,1220452.292801006,CatBoost Regressor
998999.9999999995,900070.1377140414,CatBoost Regressor
989999.9999999992,898398.5903030846,CatBoost Regressor
375000.00000000006,402894.74804884015,CatBoost Regressor
1308000.000000001,1126266.933616374,CatBoost Regressor
438000.00000000035,550562.2687132654,CatBoost Regressor
710000.0,835281.386529472,CatBoost Regressor
1050000.0000000007,862508.9795301337,CatBoost Regressor
989999.9999999992,887171.663602348,CatBoost Regressor
435000.0,693025.4180370254,CatBoost Regressor
349999.9999999997,351381.7557970723,CatBoost Regressor
844999.9999999993,903851.8022155691,CatBoost Regressor
1645000.000000001,650651.8859531607,CatBoost Regressor
132965.00000000012,595136.8972717262,CatBoost Regressor
1341261.999999999,1264623.1035947434,CatBoost Regressor
875000.0,1104517.3251818162,CatBoost Regressor
899999.9999999995,747078.9484366149,CatBoost Regressor
1249999.999999999,1325773.060842381,CatBoost Regressor
580403.0000000003,1030096.9998326774,CatBoost Regressor
1635000.0000000005,1264123.2549877916,CatBoost Regressor
704999.9999999995,1152108.6223503887,CatBoost Regressor
1099999.9999999998,799900.7218130238,CatBoost Regressor
70000.00000000001,376951.2965121802,CatBoost Regressor
769999.9999999997,747881.9216156139,CatBoost Regressor
1099999.9999999998,1088505.514045249,CatBoost Regressor
1350000.0,1304809.0819983887,CatBoost Regressor
1600000.0000000012,1643398.7615492374,CatBoost Regressor
360000.0000000001,384521.30362985295,CatBoost Regressor
299999.99999999977,384153.0911745739,CatBoost Regressor
409999.9999999997,656701.1776139446,CatBoost Regressor
929999.9999999993,715036.2346819416,CatBoost Regressor
539672.9999999998,562372.0567808875,CatBoost Regressor
1995000.0,1050760.1706061275,CatBoost Regressor
1298999.999999999,767203.7788900123,CatBoost Regressor
2599999.9999999986,548073.59023204,CatBoost Regressor
1587585.0000000007,1700449.7172783043,CatBoost Regressor
996999.9999999999,919257.2050530424,CatBoost Regressor
1371000.0,1306362.0831681287,CatBoost Regressor
1308503.0,695231.592398852,CatBoost Regressor
929999.9999999993,924106.8382023663,CatBoost Regressor
411834.0000000002,809008.5739941384,CatBoost Regressor
2485000.0,1553354.5943117477,CatBoost Regressor
75000.00000000004,1815623.7948157575,CatBoost Regressor
1492047.0000000012,1403585.922446445,CatBoost Regressor
379999.9999999999,315788.729549255,CatBoost Regressor
1200000.0000000005,683663.3837174707,CatBoost Regressor
414200.00000000006,394067.2765000636,CatBoost Regressor
987999.9999999995,823500.9044998933,CatBoost Regressor
989999.9999999992,908196.4562422506,CatBoost Regressor
1229999.9999999995,913137.4197228517,CatBoost Regressor
474999.99999999977,295725.32687846414,CatBoost Regressor
995000.0,842490.4594251188,CatBoost Regressor
377168.9999999999,366112.8861369136,CatBoost Regressor
488999.9999999996,318029.68143314373,CatBoost Regressor
600000.0000000003,469163.13448468765,CatBoost Regressor
1100354.9999999998,1051803.0607615458,CatBoost Regressor
429327.99999999977,461902.40875295637,CatBoost Regressor
14999.99999999999,601045.6848711312,CatBoost Regressor
1824999.9999999984,1606595.2678810821,CatBoost Regressor
378256.0000000003,376256.2526106289,CatBoost Regressor
210000.0,309013.44350475236,CatBoost Regressor
649999.9999999995,1165791.109021439,CatBoost Regressor
377176.99999999977,366112.8861369136,CatBoost Regressor
964000.0,761929.7072483457,CatBoost Regressor
2824999.999999998,1020759.574717552,CatBoost Regressor
664999.9999999995,551370.2544867035,CatBoost Regressor
455000.0,333554.10374005814,CatBoost Regressor
484999.99999999965,1134244.8972038932,CatBoost Regressor
1609666.0,1779183.7971017293,CatBoost Regressor
2499999.9999999995,1311797.2194313416,CatBoost Regressor
1769999.9999999984,1280295.2927772216,CatBoost Regressor
749999.9999999998,1364018.5729474577,CatBoost Regressor
315000.0000000002,315893.8882604398,CatBoost Regressor
422250.00000000035,496140.6346450243,CatBoost Regressor
139999.9999999999,777941.3478782309,CatBoost Regressor
299999.99999999977,864812.5251026566,CatBoost Regressor
768779.0,663350.3876854824,CatBoost Regressor
2000000.0000000016,1218292.16566624,CatBoost Regressor
1021351.0000000008,1040363.1507760705,CatBoost Regressor
1412870.9999999988,1546013.2482358154,CatBoost Regressor
275000.0000000002,275656.70241752994,CatBoost Regressor
45499.99999999997,1039905.6991153373,CatBoost Regressor
1210000.0000000012,696327.7366645945,CatBoost Regressor
732500.0000000001,787319.1316044874,CatBoost Regressor
1150000.0000000005,1424063.1701968766,CatBoost Regressor
352888.0,261981.31978767627,CatBoost Regressor
965000.0000000006,889397.0340322043,CatBoost Regressor
1050000.0000000007,1353357.9061515972,CatBoost Regressor
1364999.9999999993,1124608.7209647524,CatBoost Regressor
549999.9999999998,1017505.44377334,CatBoost Regressor
397705.0000000002,536819.7670652934,CatBoost Regressor
794999.9999999998,692343.9344052041,CatBoost Regressor
697999.9999999995,961989.9723720244,CatBoost Regressor
549999.9999999998,785679.6837765464,CatBoost Regressor
1555658.9999999993,1525311.3925452773,CatBoost Regressor
2425000.000000001,1351759.3505155626,CatBoost Regressor
289999.9999999999,287086.9353250975,CatBoost Regressor
1341603.0000000005,1798506.6448052023,CatBoost Regressor
1675000.0000000007,1405105.1547695433,CatBoost Regressor
698999.9999999995,994155.0142381659,CatBoost Regressor
349999.9999999997,505266.3027661519,CatBoost Regressor
199999.99999999997,661165.1562662715,CatBoost Regressor
700000.0000000006,1632627.7277096952,CatBoost Regressor
2499999.9999999995,1413016.0730727278,CatBoost Regressor
1675000.0000000007,1711935.5941635384,CatBoost Regressor
1249999.999999999,1154862.9056364396,CatBoost Regressor
1499999.9999999986,1348478.8822639342,CatBoost Regressor
999999.9999999997,928664.1514037674,CatBoost Regressor
219999.99999999983,239980.7178796146,CatBoost Regressor
425000.0000000002,1079822.9802597335,CatBoost Regressor
1499999.9999999986,1245254.046927522,CatBoost Regressor
989999.9999999992,928833.0081691407,CatBoost Regressor
1065000.0000000005,1517481.0382099876,CatBoost Regressor
1959849.9999999984,1979131.1880690055,CatBoost Regressor
435000.0,798911.7011896166,CatBoost Regressor
2599999.9999999986,1433371.7452568805,CatBoost Regressor
185000.00000000006,733788.9094893505,CatBoost Regressor
30547.99999999998,1013807.791087857,CatBoost Regressor
2599999.9999999986,849779.4715045434,CatBoost Regressor
749999.9999999998,664642.9025251725,CatBoost Regressor
840000.0000000005,1254156.1826966358,CatBoost Regressor
265000.00000000006,297914.32473083824,CatBoost Regressor
1181169.999999999,1485567.214944932,CatBoost Regressor
544784.9999999999,1096208.8959339121,CatBoost Regressor
2400000.000000001,1866445.70437951,CatBoost Regressor
585000.0000000003,920593.8670686039,CatBoost Regressor
999999.9999999997,1044327.2252803347,CatBoost Regressor
488999.9999999996,582814.3790941067,CatBoost Regressor
330000.0000000001,663911.9123801985,CatBoost Regressor
800000.0000000005,1030742.3305277408,CatBoost Regressor
449999.99999999994,457422.8855232223,CatBoost Regressor
495000.0000000004,543330.7929247154,CatBoost Regressor
899999.9999999995,1336482.881938244,CatBoost Regressor
825000.0000000006,779840.0838040343,CatBoost Regressor
580403.0000000003,515795.8930863998,CatBoost Regressor
1774999.9999999986,1374454.1781474687,CatBoost Regressor
687319.0000000002,704281.4937092518,CatBoost Regressor
1494140.9999999988,1837922.606417314,CatBoost Regressor
950000.0000000008,906448.2039717108,CatBoost Regressor
915407.0000000008,961864.9496157183,CatBoost Regressor
1924999.9999999995,950341.3540626247,CatBoost Regressor
525000.0000000003,558136.8773090339,CatBoost Regressor
210000.0,142641.2521386741,CatBoost Regressor
1299999.9999999993,983268.5619977968,CatBoost Regressor
319000.0,329017.86193743936,CatBoost Regressor
172999.9999999999,178314.13325827563,CatBoost Regressor
1108000.000000001,1070260.2530084508,CatBoost Regressor
840000.0000000005,788618.9621638528,CatBoost Regressor
548838.0000000003,378256.85447047587,CatBoost Regressor
850000.0000000005,636369.0726711523,CatBoost Regressor
974999.9999999999,660028.1711134969,CatBoost Regressor
279000.0000000001,330477.851044435,CatBoost Regressor
1270000.0000000002,1023013.632775652,CatBoost Regressor
556999.9999999997,203052.6559253295,CatBoost Regressor
995000.0,824997.5324850108,CatBoost Regressor
800000.0000000005,686279.2290775735,CatBoost Regressor
800000.0000000005,851974.747076971,CatBoost Regressor
1675000.0000000007,1441104.456334564,CatBoost Regressor
379999.9999999999,516221.8460322334,CatBoost Regressor
1499999.9999999986,1378596.4382368436,CatBoost Regressor
549999.9999999998,659764.1722967154,CatBoost Regressor
950000.0000000008,705441.3087739393,CatBoost Regressor
405000.0000000001,460031.2780641319,CatBoost Regressor
1468888.000000001,1465774.534591721,CatBoost Regressor
800000.0000000005,623139.7631728408,CatBoost Regressor
659999.9999999995,765366.4447826777,CatBoost Regressor
859999.9999999997,794130.0740526177,CatBoost Regressor
744999.9999999997,650906.3139066859,CatBoost Regressor
700000.0000000006,1006626.675948004,CatBoost Regressor
1692500.0000000002,1131232.8866370814,CatBoost Regressor
360000.0000000001,1001735.3588791034,CatBoost Regressor
449999.99999999994,339126.0384955137,CatBoost Regressor
2849999.999999999,1760912.1443331162,CatBoost Regressor
2349999.999999999,1461009.8950136844,CatBoost Regressor
2499999.9999999995,1975607.6114952636,CatBoost Regressor
1142233.0,1186460.0606666529,CatBoost Regressor
376828.9999999999,385025.74504484236,CatBoost Regressor
1800000.000000001,981316.1776172352,CatBoost Regressor
890000.0000000002,668644.6251232818,CatBoost Regressor
60000.000000000015,1316743.527775909,CatBoost Regressor
875000.0,778186.6666501976,CatBoost Regressor
1924999.9999999995,1433130.3927351078,CatBoost Regressor
575000.0000000001,589020.6869330416,CatBoost Regressor
779000.0000000001,677818.5606150561,CatBoost Regressor
1986545.9999999986,1996117.8120857119,CatBoost Regressor
2349000.0000000014,1005593.0095645651,CatBoost Regressor
2900000.0000000014,1443656.7517236192,CatBoost Regressor
649999.9999999995,692072.018281565,CatBoost Regressor
422099.9999999998,965236.2301337905,CatBoost Regressor
998999.9999999995,1244883.2299041667,CatBoost Regressor
287000.0000000001,398506.29313440894,CatBoost Regressor
1593660.0000000007,1331665.2005971004,CatBoost Regressor
1529999.9999999988,1121276.3472608174,CatBoost Regressor
976429.0000000008,989530.3522824049,CatBoost Regressor
2188365.999999998,2096472.6851567812,CatBoost Regressor
294999.9999999998,451800.1787788007,CatBoost Regressor
905000.0000000006,969873.1308288024,CatBoost Regressor
456300.00000000006,546660.1967253699,CatBoost Regressor
749999.9999999998,941289.037594002,CatBoost Regressor
656318.9999999997,978506.6560273947,CatBoost Regressor
2050000.000000001,1156725.4933228418,CatBoost Regressor
1179999.9999999993,820619.2683370983,CatBoost Regressor
875000.0,772029.9979833949,CatBoost Regressor
535061.0000000002,643780.5793198436,CatBoost Regressor
498999.9999999996,612661.2394956396,CatBoost Regressor
1200000.0000000005,930319.0150224378,CatBoost Regressor
915000.0000000002,974914.477906317,CatBoost Regressor
680000.0000000003,1064209.9483455091,CatBoost Regressor
789499.9999999993,1258639.675801038,CatBoost Regressor
2449999.9999999995,930289.6488511814,CatBoost Regressor
800000.0000000005,1074902.9033334933,CatBoost Regressor
974999.9999999999,975482.9937081609,CatBoost Regressor
1899999.9999999993,1035665.6731149458,CatBoost Regressor
1050000.0000000007,695781.4681764982,CatBoost Regressor
700000.0000000006,626972.7054357637,CatBoost Regressor
350721.9999999998,512344.2958329201,CatBoost Regressor
806999.9999999998,1149696.5094125285,CatBoost Regressor
281999.99999999994,265931.18052761717,CatBoost Regressor
870584.9999999993,908387.9465872714,CatBoost Regressor
1407729.0,1220270.31270565,CatBoost Regressor
462136.00000000035,434244.92662050686,CatBoost Regressor
319998.9999999998,355297.0108015385,CatBoost Regressor
729999.9999999998,681850.5969523429,CatBoost Regressor
2499999.9999999995,1742330.6909295495,CatBoost Regressor
575000.0000000001,801727.6127745978,CatBoost Regressor
544999.9999999997,802604.725619414,CatBoost Regressor
265000.00000000006,279084.79102204496,CatBoost Regressor
1140000.0000000002,1091522.743686128,CatBoost Regressor
509999.9999999998,655256.3243076545,CatBoost Regressor
979999.9999999997,1252616.1517917062,CatBoost Regressor
2349999.999999999,1782886.7945757227,CatBoost Regressor
214499.99999999985,284418.77266483987,CatBoost Regressor
800000.0000000005,876474.8080473205,CatBoost Regressor
575000.0000000001,772163.491567813,CatBoost Regressor
2499999.9999999995,1753121.746868326,CatBoost Regressor
244999.99999999997,317348.59418261057,CatBoost Regressor
769999.9999999997,1278076.6611036987,CatBoost Regressor
995000.0,494816.412007589,CatBoost Regressor
1467110.9999999993,1717454.477915385,CatBoost Regressor
710000.0,677496.3207213959,CatBoost Regressor
2030858.9999999986,2146049.536628056,CatBoost Regressor
696628.0000000001,690207.6848510273,CatBoost Regressor
577000.0000000003,552070.0340512501,CatBoost Regressor
1050000.0000000007,1051880.211482205,CatBoost Regressor
700000.0000000006,733434.4010365285,CatBoost Regressor
509999.9999999998,613293.3325898232,CatBoost Regressor
1675000.0000000007,1023639.0659872296,CatBoost Regressor
1200000.0000000005,1311153.384476458,CatBoost Regressor
515000.00000000006,967390.2157814942,CatBoost Regressor
680000.0000000003,897737.2108163867,CatBoost Regressor
575000.0000000001,788048.4503599595,CatBoost Regressor
1044999.9999999995,1384337.656272049,CatBoost Regressor
2199999.9999999995,1463220.8401114137,CatBoost Regressor
749999.9999999998,804973.9592079573,CatBoost Regressor
462500.00000000006,1001514.1630087332,CatBoost Regressor
915000.0000000002,1206822.9019160564,CatBoost Regressor
909999.9999999997,1219178.2852049298,CatBoost Regressor
449999.99999999994,956783.8705266917,CatBoost Regressor
749999.9999999998,739273.1027096065,CatBoost Regressor
405000.0000000001,374675.6400177761,CatBoost Regressor
339999.99999999994,316987.37278942217,CatBoost Regressor
1910000.0000000005,1641614.4362020134,CatBoost Regressor
818849.9999999999,605726.6391673799,CatBoost Regressor
259999.9999999998,290229.245849387,CatBoost Regressor
925000.0000000007,934123.9374376178,CatBoost Regressor
659999.9999999995,497892.24135852815,CatBoost Regressor
945000.0000000006,1004634.1080986445,CatBoost Regressor
235000.0,476066.6852088733,CatBoost Regressor
790000.0000000003,861495.2809912823,CatBoost Regressor
552694.9999999995,664163.4256910675,CatBoost Regressor
1325000.0000000007,970000.6332951287,CatBoost Regressor
1600000.0000000012,1296744.5804598564,CatBoost Regressor
1284999.999999999,861269.1214997038,CatBoost Regressor
1225000.0000000007,1243179.2633115205,CatBoost Regressor
354999.9999999998,418523.4498807898,CatBoost Regressor
1376673.9999999998,1057500.295304259,CatBoost Regressor
1275000.0000000002,1032521.5920215232,CatBoost Regressor
940000.0000000006,730546.3136887493,CatBoost Regressor
2000000.0000000016,1996672.715295455,CatBoost Regressor
1405000.000000001,1231923.6679383083,CatBoost Regressor
1375527.9999999995,899814.001350163,CatBoost Regressor
935000.0000000006,545209.3562873875,CatBoost Regressor
1107283.999999999,376256.2526106289,CatBoost Regressor
515000.00000000006,1165181.845577186,CatBoost Regressor
299999.99999999977,376516.96311276185,CatBoost Regressor
2224999.999999999,1177689.67368598,CatBoost Regressor
221999.99999999983,455558.4491085175,CatBoost Regressor
175000.00000000012,203831.7689016946,CatBoost Regressor
1999998.9999999993,1585439.6055216521,CatBoost Regressor
800000.0000000005,773492.5149019003,CatBoost Regressor
155000.00000000012,164531.69241547293,CatBoost Regressor
1400000.0000000007,961875.5449489699,CatBoost Regressor
248000.0000000002,341754.08908258576,CatBoost Regressor
1691290.0000000012,1366998.5154465083,CatBoost Regressor
2150000.0,1261678.5195592865,CatBoost Regressor
199999.99999999997,864211.0237428913,CatBoost Regressor
446160.0000000003,626758.4802420354,CatBoost Regressor
430000.00000000023,875343.4317556596,CatBoost Regressor
1880000.0000000002,1335289.6047657207,CatBoost Regressor
800000.0000000005,625307.5536827623,CatBoost Regressor
704999.9999999995,590431.202074103,CatBoost Regressor
1225000.0000000007,1191832.210250592,CatBoost Regressor
2729999.999999998,1708730.3804167262,CatBoost Regressor
1425000.0000000007,920190.0201045639,CatBoost Regressor
1650000.0000000007,1318872.814664493,CatBoost Regressor
1865000.0000000002,1533747.5798010551,CatBoost Regressor
950000.0000000008,732154.9363667738,CatBoost Regressor
1444722.0000000005,1698488.3666087005,CatBoost Regressor
794999.9999999998,803397.7473974853,CatBoost Regressor
273780.00000000023,912919.0833394388,CatBoost Regressor
725000.0000000006,902598.525468318,CatBoost Regressor
1499999.9999999986,1333922.3613869757,CatBoost Regressor
649999.9999999995,961963.4655468282,CatBoost Regressor
29999.99999999999,295670.5044658633,CatBoost Regressor
925000.0000000007,800481.4755850605,CatBoost Regressor
2810000.000000001,904765.1638941499,CatBoost Regressor
2824999.999999998,1705820.8609504525,CatBoost Regressor
257279.99999999997,327219.1382459852,CatBoost Regressor
1969500.0000000002,997336.3186435355,CatBoost Regressor
159999.99999999997,391224.77824255615,CatBoost Regressor
425000.0000000002,440387.9413112898,CatBoost Regressor
1497999.9999999993,1296332.256115479,CatBoost Regressor
1290000.0000000007,1080293.8809195787,CatBoost Regressor
2729999.999999998,1721438.3362988904,CatBoost Regressor
251471.99999999994,324772.79038201104,CatBoost Regressor
1479999.999999999,1533382.4899651657,CatBoost Regressor
1124999.9999999995,944823.5212928582,CatBoost Regressor
775000.0000000007,1063628.0668110133,CatBoost Regressor
880000.0,1525486.8418713287,CatBoost Regressor
542707.0000000002,691711.4816672114,CatBoost Regressor
625000.0000000002,926772.1162027128,CatBoost Regressor
525000.0000000003,653305.2389482227,CatBoost Regressor
1923532.9999999998,1904089.7306255084,CatBoost Regressor
599000.0,885573.5322982114,CatBoost Regressor
1200000.0000000005,1342538.1852153754,CatBoost Regressor
1519862.9999999998,1534312.2287966465,CatBoost Regressor
639999.9999999998,1369476.2237118466,CatBoost Regressor
540000.0000000001,332808.2046047854,CatBoost Regressor
2090000.0000000007,1137807.9137334195,CatBoost Regressor
729999.0000000005,622386.4111530851,CatBoost Regressor
765000.0000000003,555651.3633762215,CatBoost Regressor
862499.9999999998,690150.8127617331,CatBoost Regressor
987702.9999999998,1137282.5921836675,CatBoost Regressor
525000.0000000003,505169.16750597884,CatBoost Regressor
850000.0000000005,1011017.2043620801,CatBoost Regressor
245999.99999999983,261849.4020132317,CatBoost Regressor
744999.9999999997,692831.9162780509,CatBoost Regressor
837499.9999999995,916859.682255336,CatBoost Regressor
1685584.0000000005,1856006.1179081602,CatBoost Regressor
270000.00000000006,1099809.6513489103,CatBoost Regressor
899999.9999999995,854555.1907135053,CatBoost Regressor
739999.9999999999,1047391.7766740356,CatBoost Regressor
929933.0000000001,996294.1340327496,CatBoost Regressor
2123155.9999999995,2031679.9478933278,CatBoost Regressor
984999.9999999994,983420.9465069132,CatBoost Regressor
1509999.9999999993,911347.8689035005,CatBoost Regressor
929999.9999999993,785486.2851993965,CatBoost Regressor
719999.9999999995,633769.3992091466,CatBoost Regressor
777999.9999999998,1063967.142064899,CatBoost Regressor
669999.9999999998,655197.8612027109,CatBoost Regressor
685000.0000000005,910165.7428804999,CatBoost Regressor
825000.0000000006,930596.9875932186,CatBoost Regressor
137652.0000000001,142522.59401773493,CatBoost Regressor
281596.00000000023,598651.9493342661,CatBoost Regressor
344999.9999999997,317910.18056981754,CatBoost Regressor
1395000.0000000007,803468.0127505043,CatBoost Regressor
499998.9999999997,569621.6285369721,CatBoost Regressor
223699.99999999983,259921.10461730833,CatBoost Regressor
1200000.0000000005,1437964.3974488217,CatBoost Regressor
269000.0,318382.5129744477,CatBoost Regressor
1099999.9999999998,1334136.3799957293,CatBoost Regressor
542499.9999999998,834575.0427837785,CatBoost Regressor
800000.0000000005,752096.4385530087,CatBoost Regressor
2695000.0000000014,1693748.7206605158,CatBoost Regressor
634999.9999999997,574424.3725633883,CatBoost Regressor
940000.0000000006,726110.8238389527,CatBoost Regressor
2280000.0,1590458.44929865,CatBoost Regressor
1408424.9999999993,1562345.5180316898,CatBoost Regressor
315000.0000000002,329762.0718463796,CatBoost Regressor
80634.0,1345652.1533848578,CatBoost Regressor
998999.9999999995,1031214.8963804087,CatBoost Regressor
875000.0,835780.7191541733,CatBoost Regressor
1061523.0000000007,946607.232002424,CatBoost Regressor
895000.0000000007,1114466.1807138645,CatBoost Regressor
1011971.9999999995,1111119.6610308683,CatBoost Regressor
2043726.0000000016,1888926.348003557,CatBoost Regressor
2712500.0000000023,1023905.128160556,CatBoost Regressor
1179999.9999999993,972333.587584201,CatBoost Regressor
833000.0,1053972.7494468992,CatBoost Regressor
304999.99999999977,354930.24884956074,CatBoost Regressor
2950000.000000002,1493098.6629886571,CatBoost Regressor
1229999.9999999995,781166.0483024754,CatBoost Regressor
840000.0000000005,717700.9053194385,CatBoost Regressor
850000.0000000005,1132111.5574667035,CatBoost Regressor
780000.0000000001,714346.1831984941,CatBoost Regressor
699499.9999999998,457268.2735465644,CatBoost Regressor
960000.0000000006,992722.0663110729,CatBoost Regressor
909999.9999999997,759441.7784408792,CatBoost Regressor
1784999.9999999998,1706525.200564426,CatBoost Regressor
1089914.000000001,1063245.4088133809,CatBoost Regressor
375000.00000000006,344420.66714985296,CatBoost Regressor
215000.0,294198.520024332,CatBoost Regressor
2015673.9999999986,1763436.6862272143,CatBoost Regressor
575000.0000000001,504630.51779587095,CatBoost Regressor
880000.0,1570642.8217718382,CatBoost Regressor
352000.0000000003,537477.6388888032,CatBoost Regressor
337000.0,283033.1139763458,CatBoost Regressor
1905971.0000000012,1917434.1129892992,CatBoost Regressor
330000.0000000001,318063.74082277156,CatBoost Regressor
449999.99999999994,813934.2705436561,CatBoost Regressor
29999.99999999999,862725.0758563471,CatBoost Regressor
1529999.9999999988,1407703.5386726623,CatBoost Regressor
700000.0000000006,679102.6055749875,CatBoost Regressor
998000.0000000008,1044468.392406422,CatBoost Regressor
1325000.0000000007,1215608.2243635624,CatBoost Regressor
525000.0000000003,475478.15387345536,CatBoost Regressor
1849999.9999999995,1109179.6877846702,CatBoost Regressor
1575000.0000000002,668721.511374412,CatBoost Regressor
850000.0000000005,1016035.6105274019,CatBoost Regressor
752999.9999999998,639219.9393897116,CatBoost Regressor
175000.00000000012,224615.27939821867,CatBoost Regressor
1329999.9999999998,1001370.6775796112,CatBoost Regressor
1118000.000000001,1062746.7401037058,CatBoost Regressor
1435549.0000000005,1251472.2604440264,CatBoost Regressor
1498852.0000000005,1660913.513535129,CatBoost Regressor
1200000.0000000005,1039743.3099747226,CatBoost Regressor
1499999.9999999986,1070334.9337351217,CatBoost Regressor
654999.9999999995,686069.5747881726,CatBoost Regressor
380999.99999999977,786072.4569435057,CatBoost Regressor
590000.0000000003,680137.3820933813,CatBoost Regressor
558999.9999999998,688508.6514701329,CatBoost Regressor
929999.9999999993,768982.7624783451,CatBoost Regressor
775000.0000000007,867322.6473469142,CatBoost Regressor
1118000.000000001,1065658.4275896084,CatBoost Regressor
484999.99999999965,507064.55697757634,CatBoost Regressor
1894999.9999999993,1028856.3431122191,CatBoost Regressor
1217275.0000000002,1840806.5918474575,CatBoost Regressor
280000.0,1368382.6520538935,CatBoost Regressor
1099999.9999999998,937761.6748484144,CatBoost Regressor
995000.0,1194780.76090174,CatBoost Regressor
749999.9999999998,327673.8455558288,CatBoost Regressor
1996494.0000000012,1938877.2030452155,CatBoost Regressor
1497393.0000000012,1822341.9554997012,CatBoost Regressor
348000.0000000002,305972.9232838783,CatBoost Regressor
1455254.9999999998,1433619.7969835945,CatBoost Regressor
435000.0,484521.09330539504,CatBoost Regressor
1429999.9999999995,1076031.9776439273,CatBoost Regressor
230000.0000000001,267721.2804513471,CatBoost Regressor
950000.0000000008,745714.2772274049,CatBoost Regressor
399999.9999999999,306033.6090858623,CatBoost Regressor
725000.0000000006,792449.7741934956,CatBoost Regressor
455999.99999999977,687932.0609018147,CatBoost Regressor
369999.99999999977,547219.8794109214,CatBoost Regressor
435000.0,576198.1644578546,CatBoost Regressor
1710124.000000001,1905738.4935763788,CatBoost Regressor
700000.0000000006,703478.0993930174,CatBoost Regressor
1709276.9999999998,1632036.0520387767,CatBoost Regressor
960000.0000000006,916755.2565876854,CatBoost Regressor
1792954.000000001,1613488.6584337794,CatBoost Regressor
955000.0000000001,1264723.190902602,CatBoost Regressor
998999.9999999995,957226.9665314854,CatBoost Regressor
499999.99999999977,936616.712186252,CatBoost Regressor
265000.00000000006,644884.733459726,CatBoost Regressor
469999.9999999998,448314.17462633975,CatBoost Regressor
284999.99999999994,313386.34969322325,CatBoost Regressor
343799.9999999997,305972.9232838783,CatBoost Regressor
2349999.999999999,1702271.4679172446,CatBoost Regressor
1539999.9999999988,756742.7319913649,CatBoost Regressor
1131526.0000000002,1196669.6759844632,CatBoost Regressor
2250000.000000001,947178.1872191932,CatBoost Regressor
1869999.9999999993,1148618.0149722171,CatBoost Regressor
995000.0,1391870.7553867612,CatBoost Regressor
2100000.000000001,1287457.3134298932,CatBoost Regressor
919999.9999999998,800982.8383850628,CatBoost Regressor
950000.0000000008,784106.5469906201,CatBoost Regressor
284999.99999999994,331441.27755586355,CatBoost Regressor
1756000.0000000016,942591.8134457797,CatBoost Regressor
809999.9999999995,680478.5613655475,CatBoost Regressor
864999.9999999994,861450.873498542,CatBoost Regressor
1436999.999999999,1096238.6551022653,CatBoost Regressor
1400000.0000000007,1047674.7572421074,CatBoost Regressor
645000.0,643243.7567156171,CatBoost Regressor
759999.9999999999,754716.7550874392,CatBoost Regressor
2109999.999999998,1536683.214392427,CatBoost Regressor
729999.9999999998,757119.794944004,CatBoost Regressor
1400000.0000000007,1168132.31010988,CatBoost Regressor
850000.0000000005,1518808.2417663855,CatBoost Regressor
1648400.0000000014,1247343.7796645965,CatBoost Regressor
864999.9999999994,713632.6511870103,CatBoost Regressor
830000.0000000005,645031.061174553,CatBoost Regressor
674999.9999999998,865214.0490419734,CatBoost Regressor
565000.0000000003,731392.7268947467,CatBoost Regressor
899888.0,780632.778909558,CatBoost Regressor
1194999.999999999,1158054.794210027,CatBoost Regressor
299999.99999999977,505180.8442346508,CatBoost Regressor
499999.99999999977,496047.64452492417,CatBoost Regressor
680000.0000000003,732276.9113980043,CatBoost Regressor
649999.9999999995,777274.5638189183,CatBoost Regressor
594999.9999999997,619254.9087087598,CatBoost Regressor
1099999.9999999998,1751073.8143576235,CatBoost Regressor
1319746.0000000005,1348323.5447582135,CatBoost Regressor
739999.9999999999,755608.8422146363,CatBoost Regressor
2029661.9999999986,1280019.2132935764,CatBoost Regressor
304999.99999999977,253310.60321333358,CatBoost Regressor
1499999.9999999986,1300580.9731147285,CatBoost Regressor
1729999.9999999995,1336549.271206074,CatBoost Regressor
1963124.9999999988,1934995.7447743367,CatBoost Regressor
1050000.0000000007,857652.4512862285,CatBoost Regressor
825000.0000000006,629076.7622902821,CatBoost Regressor
485625.0,729507.6371123588,CatBoost Regressor
310000.0000000002,301152.014227275,CatBoost Regressor
1800000.000000001,1159794.6410590862,CatBoost Regressor
600000.0000000003,1742838.56330199,CatBoost Regressor
590000.0000000003,1560043.8594234015,CatBoost Regressor
995000.0,997110.1833394275,CatBoost Regressor
895000.0000000007,748208.546431145,CatBoost Regressor
1383783.9999999995,1524395.3664972805,CatBoost Regressor
649999.9999999995,961845.4858725929,CatBoost Regressor
789144.0,783891.2535961242,CatBoost Regressor
775000.0000000007,545209.3562873875,CatBoost Regressor
1703226.0000000005,1897869.340405786,CatBoost Regressor
739000.0000000005,672895.4106019329,CatBoost Regressor
1459999.999999999,1780126.6846753804,CatBoost Regressor
1546226.0000000007,1319558.853852385,CatBoost Regressor
1099999.9999999998,1258429.4215217887,CatBoost Regressor
452000.0000000001,341600.69871393347,CatBoost Regressor
714999.9999999995,709483.7693669928,CatBoost Regressor
1247349.000000001,1341930.6994526645,CatBoost Regressor
809999.9999999995,816059.2571967897,CatBoost Regressor
1788587.0000000005,1997980.578754595,CatBoost Regressor
864999.9999999994,819609.7365999131,CatBoost Regressor
170000.00000000012,348668.13918252784,CatBoost Regressor
1272812.999999999,958977.6082868017,CatBoost Regressor
1893799.999999999,1890522.440660223,CatBoost Regressor
752440.0000000005,720193.0365796167,CatBoost Regressor
1240000.0000000005,908687.3065017621,CatBoost Regressor
919999.9999999998,843328.5774662521,CatBoost Regressor
1919135.0000000007,1920281.149615055,CatBoost Regressor
1662319.0000000005,1858691.9864784135,CatBoost Regressor
130000.00000000009,266819.2483567343,CatBoost Regressor
1507165.0000000005,1334282.2483748053,CatBoost Regressor
853294.0000000007,761209.2926096414,CatBoost Regressor
525000.0000000003,517969.44689919683,CatBoost Regressor
969999.9999999999,719163.9451643,CatBoost Regressor
950000.0000000008,930057.6018534502,CatBoost Regressor
1150000.0000000005,973306.9765042011,CatBoost Regressor
974687.9999999995,899787.6011217361,CatBoost Regressor
1810000.0000000012,1738960.179903417,CatBoost Regressor
438000.00000000035,356401.71401367587,CatBoost Regressor
1749999.9999999998,1027685.067094627,CatBoost Regressor
838699.9999999999,1010678.5328565158,CatBoost Regressor
674999.9999999998,681533.7940285216,CatBoost Regressor
1888623.9999999984,1909064.4210911572,CatBoost Regressor
672499.9999999998,1239666.002873045,CatBoost Regressor
1525000.0000000005,1326927.8333364273,CatBoost Regressor
2143000.000000001,1772894.4802143332,CatBoost Regressor
349999.9999999997,344622.24290516495,CatBoost Regressor
790000.0000000003,905759.7384074486,CatBoost Regressor
1539999.9999999988,847460.9680500589,CatBoost Regressor
689999.9999999995,632904.9068912824,CatBoost Regressor
825000.0000000006,996529.0702632283,CatBoost Regressor
1229999.9999999995,1263770.0944166458,CatBoost Regressor
875000.0,1135088.6243872808,CatBoost Regressor
425000.0000000002,658281.2876789495,CatBoost Regressor
1150000.0000000005,887825.0320849499,CatBoost Regressor
780000.0000000001,969308.6821362798,CatBoost Regressor
432249.9999999999,329904.2079782344,CatBoost Regressor
1292505.0000000007,785111.5309660863,CatBoost Regressor
98140.00000000006,302776.24813895347,CatBoost Regressor
324999.9999999999,325379.4615475238,CatBoost Regressor
499999.99999999977,634597.8150289777,CatBoost Regressor
1595000.0000000007,1297275.8269842775,CatBoost Regressor
749999.9999999998,474539.8810394161,CatBoost Regressor
2575000.000000002,1965306.2518979774,CatBoost Regressor
560000.0000000003,561421.3643255306,CatBoost Regressor
769999.9999999997,616550.5009622502,CatBoost Regressor
979999.9999999997,868282.1727430422,CatBoost Regressor
905000.0000000006,868275.487923562,CatBoost Regressor
1050000.0000000007,1077543.106214587,CatBoost Regressor
765000.0000000003,1114344.2609169448,CatBoost Regressor
937541.0000000002,1210597.0364621133,CatBoost Regressor
915000.0000000002,525913.1403102548,CatBoost Regressor
649999.9999999995,603707.7257686803,CatBoost Regressor
240000.00000000003,799482.5172300597,CatBoost Regressor
1180255.0000000005,1035316.2998564233,CatBoost Regressor
1115000.0000000007,1062114.5090169783,CatBoost Regressor
637000.0000000003,476099.7941765952,CatBoost Regressor
2119999.9999999986,1127412.7136521009,CatBoost Regressor
800000.0000000005,636586.8632837824,CatBoost Regressor
492300.0000000002,707562.2110908261,CatBoost Regressor
794235.0,688369.5392352507,CatBoost Regressor
949000.0000000002,792087.959205514,CatBoost Regressor
1815000.0000000002,1313617.737063027,CatBoost Regressor
1260000.0,1050872.0148935851,CatBoost Regressor
630000.0000000006,544163.4355729066,CatBoost Regressor
610949.9999999995,685297.3517991598,CatBoost Regressor
2622000.0,1308301.2445181352,CatBoost Regressor
979999.9999999997,1128212.9953353088,CatBoost Regressor
1133988.9999999995,1147052.56518055,CatBoost Regressor
1527851.9999999998,1376408.737818293,CatBoost Regressor
2525000.000000001,1684281.7438845383,CatBoost Regressor
2608609.000000001,2479507.331383387,CatBoost Regressor
719333.9999999995,736759.8702165821,CatBoost Regressor
729999.9999999998,660337.8970000994,CatBoost Regressor
1559999.9999999998,1018977.4375408274,CatBoost Regressor
2550000.0,1008640.9643812994,CatBoost Regressor
674999.9999999998,574260.3655573764,CatBoost Regressor
1525000.0000000005,1086582.1138698643,CatBoost Regressor
299999.99999999977,1056652.9429997662,CatBoost Regressor
854499.9999999995,713141.0094964583,CatBoost Regressor
1475444.000000001,1251534.7560156682,CatBoost Regressor
226499.99999999985,290525.7604878762,CatBoost Regressor
448999.99999999994,503057.1633859449,CatBoost Regressor
1169999.9999999998,1218016.78059224,CatBoost Regressor
1597955.9999999993,1950341.3301698212,CatBoost Regressor
1899999.9999999993,880228.2035482018,CatBoost Regressor
659999.9999999995,577541.6348234509,CatBoost Regressor
1350999.9999999998,1601628.4786036015,CatBoost Regressor
909999.9999999997,1826847.6180011113,CatBoost Regressor
1027854.9999999998,939741.8454006538,CatBoost Regressor
1295000.0000000007,1381731.3029128904,CatBoost Regressor
1974999.9999999986,1531597.7573638428,CatBoost Regressor
335382.0000000002,461939.88171399693,CatBoost Regressor
520000.0,761700.0198212215,CatBoost Regressor
899999.9999999995,995213.2263615531,CatBoost Regressor
1364999.9999999993,1207609.9580229495,CatBoost Regressor
982582.9999999995,969555.6979716223,CatBoost Regressor
854999.9999999993,874258.2353117046,CatBoost Regressor
1762014.9999999995,1725368.0688252393,CatBoost Regressor
1350000.0,962025.1325688673,CatBoost Regressor
315999.99999999994,889152.6169526506,CatBoost Regressor
1633338.0000000014,1564356.0502796536,CatBoost Regressor
1139000.0000000002,766951.2446867813,CatBoost Regressor
67999.99999999999,335126.3008700592,CatBoost Regressor
1249999.999999999,1508471.8395256156,CatBoost Regressor
1440000.0000000002,699652.6192449494,CatBoost Regressor
620000.0000000005,422273.970691246,CatBoost Regressor
853849.9999999995,1066814.8435344466,CatBoost Regressor
765000.0000000003,649038.3770150746,CatBoost Regressor
1935000.0000000007,1700831.9426298565,CatBoost Regressor
275000.0000000002,1068407.2963354413,CatBoost Regressor
800000.0000000005,756684.4998359095,CatBoost Regressor
765000.0000000003,662414.7639223689,CatBoost Regressor
1899999.9999999993,1648442.861192933,CatBoost Regressor
1104999.9999999998,876460.3689611637,CatBoost Regressor
669999.9999999998,591034.5227594011,CatBoost Regressor
1499999.9999999986,1368805.8713812435,CatBoost Regressor
2849999.999999999,1058910.0164407797,CatBoost Regressor
850000.0000000005,710866.1463139598,CatBoost Regressor
1099999.9999999998,1490651.968973987,CatBoost Regressor
1295000.0000000007,723879.3333372918,CatBoost Regressor
1299999.9999999993,1349010.7889376124,CatBoost Regressor
969999.9999999999,1003727.0719913786,CatBoost Regressor
1445914.9999999993,1120692.8499885767,CatBoost Regressor
704999.9999999995,860531.1885876602,CatBoost Regressor
369000.0000000001,374635.0536211482,CatBoost Regressor
1800000.000000001,2051777.6712016216,CatBoost Regressor
741000.0000000006,649329.2403634085,CatBoost Regressor
1670361.000000001,1873442.4801714052,CatBoost Regressor
998999.9999999995,902245.8822520799,CatBoost Regressor
1428196.9999999995,1484676.4942746684,CatBoost Regressor
380999.99999999977,331337.6779177202,CatBoost Regressor
1148000.0000000007,1500326.4979373435,CatBoost Regressor
222499.99999999988,379650.3422080206,CatBoost Regressor
270000.00000000006,305462.2005969795,CatBoost Regressor
1249999.999999999,1250339.0816116477,CatBoost Regressor
499999.99999999977,608465.1642548923,CatBoost Regressor
1429999.9999999995,1108541.39747241,CatBoost Regressor
829000.0000000002,936279.3336970535,CatBoost Regressor
460000.0000000002,390474.46952668834,CatBoost Regressor
1299999.9999999993,1433038.2126309467,CatBoost Regressor
1384820.0000000012,736193.2814648886,CatBoost Regressor
749999.9999999998,771221.6358540166,CatBoost Regressor
299999.99999999977,327739.38637816353,CatBoost Regressor
243000.00000000003,241181.03218650277,CatBoost Regressor
995000.0,1384337.656272049,CatBoost Regressor
1207894.000000001,1765451.9567615918,CatBoost Regressor
1293821.0000000002,1288549.421238475,CatBoost Regressor
1452523.0000000005,1609427.1814288883,CatBoost Regressor
499998.9999999997,571118.5826211434,CatBoost Regressor
1550000.0000000012,1418551.349418746,CatBoost Regressor
794999.9999999998,824617.9661881138,CatBoost Regressor
998999.9999999995,981170.4466642975,CatBoost Regressor
1416620.0000000012,1350023.5454686105,CatBoost Regressor
2100000.000000001,1162899.2642122223,CatBoost Regressor
504999.99999999977,773548.1841064212,CatBoost Regressor
299999.99999999977,334469.27562612743,CatBoost Regressor
2440000.000000002,922445.2722781791,CatBoost Regressor
1181806.9999999998,1305868.6341299333,CatBoost Regressor
1650000.0000000007,1070099.6062245688,CatBoost Regressor
674999.9999999998,937612.2531222128,CatBoost Regressor
725000.0000000006,677458.8352833015,CatBoost Regressor
2315000.0000000005,1735957.4383014312,CatBoost Regressor
323999.9999999999,709403.8968445399,CatBoost Regressor
327000.0000000001,375529.1750447251,CatBoost Regressor
444999.9999999997,451137.4912762475,CatBoost Regressor
825000.0000000006,690671.4754242954,CatBoost Regressor
606999.9999999995,685597.1421760189,CatBoost Regressor
249999.9999999998,294531.7420001195,CatBoost Regressor
310000.0000000002,688497.9071763261,CatBoost Regressor
668000.0000000002,693032.4813206028,CatBoost Regressor
1150000.0000000005,889028.1008937317,CatBoost Regressor
1400000.0000000007,1546133.8279372866,CatBoost Regressor
800000.0000000005,1018061.2632701156,CatBoost Regressor
1069999.9999999998,1226124.1124658838,CatBoost Regressor
2499999.9999999995,1632164.6603084013,CatBoost Regressor
1221900.0000000005,741115.2618429122,CatBoost Regressor
1354999.999999999,1871682.8328848444,CatBoost Regressor
1507565.0000000005,1578531.8323231062,CatBoost Regressor
430000.00000000023,401324.9838853521,CatBoost Regressor
999998.9999999995,1141667.8001946816,CatBoost Regressor
2800000.000000002,1272457.6903950742,CatBoost Regressor
950000.0000000008,1065287.204600624,CatBoost Regressor
900180.0000000006,654474.1248700038,CatBoost Regressor
338474.9999999997,442961.8389195297,CatBoost Regressor
630197.9999999998,587756.5926635752,CatBoost Regressor
1681675.999999999,1714398.848984243,CatBoost Regressor
928000.0000000005,973504.5066716255,CatBoost Regressor
841999.9999999997,785155.3797541,CatBoost Regressor
310000.0000000002,543330.7929247154,CatBoost Regressor
484999.99999999965,476779.76559742074,CatBoost Regressor
998000.0000000008,1150998.5444442187,CatBoost Regressor
998999.9999999995,1052143.8315993126,CatBoost Regressor
99236.0,140028.53133540956,CatBoost Regressor
590000.0000000003,566505.7514623677,CatBoost Regressor
280000.0,277165.9967233502,CatBoost Regressor
2369999.9999999995,1024581.5603534383,CatBoost Regressor
1374999.999999999,1167341.5855795324,CatBoost Regressor
1398087.9999999988,1170407.1707946334,CatBoost Regressor
436123.0,507990.2574881471,CatBoost Regressor
2400000.000000001,1613202.608312654,CatBoost Regressor
474999.99999999977,494300.3661682077,CatBoost Regressor
1653779.0000000014,1351016.5232126762,CatBoost Regressor
854999.9999999993,500889.022353746,CatBoost Regressor
800000.0000000005,2031839.5324755707,CatBoost Regressor
950000.0000000008,984033.2763058882,CatBoost Regressor
790000.0000000003,626547.0833198344,CatBoost Regressor
449999.99999999994,563031.9466936679,CatBoost Regressor
979999.9999999997,921400.0597268429,CatBoost Regressor
840000.0000000005,800985.0391062967,CatBoost Regressor
960000.0000000006,909113.3573559207,CatBoost Regressor
379999.9999999999,629015.9351347086,CatBoost Regressor
2420000.0,1388661.571277839,CatBoost Regressor
919999.9999999998,1279498.771556351,CatBoost Regressor
1600000.0000000012,1411657.4951387339,CatBoost Regressor
1550000.0000000012,1774104.3657988233,CatBoost Regressor
452999.99999999977,964535.1532023532,CatBoost Regressor
749999.9999999998,543330.7929247154,CatBoost Regressor
600000.0000000003,511053.3980288957,CatBoost Regressor
142113.00000000003,604141.3185528808,CatBoost Regressor
1169999.9999999998,1031667.0966332892,CatBoost Regressor
2000000.0000000016,1110949.2888189727,CatBoost Regressor
1099999.9999999998,1079175.271380138,CatBoost Regressor
1198653.0000000002,1135533.0466532419,CatBoost Regressor
399999.9999999999,856755.3717616842,CatBoost Regressor
680000.0000000003,824463.8819073314,CatBoost Regressor
2459999.999999999,1915513.1910221293,CatBoost Regressor
834999.9999999998,981007.850345809,CatBoost Regressor
324995.00000000006,240554.56411754887,CatBoost Regressor
170000.00000000012,211398.95935713098,CatBoost Regressor
1124999.9999999995,1153468.0676990882,CatBoost Regressor
520000.0,572872.5682456207,CatBoost Regressor
1185000.0000000005,442675.074035749,CatBoost Regressor
1299999.9999999993,498887.0850860141,CatBoost Regressor
491789.9999999996,665313.1263699577,CatBoost Regressor
974999.9999999999,996436.4788190799,CatBoost Regressor
1499999.9999999986,1954690.5814558142,CatBoost Regressor
189999.9999999999,1489851.1993337376,CatBoost Regressor
259999.9999999998,275168.42248962563,CatBoost Regressor
1249999.999999999,1073760.5378255749,CatBoost Regressor
1431234.0,747062.736040992,CatBoost Regressor
1623106.9999999988,1613019.9569595328,CatBoost Regressor
2690000.000000001,1570652.2553264676,CatBoost Regressor
620000.0000000005,644062.9525835707,CatBoost Regressor
84999.99999999996,363904.54771478474,CatBoost Regressor
980508.0,1089985.5417414003,CatBoost Regressor
998999.9999999995,914573.3224102611,CatBoost Regressor
2199999.9999999995,949088.620822925,CatBoost Regressor
809999.9999999995,733408.4580000767,CatBoost Regressor
2700000.0,778905.3054634207,CatBoost Regressor
379999.9999999999,778110.3017723903,CatBoost Regressor
425000.0000000002,485101.5937337612,CatBoost Regressor
1575000.0000000002,1377713.9485432236,CatBoost Regressor
950000.0000000008,826787.4551676675,CatBoost Regressor
826369.9999999999,775534.2244136429,CatBoost Regressor
512499.9999999997,991199.6423201922,CatBoost Regressor
1400000.0000000007,1060962.3736680218,CatBoost Regressor
117549.0000000001,208646.37164372075,CatBoost Regressor
1099999.9999999998,1631170.598054252,CatBoost Regressor
1333296.0000000012,1415466.977912976,CatBoost Regressor
349999.9999999997,405633.04558214935,CatBoost Regressor
914082.9999999998,717685.8710283134,CatBoost Regressor
570000.0000000001,802694.7916993931,CatBoost Regressor
1099999.9999999998,1179775.1804662456,CatBoost Regressor
2420000.0,1326346.576265861,CatBoost Regressor
1220000.0000000002,1229230.757084424,CatBoost Regressor
1824999.9999999984,1333946.6593126708,CatBoost Regressor
928999.9999999995,690164.3467902743,CatBoost Regressor
800000.0000000005,1043436.0409332875,CatBoost Regressor
938827.0000000007,1416386.7265685685,CatBoost Regressor
967337.9999999998,1207225.308448886,CatBoost Regressor
1015000.0000000001,935297.4496506223,CatBoost Regressor
2550000.0,1093523.8597003152,CatBoost Regressor
1030855.9999999997,1031242.6009045808,CatBoost Regressor
1146923.999999999,1123066.2951436092,CatBoost Regressor
890000.0000000002,627483.441894234,CatBoost Regressor
710000.0,730661.0084336302,CatBoost Regressor
969999.9999999999,1084227.057174788,CatBoost Regressor
984999.9999999994,789714.5908837859,CatBoost Regressor
837999.9999999995,781897.3544228814,CatBoost Regressor
1816731.0000000016,1920282.184487326,CatBoost Regressor
1499999.9999999986,975047.6781247294,CatBoost Regressor
560000.0000000003,729303.0212456154,CatBoost Regressor
299999.99999999977,897103.5384160253,CatBoost Regressor
580500.0000000002,786059.72393633,CatBoost Regressor
995000.0,919407.283473766,CatBoost Regressor
130000.00000000009,799262.3247832187,CatBoost Regressor
884999.9999999998,952406.4911877598,CatBoost Regressor
265000.00000000006,335698.75134423724,CatBoost Regressor
1575000.0000000002,795002.9705626166,CatBoost Regressor
850000.0000000005,721767.9222098028,CatBoost Regressor
1065000.0000000005,903449.0347864468,CatBoost Regressor
249999.9999999998,279633.60368043004,CatBoost Regressor
649999.9999999995,983217.3643681785,CatBoost Regressor
598064.9999999999,663821.0876930685,CatBoost Regressor
2499999.9999999995,1601147.8977629945,CatBoost Regressor
515000.00000000006,549972.2579653155,CatBoost Regressor
1699999.9999999988,1344114.249847587,CatBoost Regressor
40249.999999999985,45203.93866786206,CatBoost Regressor
1389999.9999999988,1230480.2334901877,CatBoost Regressor
1340814.000000001,1328342.115734947,CatBoost Regressor
1445314.0,1532282.3649583384,CatBoost Regressor
755677.0000000003,680835.1170240567,CatBoost Regressor
534999.9999999995,601365.9450114149,CatBoost Regressor
1400000.0000000007,1213728.4241509184,CatBoost Regressor
590000.0000000003,703350.4187960607,CatBoost Regressor
1499999.9999999986,1440165.0551418513,CatBoost Regressor
1625000.0000000012,1144359.1354433924,CatBoost Regressor
426500.0,755803.6981322154,CatBoost Regressor
467024.9999999999,596389.7509669702,CatBoost Regressor
710000.0,688213.9345384137,CatBoost Regressor
1055000.0000000007,935197.3605698061,CatBoost Regressor
481999.99999999994,404198.52091880096,CatBoost Regressor
1499999.9999999986,1642235.0506618996,CatBoost Regressor
950000.0000000008,1075689.3331628372,CatBoost Regressor
210000.0,318376.577091081,CatBoost Regressor
415000.00000000006,294035.0204360976,CatBoost Regressor
166215.0000000001,92463.63884747204,CatBoost Regressor
1556000.000000001,1167364.9771013383,CatBoost Regressor
1091911.9999999995,1015973.4673286965,CatBoost Regressor
415000.00000000006,780996.333276327,CatBoost Regressor
669999.9999999998,693218.4514853013,CatBoost Regressor
1699999.9999999988,1458241.663323944,CatBoost Regressor
523750.0,1018935.0782757495,CatBoost Regressor
984999.9999999994,726996.7831684602,CatBoost Regressor
950000.0000000008,917799.4338847856,CatBoost Regressor
998999.9999999995,922075.1744598591,CatBoost Regressor
1773691.9999999993,1441454.4956537415,CatBoost Regressor
118999.99999999993,181831.9284676771,CatBoost Regressor
1050000.0000000007,924150.6543943307,CatBoost Regressor
90246.00000000006,215874.7749220219,CatBoost Regressor
114999.99999999991,185774.28989595725,CatBoost Regressor
634999.9999999997,545869.1290447552,CatBoost Regressor
390000.00000000035,293363.9640746406,CatBoost Regressor
749999.9999999998,607914.6883761925,CatBoost Regressor
940000.0000000006,880387.9782002672,CatBoost Regressor
759999.9999999999,923105.2141753247,CatBoost Regressor
495000.0000000004,740133.0023006939,CatBoost Regressor
344999.9999999997,482174.514809832,CatBoost Regressor
2309999.999999998,1149850.4626549399,CatBoost Regressor
1400000.0000000007,1416895.3099877927,CatBoost Regressor
499999.99999999977,1049086.03508663,CatBoost Regressor
2400000.000000001,1719290.5418277944,CatBoost Regressor
1150000.0000000005,844895.8846475284,CatBoost Regressor
689999.9999999995,669004.3021393509,CatBoost Regressor
725000.0000000006,923116.4792352502,CatBoost Regressor
515000.00000000006,413970.1580925156,CatBoost Regressor
1152000.0000000002,759059.4901531164,CatBoost Regressor
130000.00000000009,307549.45509072,CatBoost Regressor
1635000.0000000005,1337449.625736827,CatBoost Regressor
664999.9999999995,846916.4160462342,CatBoost Regressor
1680000.0000000005,1515232.32311062,CatBoost Regressor
773870.0000000001,1257230.2992034657,CatBoost Regressor
310000.0000000002,538624.049715781,CatBoost Regressor
1712499.999999999,887110.8821238494,CatBoost Regressor
351000.0000000001,300570.591164242,CatBoost Regressor
498999.9999999996,496049.1327945006,CatBoost Regressor
265000.00000000006,255084.324371878,CatBoost Regressor
284999.99999999994,245082.8953814512,CatBoost Regressor
909999.9999999997,1263815.454991945,CatBoost Regressor
600768.0000000005,699707.3659651137,CatBoost Regressor
780000.0000000001,737102.0791701821,CatBoost Regressor
950000.0000000008,1370882.6989393765,CatBoost Regressor
1476500.000000001,1023299.0953791937,CatBoost Regressor
2100000.000000001,1779132.999587901,CatBoost Regressor
275000.0000000002,168702.60992667888,CatBoost Regressor
1050000.0000000007,973689.7184984377,CatBoost Regressor
1160000.0000000002,914148.3872702885,CatBoost Regressor
2000000.0000000016,1825290.10020661,CatBoost Regressor
938831.0000000007,812815.6613402609,CatBoost Regressor
984999.9999999994,1051201.0536803447,CatBoost Regressor
859999.9999999997,744713.4153414122,CatBoost Regressor
1225000.0000000007,2132285.5322273243,CatBoost Regressor
850000.0000000005,882689.5601033822,CatBoost Regressor
733140.0,689292.3948113185,CatBoost Regressor
1800000.000000001,1676685.6810664565,CatBoost Regressor
429000.00000000006,468455.71046471276,CatBoost Regressor
897999.9999999995,732692.1667603119,CatBoost Regressor
744999.9999999997,636919.3100595416,CatBoost Regressor
548500.0000000001,802604.725619414,CatBoost Regressor
615000.0,667468.2145602513,CatBoost Regressor
275000.0000000002,256891.2618939838,CatBoost Regressor
999999.9999999997,850090.7945194374,CatBoost Regressor
919999.9999999998,929189.025585679,CatBoost Regressor
225000.00000000015,298976.15939155355,CatBoost Regressor
669999.9999999998,723060.7407506187,CatBoost Regressor
1299999.9999999993,818769.3321046208,CatBoost Regressor
90000.00000000001,149034.36225479908,CatBoost Regressor
800000.0000000005,741367.843544967,CatBoost Regressor
700000.0000000006,602625.8583021221,CatBoost Regressor
840000.0000000005,539421.0533914606,CatBoost Regressor
315000.0000000002,319963.27283355396,CatBoost Regressor
995000.0,992556.821281375,CatBoost Regressor
687500.0000000002,348293.51033827505,CatBoost Regressor
1299999.9999999993,1642288.5827345178,CatBoost Regressor
1450000.0000000002,1577472.7786914723,CatBoost Regressor
249999.9999999998,656772.8632016657,CatBoost Regressor
659999.9999999995,741517.898055945,CatBoost Regressor
1069999.9999999998,975762.3061003083,CatBoost Regressor
1949999.999999999,1597220.6656279329,CatBoost Regressor
1050000.0000000007,1189102.3665630722,CatBoost Regressor
1160000.0000000002,1047335.2147166831,CatBoost Regressor
549999.9999999998,577902.3917096611,CatBoost Regressor
1050000.0000000007,977098.85927605,CatBoost Regressor
635999.9999999995,615542.8135367414,CatBoost Regressor
682191.0000000003,872971.5413667499,CatBoost Regressor
1099999.9999999998,1061642.0134716665,CatBoost Regressor
159999.99999999997,346911.3702931158,CatBoost Regressor
530000.0000000003,545209.3562873875,CatBoost Regressor
706999.9999999994,918237.8158306511,CatBoost Regressor
800000.0000000005,906839.161961687,CatBoost Regressor
971892.9999999992,960532.0746447323,CatBoost Regressor
989999.9999999992,1297428.8305459847,CatBoost Regressor
825000.0000000006,1610338.9671362422,CatBoost Regressor
1350000.0,1372797.7288791446,CatBoost Regressor
884999.9999999998,623930.3898015849,CatBoost Regressor
555000.0000000002,361098.658466988,CatBoost Regressor
1996684.9999999993,1599643.900620369,CatBoost Regressor
1425000.0000000007,666164.9743034091,CatBoost Regressor
820000.0000000005,1060002.7535171362,CatBoost Regressor
689999.9999999995,740249.4753704505,CatBoost Regressor
744999.9999999997,714878.3703140591,CatBoost Regressor
966000.0000000006,849050.7020500336,CatBoost Regressor
2199999.9999999995,1063563.2363486413,CatBoost Regressor
1437334.9999999988,1270729.28916867,CatBoost Regressor
680000.0000000003,565471.3909649601,CatBoost Regressor
899999.9999999995,1217488.2716659836,CatBoost Regressor
955000.0000000001,878411.0202652233,CatBoost Regressor
1069999.9999999998,924397.437330262,CatBoost Regressor
634999.9999999997,680868.2382198153,CatBoost Regressor
1090000.0000000002,1250417.2920079995,CatBoost Regressor
2109999.999999998,1487627.5130942147,CatBoost Regressor
625000.0000000002,605865.9531199686,CatBoost Regressor
2950000.000000002,1762846.8225245327,CatBoost Regressor
29700.0,867346.0699856152,CatBoost Regressor
809999.9999999995,876154.8403654767,CatBoost Regressor
310000.0000000002,779267.2448138198,CatBoost Regressor
649999.9999999995,624547.2330167658,CatBoost Regressor
615000.0,541388.3347404065,CatBoost Regressor
780000.0000000001,688509.8399616632,CatBoost Regressor
2499999.9999999995,1034645.3795310952,CatBoost Regressor
1959854.9999999986,1981773.4546277071,CatBoost Regressor
989999.9999999992,567441.3584735617,CatBoost Regressor
1715115.0000000002,1585578.0797048486,CatBoost Regressor
1428049.999999999,1744880.5083339934,CatBoost Regressor
1854999.9999999993,1819189.5788323574,CatBoost Regressor
1866063.9999999993,1832225.5529692292,CatBoost Regressor
596379.0000000005,738517.7906462989,CatBoost Regressor
1550000.0000000012,1251031.5341770197,CatBoost Regressor
1129999.999999999,1061022.3418128577,CatBoost Regressor
1179999.9999999993,1425018.6392622164,CatBoost Regressor
674999.9999999998,531183.7156639353,CatBoost Regressor
1749999.9999999998,1449970.2063940791,CatBoost Regressor
884999.9999999998,1379054.7988116622,CatBoost Regressor
284999.99999999994,304164.65853165794,CatBoost Regressor
680000.0000000003,622476.7962534077,CatBoost Regressor
859999.9999999997,800995.4308412899,CatBoost Regressor
725000.0000000006,784471.3978841065,CatBoost Regressor
284999.99999999994,318200.7209417968,CatBoost Regressor
399999.9999999999,301420.12437918514,CatBoost Regressor
2371485.0000000014,2033249.9591184747,CatBoost Regressor
480000.00000000006,521996.3698708768,CatBoost Regressor
1273000.0000000007,1001504.2064049315,CatBoost Regressor
775000.0000000007,846772.2205907529,CatBoost Regressor
649999.9999999995,1071362.665612314,CatBoost Regressor
1249999.999999999,920516.0008950548,CatBoost Regressor
1787244.0000000002,1624177.3341060977,CatBoost Regressor
967337.9999999998,750461.3009812809,CatBoost Regressor
1299999.9999999993,1701214.8806882761,CatBoost Regressor
1742446.9999999993,1841394.103500103,CatBoost Regressor
354999.9999999998,334417.7239878849,CatBoost Regressor
896059.9999999998,1367327.3560464291,CatBoost Regressor
1873467.9999999995,903884.9070162383,CatBoost Regressor
1198000.0000000002,919674.8790012145,CatBoost Regressor
685000.0000000005,898815.3054367448,CatBoost Regressor
415000.00000000006,1034382.5411408035,CatBoost Regressor
600000.0000000003,1027002.9754331927,CatBoost Regressor
449999.99999999994,477615.8728699976,CatBoost Regressor
1751316.999999999,2173597.367446276,CatBoost Regressor
299999.99999999977,326219.1386566122,CatBoost Regressor
530000.0000000003,731624.1005768689,CatBoost Regressor
755000.0000000005,510164.9115983785,CatBoost Regressor
1050000.0000000007,717830.679358197,CatBoost Regressor
594999.9999999997,339482.0772369183,CatBoost Regressor
565000.0000000003,751517.6486492356,CatBoost Regressor
749999.9999999998,1016429.9462833143,CatBoost Regressor
903187.9999999997,1442650.6404590476,CatBoost Regressor
324999.9999999999,670524.2906854001,CatBoost Regressor
555000.0000000002,596149.2790312297,CatBoost Regressor
1200000.0000000005,850065.0689891089,CatBoost Regressor
1824999.9999999984,1335756.9917567726,CatBoost Regressor
488790.0000000002,1203428.084432083,CatBoost Regressor
1734999.9999999986,1273681.0658700608,CatBoost Regressor
1050000.0000000007,1169298.4408547652,CatBoost Regressor
600000.0000000003,801856.9617068134,CatBoost Regressor
912000.0000000005,839660.0142137764,CatBoost Regressor
384813.0000000002,455363.86088740616,CatBoost Regressor
1679581.9999999988,1705543.491367784,CatBoost Regressor
1752428.9999999998,1557880.04618667,CatBoost Regressor
600000.0000000003,369018.5571027911,CatBoost Regressor
790000.0000000003,767405.3294675931,CatBoost Regressor
2690000.000000001,1711752.211738434,CatBoost Regressor
1420000.0000000012,872787.5241191245,CatBoost Regressor
116000.0000000001,226492.70658147914,CatBoost Regressor
499901.99999999994,816513.3540976999,CatBoost Regressor
549999.9999999998,785679.6837765464,CatBoost Regressor
1441953.9999999995,1893487.1477116393,CatBoost Regressor
499999.99999999977,889144.4803851236,CatBoost Regressor
1949999.999999999,1204451.5701330823,CatBoost Regressor
995000.0,1633497.2643085541,CatBoost Regressor
1200000.0000000005,1581078.7960947882,CatBoost Regressor
2094999.9999999998,1313403.5323448784,CatBoost Regressor
1099999.9999999998,1047872.4428865586,CatBoost Regressor
1879603.0000000012,1897185.7370439183,CatBoost Regressor
680000.0000000003,582718.1645689849,CatBoost Regressor
349999.9999999997,554286.7579486487,CatBoost Regressor
756800.0,1329266.590714504,CatBoost Regressor
2010000.0000000016,1689803.0928784586,CatBoost Regressor
1495000.000000001,1362551.9552466702,CatBoost Regressor
1899999.9999999993,1032889.265850626,CatBoost Regressor
1099999.9999999998,1146537.2877499114,CatBoost Regressor
484999.99999999965,752479.3289038029,CatBoost Regressor
864999.9999999994,639663.1267552205,CatBoost Regressor
1807982.0000000002,1606955.089652572,CatBoost Regressor
700000.0000000006,1626963.6010914387,CatBoost Regressor
1123707.000000001,1199019.0884903187,CatBoost Regressor
217999.99999999988,288158.7431333713,CatBoost Regressor
1275000.0000000002,1452333.3726857947,CatBoost Regressor
1636364.000000001,1850956.737246302,CatBoost Regressor
1279999.9999999988,933103.3657552178,CatBoost Regressor
479533.99999999977,752354.7258227861,CatBoost Regressor
825000.0000000006,1592646.3384913083,CatBoost Regressor
749999.9999999998,877084.708598933,CatBoost Regressor
399999.0000000002,298996.9618706735,CatBoost Regressor
830000.0000000005,1381689.3488069982,CatBoost Regressor
1427164.0000000012,1572661.9639402532,CatBoost Regressor
577500.0,431267.74552598153,CatBoost Regressor
2400000.000000001,1695052.1895394274,CatBoost Regressor
199999.99999999997,1842900.98080694,CatBoost Regressor
1874999.999999999,1302495.0793328322,CatBoost Regressor
397425.0,382970.43705959606,CatBoost Regressor
702545.0000000002,742563.4932185207,CatBoost Regressor
1879692.9999999988,1791038.8380672561,CatBoost Regressor
880000.0,905045.6289854344,CatBoost Regressor
339999.99999999994,303787.6392217323,CatBoost Regressor
2250000.000000001,1037162.9371495844,CatBoost Regressor
964238.0,699043.4241192153,CatBoost Regressor
219999.99999999983,377614.26046550146,CatBoost Regressor
1700523.000000001,1622667.138577373,CatBoost Regressor
364999.99999999977,312859.92275079235,CatBoost Regressor
800000.0000000005,752727.7603509256,CatBoost Regressor
1749999.9999999998,1808945.136881766,CatBoost Regressor
423299.9999999999,284953.3292760214,CatBoost Regressor
669663.9999999997,708736.3511310061,CatBoost Regressor
657500.0000000003,657337.4578303337,CatBoost Regressor
649000.0000000006,522819.1644674561,CatBoost Regressor
582499.9999999999,1049635.2879975773,CatBoost Regressor
2000000.0000000016,1982040.9250197785,CatBoost Regressor
840000.0000000005,941185.295764593,CatBoost Regressor
329000.0000000003,322354.9416812255,CatBoost Regressor
1325000.0000000007,904343.144678234,CatBoost Regressor
1374638.0000000007,886790.3819563488,CatBoost Regressor
320000.00000000006,352225.26812120684,CatBoost Regressor
1160000.0000000002,1251508.530007069,CatBoost Regressor
844999.9999999993,710788.2761535619,CatBoost Regressor
1474999.999999999,850256.0050788126,CatBoost Regressor
1964000.0000000016,1522526.5627582436,CatBoost Regressor
2883079.999999999,784281.0048032622,CatBoost Regressor
1400000.0000000007,1474047.3186262154,CatBoost Regressor
968000.0000000006,1132741.8181089615,CatBoost Regressor
297999.9999999998,306701.0062448518,CatBoost Regressor
2449999.9999999995,1897084.3921876699,CatBoost Regressor
610000.0000000005,415551.5165177458,CatBoost Regressor
1400000.0000000007,972500.6874694824,CatBoost Regressor
765000.0000000003,624758.6176118364,CatBoost Regressor
979999.9999999997,1310613.448738122,CatBoost Regressor
1450000.0000000002,937099.3816219181,CatBoost Regressor
1680395.0,1606093.8404969603,CatBoost Regressor
1289000.0000000012,1006672.3509234439,CatBoost Regressor
998000.0000000008,989289.8356179085,CatBoost Regressor
159999.99999999997,477613.5004026095,CatBoost Regressor
1584900.0000000014,1390850.474512705,CatBoost Regressor
1015000.0000000001,883454.8453526959,CatBoost Regressor
995000.0,1066897.382445505,CatBoost Regressor
1249999.999999999,1323379.6080022024,CatBoost Regressor
825000.0000000006,755281.0197669116,CatBoost Regressor
515000.00000000006,503571.19472274056,CatBoost Regressor
1080000.0000000002,812328.4662375513,CatBoost Regressor
202000.0000000001,262075.46088509445,CatBoost Regressor
854777.0000000007,845407.4913627091,CatBoost Regressor
1009077.9999999998,1072287.6200858343,CatBoost Regressor
549999.9999999998,799166.6004452407,CatBoost Regressor
749999.9999999998,1443860.7502287363,CatBoost Regressor
1600107.9999999998,1665452.017767111,CatBoost Regressor
349999.9999999997,295632.53285281296,CatBoost Regressor
625000.0000000002,849611.6009063359,CatBoost Regressor
649999.9999999995,502441.5497344353,CatBoost Regressor
859999.9999999997,682786.9955785895,CatBoost Regressor
2429462.000000002,1768312.9195834189,CatBoost Regressor
1103000.000000001,926841.0911349772,CatBoost Regressor
1650000.0000000007,1559996.8207490707,CatBoost Regressor
585000.0000000003,671783.1159003106,CatBoost Regressor
950000.0000000008,848847.5456219304,CatBoost Regressor
434577.0,696052.4631376023,CatBoost Regressor
315999.99999999994,314613.97956202185,CatBoost Regressor
395000.00000000035,538123.6948694439,CatBoost Regressor
1129999.999999999,948230.9868865588,CatBoost Regressor
890000.0000000002,912684.1157988847,CatBoost Regressor
1575000.0000000002,1607535.0252296475,CatBoost Regressor
377999.99999999994,749002.6669011954,CatBoost Regressor
1200000.0000000005,1027776.8040474425,CatBoost Regressor
940000.0000000006,825868.6009797442,CatBoost Regressor
780000.0000000001,428946.6463406282,CatBoost Regressor
1099999.9999999998,1026119.5574506599,CatBoost Regressor
1459999.999999999,1277123.1155716835,CatBoost Regressor
507000.0000000003,1227254.4394529255,CatBoost Regressor
859999.9999999997,725241.8333854424,CatBoost Regressor
249999.9999999998,482710.91771010595,CatBoost Regressor
1144999.9999999998,1080265.6508802779,CatBoost Regressor
369999.99999999977,498441.5677780842,CatBoost Regressor
649428.0000000003,730218.3377967388,CatBoost Regressor
568499.9999999998,561560.8180261374,CatBoost Regressor
1210000.0000000012,1058746.4040929344,CatBoost Regressor
2300000.0,2115150.81924641,CatBoost Regressor
225000.00000000015,299218.36219650065,CatBoost Regressor
1059000.0000000002,1144999.3001630562,CatBoost Regressor
2250000.000000001,727253.9244971985,CatBoost Regressor
230000.0000000001,303903.5381614666,CatBoost Regressor
275000.0000000002,268777.05802123755,CatBoost Regressor
2375000.0,1635043.5660412149,CatBoost Regressor
2603892.999999999,996493.6569170571,CatBoost Regressor
850000.0000000005,742041.4088090562,CatBoost Regressor
2100000.000000001,1358277.0758307523,CatBoost Regressor
449999.99999999994,495191.41600368125,CatBoost Regressor
504999.99999999977,675931.4417655778,CatBoost Regressor
1050479.999999999,1084948.8319408707,CatBoost Regressor
215000.0,230723.21400522804,CatBoost Regressor
900999.9999999997,683111.0415014402,CatBoost Regressor
420000.0,318382.5129744477,CatBoost Regressor
1650000.0000000007,1313484.693301837,CatBoost Regressor
560000.0000000003,579811.9568221539,CatBoost Regressor
1339382.9999999995,1433945.7126876344,CatBoost Regressor
767000.0000000005,618740.8820043933,CatBoost Regressor
449999.99999999994,846098.6473261184,CatBoost Regressor
1175000.0,481695.78417797363,CatBoost Regressor
1869999.9999999993,1389814.1677192894,CatBoost Regressor
998999.9999999995,1035255.2429560162,CatBoost Regressor
739999.9999999999,676920.1699587351,CatBoost Regressor
995000.0,1225436.3660330125,CatBoost Regressor
2425000.000000001,1423905.684826095,CatBoost Regressor
1994702.0000000005,1460906.6245703024,CatBoost Regressor
1450000.0000000002,1634070.8253181602,CatBoost Regressor
764105.0,854074.4169468249,CatBoost Regressor
495000.0000000004,522680.94780237233,CatBoost Regressor
950000.0000000008,1358856.4543372937,CatBoost Regressor
449999.99999999994,561457.6498648515,CatBoost Regressor
979999.9999999997,887858.0633841197,CatBoost Regressor
330000.0000000001,679750.1589523057,CatBoost Regressor
1717999.9999999988,2156369.565678742,CatBoost Regressor
1815000.0000000002,911849.5250651578,CatBoost Regressor
463000.0000000004,346753.3888124432,CatBoost Regressor
616969.9999999995,523465.2017641336,CatBoost Regressor
509999.9999999998,843488.7805524976,CatBoost Regressor
549999.9999999998,632466.1743189365,CatBoost Regressor
435000.0,534302.0581202372,CatBoost Regressor
982736.9999999994,1018733.1417245622,CatBoost Regressor
1395000.0000000007,1010461.7123928219,CatBoost Regressor
850000.0000000005,529413.7116938502,CatBoost Regressor
2480000.0,1707827.3997243096,CatBoost Regressor
2378549.9999999986,1894646.1072500711,CatBoost Regressor
1723892.0000000014,1661255.1938136967,CatBoost Regressor
2700000.0,1733469.228404739,CatBoost Regressor
399999.9999999999,343992.2001875917,CatBoost Regressor
865513.0,716575.7269136765,CatBoost Regressor
498999.9999999996,809327.1507442496,CatBoost Regressor
594999.9999999997,618461.8035353672,CatBoost Regressor
1734883.9999999993,1995614.913293847,CatBoost Regressor
950000.0000000008,573207.7510980323,CatBoost Regressor
1249999.999999999,1327802.2699223452,CatBoost Regressor
1048000.0,801610.7153014516,CatBoost Regressor
560000.0000000003,679983.6059733583,CatBoost Regressor
1405917.000000001,1486425.001990269,CatBoost Regressor
158192.99999999988,202484.58588321484,CatBoost Regressor
1983005.0000000005,1945473.0853906088,CatBoost Regressor
579999.9999999997,488911.43731386185,CatBoost Regressor
496999.9999999997,896381.5550937039,CatBoost Regressor
1150000.0000000005,1446093.2956287442,CatBoost Regressor
265000.00000000006,275493.4811437449,CatBoost Regressor
1458256.0,1874544.5290763644,CatBoost Regressor
618138.0000000005,573422.011970246,CatBoost Regressor
1400000.0000000007,1368567.7576627596,CatBoost Regressor
2208446.0,1898516.5172984332,CatBoost Regressor
1699999.9999999988,1568397.6692950027,CatBoost Regressor
1725934.0000000012,1417026.0918797639,CatBoost Regressor
1389999.9999999988,1449646.291100969,CatBoost Regressor
60000.000000000015,444104.2291595584,CatBoost Regressor
289999.9999999999,261849.4020132317,CatBoost Regressor
845148.0000000005,765769.929426549,CatBoost Regressor
1400000.0000000007,1351192.3817412462,CatBoost Regressor
1509999.9999999993,1214092.2685386685,CatBoost Regressor
945000.0000000006,833116.6977423298,CatBoost Regressor
799999.0000000003,658607.7253753605,CatBoost Regressor
2700000.0,1391487.7043817246,CatBoost Regressor
1899999.9999999993,1041258.9011490196,CatBoost Regressor
780000.0000000001,681147.7388589939,CatBoost Regressor
1260000.0,964387.0842595367,CatBoost Regressor
549999.9999999998,612794.3847048109,CatBoost Regressor
1648014.0,1494307.716710767,CatBoost Regressor
1773000.0000000005,1578567.444586509,CatBoost Regressor
995000.0,978253.8628680565,CatBoost Regressor
1415000.0,1190932.908643238,CatBoost Regressor
2251226.999999999,699659.2028590359,CatBoost Regressor
509999.9999999998,669535.5565479915,CatBoost Regressor
1341131.0000000007,1720935.7000539154,CatBoost Regressor
377165.9999999999,366112.8861369136,CatBoost Regressor
1440824.0,1210481.8111591188,CatBoost Regressor
1907934.9999999986,1878038.608927051,CatBoost Regressor
1262500.0,888385.2285780715,CatBoost Regressor
1427124.9999999995,1178994.9698704688,CatBoost Regressor
299999.99999999977,340275.4342621385,CatBoost Regressor
905000.0000000006,776943.266826985,CatBoost Regressor
1450000.0000000002,1552689.0554731763,CatBoost Regressor
628473.9999999998,574384.0305882334,CatBoost Regressor
2328992.0000000005,2280497.525842585,CatBoost Regressor
299999.99999999977,466683.40867936413,CatBoost Regressor
389000.00000000035,319191.6054870139,CatBoost Regressor
1275000.0000000002,1183259.0503378958,CatBoost Regressor
1438820.0000000005,1636877.59244788,CatBoost Regressor
1446102.9999999993,1330861.1738902666,CatBoost Regressor
625000.0000000002,383809.4096329447,CatBoost Regressor
1346766.9999999998,1299593.129461416,CatBoost Regressor
2159281.999999999,1775447.0521761004,CatBoost Regressor
1625000.0000000012,909338.0056152401,CatBoost Regressor
1325000.0000000007,1167590.4624197432,CatBoost Regressor
820000.0000000005,910747.930575411,CatBoost Regressor
494000.0000000004,510141.3661008878,CatBoost Regressor
1625000.0000000012,1073330.3573780905,CatBoost Regressor
664999.9999999995,687487.7535337746,CatBoost Regressor
674999.9999999998,557806.6818013609,CatBoost Regressor
1310000.000000001,1023771.4164131766,CatBoost Regressor
1027999.9999999995,1157498.117491741,CatBoost Regressor
534999.9999999995,721767.9222098028,CatBoost Regressor
998000.0000000008,809315.0249307877,CatBoost Regressor
896345.0000000006,976568.0957825994,CatBoost Regressor
1676634.0000000005,2053604.7030443908,CatBoost Regressor
1215000.0000000012,744911.723312274,CatBoost Regressor
887914.0000000006,1142500.0574303954,CatBoost Regressor
899999.9999999995,1186017.6089837358,CatBoost Regressor
669999.9999999998,704048.4089961227,CatBoost Regressor
730347.9999999998,906500.9370396219,CatBoost Regressor
364999.99999999977,408207.79109872674,CatBoost Regressor
585000.0000000003,559622.3965138298,CatBoost Regressor
1485000.0000000012,1041995.5784044988,CatBoost Regressor
397999.99999999977,336279.00365961157,CatBoost Regressor
974999.9999999999,971166.136400553,CatBoost Regressor
13999.999999999995,636038.2953021443,CatBoost Regressor
744999.9999999997,601160.6575126912,CatBoost Regressor
610000.0000000005,606022.8336951424,CatBoost Regressor
310000.0000000002,278003.5304974856,CatBoost Regressor
1388131.0000000007,849156.6249196305,CatBoost Regressor
515000.00000000006,831834.6550886686,CatBoost Regressor
1550000.0000000012,1349379.2390771254,CatBoost Regressor
1498999.9999999995,856759.506479124,CatBoost Regressor
830000.0000000005,790090.6321899103,CatBoost Regressor
2750000.0,1959320.0292934699,CatBoost Regressor
590000.0000000003,638676.2387472137,CatBoost Regressor
800000.0000000005,1067798.4967167624,CatBoost Regressor
787999.9999999994,672030.0711024716,CatBoost Regressor
1498008.999999999,1673687.1819412827,CatBoost Regressor
1110000.0000000002,1155099.3740076066,CatBoost Regressor
875000.0,775082.017495603,CatBoost Regressor
880000.0,880133.7871667192,CatBoost Regressor
1029815.9999999992,1005013.9619537418,CatBoost Regressor
759999.9999999999,1291603.5047160098,CatBoost Regressor
880000.0,768056.2062049456,CatBoost Regressor
540000.0000000001,536826.2318594728,CatBoost Regressor
1212500.0,925385.432498799,CatBoost Regressor
2599999.9999999986,1893199.4345661597,CatBoost Regressor
830000.0000000005,620056.0441983216,CatBoost Regressor
925000.0000000007,854493.761619998,CatBoost Regressor
929999.9999999993,509240.167259702,CatBoost Regressor
1845000.0000000002,1821717.321379005,CatBoost Regressor
225000.00000000015,285588.1183646389,CatBoost Regressor
304999.99999999977,516703.4070083785,CatBoost Regressor
529000.0,815756.905716235,CatBoost Regressor
945000.0000000006,696765.6509570447,CatBoost Regressor
499998.9999999997,558877.5285244222,CatBoost Regressor
549999.9999999998,580229.2891577206,CatBoost Regressor
722500.0,691547.5498893285,CatBoost Regressor
547500.0,585908.3331205515,CatBoost Regressor
1350000.0,1148157.339709208,CatBoost Regressor
440000.0000000002,927245.7263244648,CatBoost Regressor
329000.0000000003,786939.4882453479,CatBoost Regressor
1350000.0,1249789.6849730718,CatBoost Regressor
1499999.9999999986,867312.8288353058,CatBoost Regressor
856056.0000000002,958103.5846778766,CatBoost Regressor
355100.99999999994,252648.97683408472,CatBoost Regressor
1492017.9999999995,1912371.6950863819,CatBoost Regressor
150000.00000000006,732456.1106390697,CatBoost Regressor
1200000.0000000005,876755.9009369303,CatBoost Regressor
549999.9999999998,927292.494085802,CatBoost Regressor
2880000.000000001,1229663.3677972232,CatBoost Regressor
520000.0,394038.56232269545,CatBoost Regressor
1368226.0000000005,1562914.4035772667,CatBoost Regressor
2050000.000000001,1445306.3502589879,CatBoost Regressor
362520.0000000003,375260.77307705395,CatBoost Regressor
1299999.9999999993,815945.392458561,CatBoost Regressor
1124999.9999999995,951842.5965487021,CatBoost Regressor
689999.9999999995,937241.4582325742,CatBoost Regressor
397999.99999999977,316609.9395442452,CatBoost Regressor
1998999.9999999981,778086.4372044574,CatBoost Regressor
1275000.0000000002,922494.0316902061,CatBoost Regressor
1099999.9999999998,910956.9877676172,CatBoost Regressor
1749999.9999999998,1424973.0679317024,CatBoost Regressor
1074226.0000000005,1583897.6249729157,CatBoost Regressor
299998.9999999999,233866.23192458064,CatBoost Regressor
1600000.0000000012,1520891.7174372196,CatBoost Regressor
1275000.0000000002,1347395.6833011038,CatBoost Regressor
2695000.0000000014,1811313.0063037465,CatBoost Regressor
863625.0000000005,794832.3372672381,CatBoost Regressor
484999.99999999965,431845.10535082466,CatBoost Regressor
432445.0000000001,503604.9385924926,CatBoost Regressor
733140.0,797872.4562053176,CatBoost Regressor
1620906.9999999998,1409114.6266565232,CatBoost Regressor
777000.0,598195.8088478668,CatBoost Regressor
339999.99999999994,325564.7669399967,CatBoost Regressor
1488888.0000000005,1041590.6970947209,CatBoost Regressor
479000.00000000035,492471.38673637365,CatBoost Regressor
2794999.9999999986,1663274.1992529046,CatBoost Regressor
2238605.9999999995,1341416.625557494,CatBoost Regressor
909999.9999999997,880981.5280901487,CatBoost Regressor
470800.0000000003,584109.4395961807,CatBoost Regressor
2628834.0000000005,2045760.8537994323,CatBoost Regressor
1314999.9999999998,1901055.0807559262,CatBoost Regressor
189999.9999999999,344748.99627162254,CatBoost Regressor
625000.0000000002,712171.1694679455,CatBoost Regressor
800000.0000000005,722166.4405058456,CatBoost Regressor
674999.9999999998,700659.6827548019,CatBoost Regressor
780000.0000000001,722693.1811618062,CatBoost Regressor
510189.99999999994,278779.611159484,CatBoost Regressor
2240000.000000002,1249830.2698146864,CatBoost Regressor
1641999.9999999995,1676496.6079392997,CatBoost Regressor
1061629.9999999993,1086934.293991987,CatBoost Regressor
490000.0,781549.5930811565,CatBoost Regressor
259999.9999999998,304323.15643821,CatBoost Regressor
299999.99999999977,331172.24824402615,CatBoost Regressor
509999.9999999998,754319.6263224693,CatBoost Regressor
449999.99999999994,1047864.1245829444,CatBoost Regressor
620000.0000000005,564868.2027518521,CatBoost Regressor
1276420.9999999988,1286789.3845757372,CatBoost Regressor
899999.9999999995,1197794.6118113347,CatBoost Regressor
2375000.0,1611425.4176142027,CatBoost Regressor
299999.99999999977,315269.0438131246,CatBoost Regressor
1149397.9999999995,1191478.7580046128,CatBoost Regressor
911334.0000000008,1135700.5490509649,CatBoost Regressor
662499.9999999998,1149530.5299024626,CatBoost Regressor
714999.9999999995,1110304.2582157338,CatBoost Regressor
2750000.0,1342902.7582492945,CatBoost Regressor
700000.0000000006,632520.9010988948,CatBoost Regressor
704999.9999999995,533970.905455012,CatBoost Regressor
2794999.9999999986,896121.246922637,CatBoost Regressor
719999.9999999995,680570.75985572,CatBoost Regressor
1685985.9999999993,1621603.3671486168,CatBoost Regressor
335553.99999999994,389996.57218033687,CatBoost Regressor
825000.0000000006,861572.0358580012,CatBoost Regressor
1099999.9999999998,449612.4885535546,CatBoost Regressor
1050000.0000000007,1103012.100554793,CatBoost Regressor
579999.9999999997,822284.1085167764,CatBoost Regressor
825000.0000000006,895410.9267601153,CatBoost Regressor
798999.9999999997,1322933.9216295178,CatBoost Regressor
1716520.0000000002,1569193.8795212195,CatBoost Regressor
708000.0,337832.35350553977,CatBoost Regressor
1298269.0000000012,1135148.8986280493,CatBoost Regressor
998000.0000000008,1018942.9808451899,CatBoost Regressor
725000.0000000006,944192.524908047,CatBoost Regressor
2003208.0,1939641.2869636097,CatBoost Regressor
880000.0,985175.4574586648,CatBoost Regressor
433630.0000000001,394930.0277319984,CatBoost Regressor
1749999.9999999998,1263086.5479977638,CatBoost Regressor
764000.0000000006,526630.4977489595,CatBoost Regressor
1299999.9999999993,1120139.5971503549,CatBoost Regressor
570000.0000000001,757661.7337679673,CatBoost Regressor
809999.9999999995,1047004.0585065226,CatBoost Regressor
371200.0000000002,479869.42056112556,CatBoost Regressor
446999.9999999999,499736.19357677945,CatBoost Regressor
700000.0000000006,901295.8467845889,CatBoost Regressor
1600000.0000000012,687420.4433815457,CatBoost Regressor
735000.0000000005,623403.5531446798,CatBoost Regressor
715952.9999999999,682075.4964320477,CatBoost Regressor
1021352.0000000008,1040363.1507760705,CatBoost Regressor
1845610.0000000005,1366831.157554108,CatBoost Regressor
979999.9999999997,894406.0861996361,CatBoost Regressor
875000.0,807265.9646458534,CatBoost Regressor
685000.0000000005,725068.0893429965,CatBoost Regressor
466439.9999999997,442013.3136744853,CatBoost Regressor
877500.0000000003,837855.3530531228,CatBoost Regressor
1650000.0000000007,1673092.01570505,CatBoost Regressor
1220000.0000000002,1426896.6676715442,CatBoost Regressor
884999.9999999998,662660.1256167066,CatBoost Regressor
2750000.0,1408262.0376597932,CatBoost Regressor
258367.00000000003,664939.6953924143,CatBoost Regressor
1075000.0,1430239.217804516,CatBoost Regressor
579999.9999999997,392935.0376361937,CatBoost Regressor
2464999.999999998,842897.3820291944,CatBoost Regressor
1440824.0,1149397.3108248536,CatBoost Regressor
962500.0000000008,860491.8898636799,CatBoost Regressor
1519999.9999999998,909309.5460399978,CatBoost Regressor
929999.9999999993,923426.6023670434,CatBoost Regressor
1350000.0,1124630.3623188992,CatBoost Regressor
657999.9999999998,547121.1273177712,CatBoost Regressor
2800000.000000002,2078710.5884881222,CatBoost Regressor
440000.0000000002,1311122.3137326278,CatBoost Regressor
2900000.0000000014,1565604.1345422927,CatBoost Regressor
1400000.0000000007,1042596.4654390098,CatBoost Regressor
1800000.000000001,1055669.6796864702,CatBoost Regressor
494000.0000000004,342590.1798265881,CatBoost Regressor
1425000.0000000007,909089.4450709377,CatBoost Regressor
744999.9999999997,655049.94462169,CatBoost Regressor
606999.9999999995,391330.6848279786,CatBoost Regressor
1699451.0000000012,1787344.4581467223,CatBoost Regressor
1099999.9999999998,1227408.0407420022,CatBoost Regressor
725000.0000000006,895533.9843692695,CatBoost Regressor
1688715.0000000014,1763299.8507774316,CatBoost Regressor
1270000.0000000002,1416193.485683589,CatBoost Regressor
680000.0000000003,649976.7237735312,CatBoost Regressor
280000.0,283336.97351870907,CatBoost Regressor
859999.9999999997,798849.1791406379,CatBoost Regressor
1400000.0000000007,1014977.8616419709,CatBoost Regressor
744999.9999999997,748644.5844494472,CatBoost Regressor
1211249.9999999998,1005601.9748281842,CatBoost Regressor
2474999.999999999,865950.9629907683,CatBoost Regressor
997885.0000000003,902251.0030615014,CatBoost Regressor
662280.0000000003,541430.2811942074,CatBoost Regressor
950000.0000000008,906600.3319366612,CatBoost Regressor
360000.0000000001,796985.6371667627,CatBoost Regressor
998999.9999999995,756246.3814608196,CatBoost Regressor
1121582.0000000002,1071706.4828567305,CatBoost Regressor
735999.9999999995,657889.9744680257,CatBoost Regressor
299000.00000000006,367984.5649330801,CatBoost Regressor
604999.9999999998,500625.7046555815,CatBoost Regressor
460000.0000000002,439194.2453553007,CatBoost Regressor
725000.0000000006,618149.746429987,CatBoost Regressor
706999.9999999994,1007601.58004647,CatBoost Regressor
630190.9999999999,587756.5926635752,CatBoost Regressor
674999.9999999998,545543.1599225954,CatBoost Regressor
1374999.999999999,1067799.4142241615,CatBoost Regressor
490000.0,328723.26807493396,CatBoost Regressor
974999.9999999999,1179420.0265676572,CatBoost Regressor
725000.0000000006,779534.0637711749,CatBoost Regressor
899999.9999999995,823062.9304219893,CatBoost Regressor
1998999.9999999981,1080547.5252967402,CatBoost Regressor
2084160.0000000012,2163287.016884251,CatBoost Regressor
1210000.0000000012,1242806.6627018098,CatBoost Regressor
1268113.0000000007,1259663.9789851008,CatBoost Regressor
2800000.000000002,1656914.4851969515,CatBoost Regressor
85120.00000000003,532406.4042712415,CatBoost Regressor
1013373.0000000007,907563.9487350145,CatBoost Regressor
1249999.999999999,1137163.9483262342,CatBoost Regressor
2335000.0,1745375.2296268346,CatBoost Regressor
995000.0,1423441.2669596912,CatBoost Regressor
1648999.9999999993,1454435.7790906185,CatBoost Regressor
1205992.999999999,1378714.4591924502,CatBoost Regressor
512401.0000000001,1036254.4861701952,CatBoost Regressor
2300000.0,1581660.4262432803,CatBoost Regressor
524398.9999999999,638143.7360761069,CatBoost Regressor
899999.9999999995,1399632.672420687,CatBoost Regressor
820000.0000000005,651140.1399989637,CatBoost Regressor
997749.0000000006,984403.9208212292,CatBoost Regressor
749999.9999999998,1075070.9521097431,CatBoost Regressor
2150000.0,1053163.0333917788,CatBoost Regressor
995000.0,797616.4393608605,CatBoost Regressor
249999.9999999998,271277.85018833796,CatBoost Regressor
198106.00000000012,136857.7035897524,CatBoost Regressor
496500.0000000001,693760.1563339646,CatBoost Regressor
440000.0000000002,322006.8315523674,CatBoost Regressor
449999.99999999994,659032.446297185,CatBoost Regressor
915000.0000000002,614371.7252011161,CatBoost Regressor
379000.0000000002,297802.3585132534,CatBoost Regressor
1479999.999999999,780486.9347804023,CatBoost Regressor
1112725.0000000005,1217995.0586063946,CatBoost Regressor
764700.9999999995,885648.3515984837,CatBoost Regressor
927071.0000000005,691522.5898497297,CatBoost Regressor
1789999.9999999988,1673689.397548931,CatBoost Regressor
2526000.000000001,1297069.2601046178,CatBoost Regressor
998999.9999999995,1200749.6306035095,CatBoost Regressor
1099999.9999999998,948241.7629505122,CatBoost Regressor
1436988.9999999993,1442957.3500690456,CatBoost Regressor
938000.0000000002,861603.8713443907,CatBoost Regressor
1125263.0,1006601.9835287213,CatBoost Regressor
1035000.0000000001,1330166.144237197,CatBoost Regressor
1509999.9999999993,1452956.9733913213,CatBoost Regressor
638978.0000000002,728290.9167359102,CatBoost Regressor
2300000.0,1030440.7591199947,CatBoost Regressor
620000.0000000005,959988.300733966,CatBoost Regressor
899999.9999999995,956399.7974456466,CatBoost Regressor
700000.0000000006,668315.9589825661,CatBoost Regressor
2280000.0,1168274.1780091745,CatBoost Regressor
409999.9999999997,744578.284442289,CatBoost Regressor
546999.9999999999,275260.69812654733,CatBoost Regressor
1883762.9999999986,2061404.2524531444,CatBoost Regressor
570000.0000000001,890866.106077802,CatBoost Regressor
1400000.0000000007,1523957.6162289511,CatBoost Regressor
324999.9999999999,976287.2189189135,CatBoost Regressor
2499999.9999999995,1429784.8825013563,CatBoost Regressor
208937.00000000003,351958.29146856297,CatBoost Regressor
755000.0000000005,688733.4673308161,CatBoost Regressor
549999.9999999998,958804.534840559,CatBoost Regressor
924569.9999999993,980595.019348828,CatBoost Regressor
60000.000000000015,293028.8895869215,CatBoost Regressor
1279999.9999999988,987291.004722426,CatBoost Regressor
864999.9999999994,691590.8827181908,CatBoost Regressor
549999.9999999998,788693.1743986912,CatBoost Regressor
1600000.0000000012,1376031.372274801,CatBoost Regressor
399999.9999999999,317680.4921455368,CatBoost Regressor
785000.0000000006,722209.8178699161,CatBoost Regressor
834999.9999999998,663167.9418897989,CatBoost Regressor
457499.99999999994,920159.9107868361,CatBoost Regressor
444999.9999999997,589249.9380308327,CatBoost Regressor
449999.99999999994,445106.50525192445,CatBoost Regressor
894752.0000000008,1460398.211055466,CatBoost Regressor
1030000.0,963899.1336779539,CatBoost Regressor
1380000.0000000005,1178761.9072451312,CatBoost Regressor
1099999.9999999998,946942.8491187047,CatBoost Regressor
425000.0000000002,670764.7835029959,CatBoost Regressor
1308590.0000000007,1284123.0453542322,CatBoost Regressor
772000.0000000001,785139.1058275535,CatBoost Regressor
1200000.0000000005,941384.5251121458,CatBoost Regressor
693000.0000000005,620894.2059095023,CatBoost Regressor
960000.0000000006,686157.9283100547,CatBoost Regressor
974999.9999999999,607091.3700851507,CatBoost Regressor
504000.00000000023,837662.1322577983,CatBoost Regressor
814999.9999999993,996528.1882157739,CatBoost Regressor
435000.0,1211906.6732660115,CatBoost Regressor
1447043.0000000007,1631685.6300753306,CatBoost Regressor
1726077.999999999,1708923.5392650168,CatBoost Regressor
435999.99999999965,314613.97956202185,CatBoost Regressor
499999.99999999977,957228.3272614443,CatBoost Regressor
585000.0000000003,480195.7025125588,CatBoost Regressor
2188146.0,1871682.8328848444,CatBoost Regressor
1734999.9999999986,1490234.726543695,CatBoost Regressor
969999.9999999999,975282.0759277164,CatBoost Regressor
1426697.9999999995,1544648.999951421,CatBoost Regressor
26999.999999999978,760248.596154161,CatBoost Regressor
1849999.9999999995,2015916.897663848,CatBoost Regressor
790000.0000000003,1016132.9289031356,CatBoost Regressor
575000.0000000001,653407.2338327639,CatBoost Regressor
1299999.9999999993,964841.889303504,CatBoost Regressor
1910000.0000000005,1793590.2190909793,CatBoost Regressor
505986.0000000003,660910.9853960155,CatBoost Regressor
351000.0000000001,1231385.7861602202,CatBoost Regressor
830000.0000000005,686547.0796677074,CatBoost Regressor
540000.0000000001,661173.516691842,CatBoost Regressor
525000.0000000003,741828.5925897969,CatBoost Regressor
2039999.9999999998,1717654.118073882,CatBoost Regressor
830000.0000000005,909417.155162646,CatBoost Regressor
725000.0000000006,555282.8109861328,CatBoost Regressor
590000.0000000003,1211829.0630103538,CatBoost Regressor
2025000.0000000014,860803.3911421859,CatBoost Regressor
364999.99999999977,546152.9812220082,CatBoost Regressor
1279999.9999999988,1152095.285308583,CatBoost Regressor
859999.9999999997,593936.7589292539,CatBoost Regressor
344999.9999999997,311244.5310940982,CatBoost Regressor
998999.9999999995,949153.6054044316,CatBoost Regressor
2185000.0,1990136.7340458224,CatBoost Regressor
1684965.9999999998,1457815.457077231,CatBoost Regressor
235000.0,293798.13920919236,CatBoost Regressor
2000000.0000000016,891463.2801976174,CatBoost Regressor
1495000.000000001,1089413.459727926,CatBoost Regressor
449999.99999999994,554411.6032314476,CatBoost Regressor
897999.9999999995,881935.4341190197,CatBoost Regressor
555000.0000000002,697728.8284505036,CatBoost Regressor
557499.9999999999,775776.6341900988,CatBoost Regressor
669049.9999999995,776229.6596739161,CatBoost Regressor
1035097.0000000001,1032586.2665360419,CatBoost Regressor
1957702.999999999,1115396.1076748776,CatBoost Regressor
399999.9999999999,873103.7693106075,CatBoost Regressor
1888907.9999999995,1216611.1243636347,CatBoost Regressor
199999.99999999997,1162699.9248738426,CatBoost Regressor
919999.9999999998,831440.023737752,CatBoost Regressor
495000.0000000004,488043.8628466139,CatBoost Regressor
995000.0,789248.1277761059,CatBoost Regressor
1684999.9999999988,756718.2279100877,CatBoost Regressor
2849999.999999999,1757809.2708786235,CatBoost Regressor
714999.9999999995,757273.8434525423,CatBoost Regressor
1169999.9999999998,1058850.8310628429,CatBoost Regressor
725000.0000000006,807041.3438152361,CatBoost Regressor
339999.99999999994,348129.5431592497,CatBoost Regressor
526434.9999999999,711178.5746067959,CatBoost Regressor
780000.0000000001,602147.6529672995,CatBoost Regressor
714999.9999999995,518464.31164992694,CatBoost Regressor
579999.9999999997,443758.9551654205,CatBoost Regressor
1172267.9999999995,1354803.9697605078,CatBoost Regressor
678000.0000000002,571062.201792322,CatBoost Regressor
625000.0000000002,801856.9617068134,CatBoost Regressor
1529999.9999999988,1297099.072535344,CatBoost Regressor
230000.0000000001,277200.85838235746,CatBoost Regressor
474999.99999999977,206660.91356516056,CatBoost Regressor
575000.0000000001,739871.0031426569,CatBoost Regressor
360000.0000000001,349923.4104090196,CatBoost Regressor
999990.0000000002,758617.1033512305,CatBoost Regressor
915000.0000000002,696151.4509484748,CatBoost Regressor
1432465.9999999998,1501803.0380835584,CatBoost Regressor
844999.9999999993,1126349.4440370866,CatBoost Regressor
820000.0000000005,639473.0246114151,CatBoost Regressor
649000.0000000006,609219.8255325173,CatBoost Regressor
2800000.000000002,1316857.90733445,CatBoost Regressor
109999.99999999991,455143.22180969885,CatBoost Regressor
265000.00000000006,201919.15188858466,CatBoost Regressor
1849999.9999999995,919156.2507500832,CatBoost Regressor
525000.0000000003,380333.1824976422,CatBoost Regressor
899999.9999999995,1252898.444177345,CatBoost Regressor
1818000.0000000012,1266937.5850477815,CatBoost Regressor
1499999.9999999986,1404907.3519581095,CatBoost Regressor
490000.0,707562.2110908261,CatBoost Regressor
344999.9999999997,541560.2223829142,CatBoost Regressor
1499999.9999999986,1471444.0717726497,CatBoost Regressor
1329999.9999999998,961392.6643163032,CatBoost Regressor
749999.9999999998,736264.7678499111,CatBoost Regressor
1434999.9999999993,1146382.061240799,CatBoost Regressor
850000.0000000005,874425.4538884311,CatBoost Regressor
1035000.0000000001,1029447.9857284573,CatBoost Regressor
2199999.9999999995,1708336.5801518995,CatBoost Regressor
1249999.999999999,920680.7617966575,CatBoost Regressor
349999.9999999997,326542.70390987233,CatBoost Regressor
1150000.0000000005,1171808.8022318415,CatBoost Regressor
1179999.9999999993,1499485.912707786,CatBoost Regressor
230000.0000000001,288807.58485233696,CatBoost Regressor
275000.0000000002,728869.158579814,CatBoost Regressor
989999.9999999992,1256529.667231528,CatBoost Regressor
875000.0,793230.9212532041,CatBoost Regressor
995000.0,1025551.4109687846,CatBoost Regressor
1249999.999999999,1141339.7405646704,CatBoost Regressor
682999.9999999995,709337.2243050927,CatBoost Regressor
100000.00000000004,183724.65594403227,CatBoost Regressor
1099999.9999999998,1129316.8919394207,CatBoost Regressor
1210000.0000000012,1138506.037536431,CatBoost Regressor
590000.0000000003,1091895.4479948552,CatBoost Regressor
974999.9999999999,999347.0521718257,CatBoost Regressor
890000.0000000002,733337.160840117,CatBoost Regressor
945000.0000000006,1146590.0779706223,CatBoost Regressor
719951.9999999994,582680.6235691665,CatBoost Regressor
515000.00000000006,774652.6732102092,CatBoost Regressor
1450000.0000000002,987842.8806308706,CatBoost Regressor
278000.0000000002,271412.51765717455,CatBoost Regressor
1387000.0000000005,1230814.3407814188,CatBoost Regressor
474999.99999999977,963375.2236143927,CatBoost Regressor
2300000.0,1512255.5791867338,CatBoost Regressor
628999.9999999997,528093.2118929821,CatBoost Regressor
950000.0000000008,870966.0607251752,CatBoost Regressor
1128269.9999999993,1253675.4128192845,CatBoost Regressor
649999.9999999995,1203069.2864980819,CatBoost Regressor
299999.99999999977,400950.42718573456,CatBoost Regressor
834999.9999999998,792917.6725469015,CatBoost Regressor
980044.0000000007,963556.3396616512,CatBoost Regressor
960000.0000000006,992404.921403101,CatBoost Regressor
1190000.0000000002,816749.7793366283,CatBoost Regressor
369999.99999999977,610335.876030186,CatBoost Regressor
585000.0000000003,380938.0325235658,CatBoost Regressor
99053.00000000004,292876.1632123775,CatBoost Regressor
588000.0,499903.19020532357,CatBoost Regressor
700000.0000000006,595500.0019946119,CatBoost Regressor
555000.0000000002,1216466.0261465523,CatBoost Regressor
289998.9999999999,240744.99803034795,CatBoost Regressor
2355000.000000002,1298379.4179209347,CatBoost Regressor
695000.0,1125070.1277989775,CatBoost Regressor
1140000.0000000002,962580.6021380222,CatBoost Regressor
1338000.000000001,1324534.6199708558,CatBoost Regressor
2199999.9999999995,1463079.8554396327,CatBoost Regressor
775000.0000000007,308897.52155352564,CatBoost Regressor
800000.0000000005,705072.0839837292,CatBoost Regressor
987999.9999999995,882608.2270966112,CatBoost Regressor
809999.9999999995,847991.4978575647,CatBoost Regressor
925000.0000000007,389595.797694752,CatBoost Regressor
339999.99999999994,451979.25617261505,CatBoost Regressor
1577149.0000000012,1582516.0955401242,CatBoost Regressor
1749999.9999999998,1724407.6235986054,CatBoost Regressor
579999.9999999997,827605.4545055875,CatBoost Regressor
710000.0,922882.0192825589,CatBoost Regressor
560038.0000000002,559737.2473149683,CatBoost Regressor
1709999.9999999998,1097159.1478292206,CatBoost Regressor
649800.0000000005,624664.5471508695,CatBoost Regressor
425000.0000000002,288960.68079567736,CatBoost Regressor
850000.0000000005,865134.7468547531,CatBoost Regressor
1173672.9999999998,1212760.07605899,CatBoost Regressor
205000.0,266792.91093366686,CatBoost Regressor
1099999.9999999998,1253618.0373180632,CatBoost Regressor
1405185.000000001,1053128.4432863956,CatBoost Regressor
2125000.0000000014,1770405.3004973237,CatBoost Regressor
278000.0000000002,257910.87689362717,CatBoost Regressor
769999.9999999997,943147.3356108238,CatBoost Regressor
995000.0,746269.2398615147,CatBoost Regressor
306799.99999999977,369836.3373558623,CatBoost Regressor
1615000.0000000007,1570556.698972799,CatBoost Regressor
1179999.9999999993,1128883.0612890283,CatBoost Regressor
725000.0000000006,754476.4026255433,CatBoost Regressor
986999.9999999992,881911.8094783,CatBoost Regressor
1408856.0,1387680.0980616454,CatBoost Regressor
485999.9999999996,391866.33377412724,CatBoost Regressor
1231499.9999999998,683758.2912428293,CatBoost Regressor
1000234.9999999992,1249529.809066451,CatBoost Regressor
785000.0000000006,784772.1059283975,CatBoost Regressor
820000.0000000005,935968.2888888812,CatBoost Regressor
499999.99999999977,553273.8684569263,CatBoost Regressor
1090000.0000000002,1354914.5232113819,CatBoost Regressor
405000.0000000001,1117599.4104394298,CatBoost Regressor
749999.9999999998,1187162.8245621943,CatBoost Regressor
899999.9999999995,1144241.9164156972,CatBoost Regressor
1325000.0000000007,738758.0391872254,CatBoost Regressor
691124.9999999994,992120.0289303283,CatBoost Regressor
1699999.9999999988,1392015.968785103,CatBoost Regressor
610000.0000000005,1443387.5074558326,CatBoost Regressor
2199999.9999999995,872731.8422695557,CatBoost Regressor
949000.0000000002,745860.602387873,CatBoost Regressor
804999.9999999993,929752.3971315916,CatBoost Regressor
887894.0000000003,944933.590073873,CatBoost Regressor
282499.99999999977,321910.66287003155,CatBoost Regressor
1099999.9999999998,1048592.3753393593,CatBoost Regressor
379999.9999999999,346827.85521827004,CatBoost Regressor
1774999.9999999986,1431907.3185184745,CatBoost Regressor
330000.0000000001,304992.2983010238,CatBoost Regressor
620000.0000000005,693999.9917271044,CatBoost Regressor
1590000.000000001,1486934.927350274,CatBoost Regressor
504999.99999999977,345048.7267152258,CatBoost Regressor
364000.00000000006,323638.4687550777,CatBoost Regressor
620000.0000000005,834889.2488242462,CatBoost Regressor
639999.9999999998,674083.9015935763,CatBoost Regressor
2100000.000000001,917588.9674659796,CatBoost Regressor
895000.0000000007,1191832.210250592,CatBoost Regressor
302999.9999999998,516482.71400188364,CatBoost Regressor
1600000.0000000012,1167564.7483653224,CatBoost Regressor
1106460.9999999993,1180371.8443548093,CatBoost Regressor
1120293.0000000005,1153354.7597945842,CatBoost Regressor
351730.0000000002,654019.7720199936,CatBoost Regressor
540000.0000000001,489066.97911376966,CatBoost Regressor
570000.0000000001,662234.2396779299,CatBoost Regressor
1160000.0000000002,1134657.7200832579,CatBoost Regressor
687747.9999999999,850828.9008365313,CatBoost Regressor
2240000.000000002,995820.8599837064,CatBoost Regressor
643500.0000000003,627743.6595399566,CatBoost Regressor
1499999.9999999986,1416003.7391307226,CatBoost Regressor
1297999.9999999988,911080.3681278175,CatBoost Regressor
2289999.9999999995,1207348.0858373975,CatBoost Regressor
449999.99999999994,287553.91771495825,CatBoost Regressor
349999.9999999997,346716.9535773692,CatBoost Regressor
2349999.999999999,850689.6822908961,CatBoost Regressor
308000.0000000001,322130.5278414747,CatBoost Regressor
857999.9999999999,732873.8335952122,CatBoost Regressor
189999.9999999999,263014.6898148057,CatBoost Regressor
812345.9999999995,688202.3902233905,CatBoost Regressor
1816783.9999999986,1937195.6776508037,CatBoost Regressor
2100000.000000001,1181907.6905884913,CatBoost Regressor
729999.9999999998,670292.5035091436,CatBoost Regressor
465000.00000000023,749706.5329669375,CatBoost Regressor
960000.0000000006,689752.3054172085,CatBoost Regressor
1595000.0000000007,807608.9296901241,CatBoost Regressor
312000.0000000001,370066.4090450824,CatBoost Regressor
259999.9999999998,346618.00320965116,CatBoost Regressor
1304999.9999999993,882821.1159446874,CatBoost Regressor
2672999.9999999977,982125.6822369784,CatBoost Regressor
1299999.9999999993,923436.7476493941,CatBoost Regressor
363750.0000000003,807472.7167598068,CatBoost Regressor
830000.0000000005,961356.4349983354,CatBoost Regressor
2400000.000000001,777900.9207096136,CatBoost Regressor
925000.0000000007,689675.7483612935,CatBoost Regressor
1450000.0000000002,748364.8745877882,CatBoost Regressor
746000.0,745868.2649571814,CatBoost Regressor
395000.00000000035,303580.94630453136,CatBoost Regressor
1600000.0000000012,912274.3043551819,CatBoost Regressor
549999.9999999998,349781.82797459164,CatBoost Regressor
1499999.9999999986,1123872.7195788114,CatBoost Regressor
2490000.0000000005,1976772.5377195347,CatBoost Regressor
850000.0000000005,644727.0597971602,CatBoost Regressor
800000.0000000005,945513.6472850618,CatBoost Regressor
1064250.0,1116850.0072968167,CatBoost Regressor
649999.9999999995,545564.3109933579,CatBoost Regressor
1486183.0000000005,1210852.2624841658,CatBoost Regressor
133000.00000000012,367597.3920042966,CatBoost Regressor
924500.0000000007,559116.946747983,CatBoost Regressor
2349999.999999999,1579112.6456265822,CatBoost Regressor
979999.9999999997,1384401.7514856579,CatBoost Regressor
520000.0,553388.0592776334,CatBoost Regressor
768999.9999999997,796022.5028486506,CatBoost Regressor
460000.0000000002,709101.5919161136,CatBoost Regressor
2220478.999999998,1712967.7510777714,CatBoost Regressor
570000.0000000001,579037.4414609001,CatBoost Regressor
2174999.999999999,1440440.3862915465,CatBoost Regressor
639999.9999999998,673975.6918606845,CatBoost Regressor
1030000.0,924857.1581211156,CatBoost Regressor
1838721.0000000012,1548436.758346507,CatBoost Regressor
925000.0000000007,679793.0150058611,CatBoost Regressor
669999.9999999998,621759.7149729959,CatBoost Regressor
2167324.000000002,1846642.1213846174,CatBoost Regressor
310000.0000000002,327188.4652821173,CatBoost Regressor
649999.9999999995,1026788.3787088675,CatBoost Regressor
956000.0000000003,804459.6955106532,CatBoost Regressor
1169999.9999999998,1211796.8307664206,CatBoost Regressor
1714999.999999999,1467242.9440048381,CatBoost Regressor
708000.0,898044.1119024738,CatBoost Regressor
570000.0000000001,339871.5642659733,CatBoost Regressor
880000.0,807678.0223314409,CatBoost Regressor
700000.0000000006,568054.3557616628,CatBoost Regressor
1031000.0000000002,914537.1111352738,CatBoost Regressor
600000.0000000003,535692.9852499283,CatBoost Regressor
840000.0000000005,1551143.2039198556,CatBoost Regressor
1024999.9999999995,786946.623263391,CatBoost Regressor
1243001.999999999,1248836.0623399424,CatBoost Regressor
1711302.000000001,1793676.1117117452,CatBoost Regressor
785000.0000000006,599693.8146336691,CatBoost Regressor
225000.00000000015,261529.0624308622,CatBoost Regressor
90000.00000000001,165525.43459628668,CatBoost Regressor
840000.0000000005,785032.1903219242,CatBoost Regressor
2769999.999999998,1744435.9077951259,CatBoost Regressor
1124999.9999999995,989757.7984720658,CatBoost Regressor
1749999.9999999998,1692052.1516163219,CatBoost Regressor
469999.9999999998,868172.2327688964,CatBoost Regressor
2030423.9999999998,1750565.0438475907,CatBoost Regressor
1800000.000000001,1073885.651321942,CatBoost Regressor
484999.99999999965,265813.1827776075,CatBoost Regressor
1800000.000000001,1181110.4354798917,CatBoost Regressor
950000.0000000008,674084.3797181038,CatBoost Regressor
850000.0000000005,646839.2624260787,CatBoost Regressor
1200000.0000000005,1330110.5085978769,CatBoost Regressor
800000.0000000005,1088295.2979671974,CatBoost Regressor
1360000.0000000002,1430173.6818848283,CatBoost Regressor
275799.9999999999,259956.27408621693,CatBoost Regressor
487604.99999999994,376256.2526106289,CatBoost Regressor
449999.99999999994,1478205.4174938158,CatBoost Regressor
1490000.0000000002,1360929.7538003416,CatBoost Regressor
490000.0,457368.40748531156,CatBoost Regressor
1930000.0000000014,1752935.7480484126,CatBoost Regressor
1340000.0000000002,784609.1887792499,CatBoost Regressor
449999.99999999994,311593.1726260029,CatBoost Regressor
514216.0,585796.1846600281,CatBoost Regressor
1461333.000000001,785587.9636939286,CatBoost Regressor
998999.9999999995,944418.8183131703,CatBoost Regressor
1050000.0000000007,917793.5984299972,CatBoost Regressor
1263603.000000001,1657280.1427438108,CatBoost Regressor
344999.9999999997,313028.0818117019,CatBoost Regressor
385000.00000000023,323800.2809887651,CatBoost Regressor
950000.0000000008,778632.2599000062,CatBoost Regressor
654999.9999999995,623300.3284841342,CatBoost Regressor
460000.0000000002,1288954.1233191744,CatBoost Regressor
2824999.999999998,1478170.9934786607,CatBoost Regressor
639999.9999999998,551020.6596038137,CatBoost Regressor
1451911.0,1052489.1281555365,CatBoost Regressor
1800000.000000001,1319535.9233184566,CatBoost Regressor
390000.00000000035,999219.5660158799,CatBoost Regressor
737500.0000000005,751440.8757865787,CatBoost Regressor
1194875.0000000005,1242850.5605289598,CatBoost Regressor
753504.9999999999,1117379.2778494675,CatBoost Regressor
324999.9999999999,330037.18979819777,CatBoost Regressor
1499999.9999999986,1390019.7468877258,CatBoost Regressor
649999.9999999995,483940.53187736485,CatBoost Regressor
364999.99999999977,381051.4708200745,CatBoost Regressor
963078.0,873505.3111215079,CatBoost Regressor
42500.00000000003,68548.21922700002,CatBoost Regressor
958354.0000000003,840817.0476160189,CatBoost Regressor
2900000.0000000014,1849734.795595063,CatBoost Regressor
1451325.0,1296234.1580598485,CatBoost Regressor
610000.0000000005,496837.1867775207,CatBoost Regressor
465000.00000000023,876667.51600784,CatBoost Regressor
2875000.000000001,1965463.6018494652,CatBoost Regressor
230000.0000000001,280517.0847476687,CatBoost Regressor
501930.0000000003,513228.0402970659,CatBoost Regressor
998999.9999999995,1334355.2124068076,CatBoost Regressor
198311.99999999994,198764.37420762447,CatBoost Regressor
474999.99999999977,303097.7310103648,CatBoost Regressor
1816782.0000000005,1937195.6776508037,CatBoost Regressor
375000.00000000006,327270.40045508265,CatBoost Regressor
962500.0000000008,1001751.0987059127,CatBoost Regressor
409999.9999999997,699413.6741567542,CatBoost Regressor
919999.9999999998,924240.4332558734,CatBoost Regressor
192659.99999999994,432671.64646414045,CatBoost Regressor
775000.0000000007,499040.7361314299,CatBoost Regressor
1220000.0000000002,1093676.4223752203,CatBoost Regressor
2191552.0000000014,1933111.010646977,CatBoost Regressor
434994.9999999997,600252.3924860762,CatBoost Regressor
346000.0,330809.0405053538,CatBoost Regressor
579999.9999999997,631256.3781522254,CatBoost Regressor
1749999.9999999998,939039.5884850087,CatBoost Regressor
1380000.0000000005,1364243.652313902,CatBoost Regressor
177000.00000000006,826827.3716695213,CatBoost Regressor
1320000.000000001,1321652.622456237,CatBoost Regressor
974999.9999999999,1086353.5405940919,CatBoost Regressor
850000.0000000005,993049.7857986029,CatBoost Regressor
1949999.999999999,1564087.3979079914,CatBoost Regressor
265000.00000000006,318816.69375835394,CatBoost Regressor
2275000.000000001,1269359.5304451492,CatBoost Regressor
602000.0000000005,365768.0802119554,CatBoost Regressor
1199998.9999999998,883415.6297537492,CatBoost Regressor
920827.0,1147347.1010782686,CatBoost Regressor
625000.0000000002,379506.21712950163,CatBoost Regressor
399999.9999999999,782510.8533759473,CatBoost Regressor
162000.00000000012,336836.86747887806,CatBoost Regressor
499990.00000000023,762430.1469731875,CatBoost Regressor
737999.9999999997,630481.3147837896,CatBoost Regressor
308266.99999999994,298756.4217198272,CatBoost Regressor
1090399.9999999993,825799.4736325832,CatBoost Regressor
1699999.9999999988,1363440.6610430551,CatBoost Regressor
2674999.9999999995,995293.2857621815,CatBoost Regressor
1699999.9999999988,1525887.4984766725,CatBoost Regressor
484999.99999999965,828752.4543854842,CatBoost Regressor
2375000.0,1519105.786139359,CatBoost Regressor
2050000.000000001,949805.517016529,CatBoost Regressor
2199999.9999999995,1123079.768053433,CatBoost Regressor
645000.0,545546.4583284693,CatBoost Regressor
898999.9999999995,1058648.826929053,CatBoost Regressor
1995000.0,1957511.8777520868,CatBoost Regressor
1200000.0000000005,981025.4882737806,CatBoost Regressor
1380000.0000000005,992654.3540513812,CatBoost Regressor
2674999.9999999995,1822166.9663955017,CatBoost Regressor
709009.9999999997,761543.2159453038,CatBoost Regressor
870000.0000000006,1006330.6323546206,CatBoost Regressor
850000.0000000005,936206.0840157354,CatBoost Regressor
1120000.0000000005,996175.7544526819,CatBoost Regressor
820000.0000000005,811166.3575866658,CatBoost Regressor
1127999.9999999993,1061570.627845044,CatBoost Regressor
809999.9999999995,661518.9485646656,CatBoost Regressor
549899.9999999998,505399.6085978881,CatBoost Regressor
1662900.000000001,1473441.8450602447,CatBoost Regressor
563092.0,812847.2282944139,CatBoost Regressor
1150000.0000000005,1135432.2958408275,CatBoost Regressor
585000.0000000003,556605.4669977525,CatBoost Regressor
1124999.9999999995,1022311.7907322543,CatBoost Regressor
615000.0,560543.3885771977,CatBoost Regressor
399999.9999999999,359754.95346646674,CatBoost Regressor
520000.0,651489.8340945714,CatBoost Regressor
324999.9999999999,261723.2812242779,CatBoost Regressor
797715.9999999995,837923.0866794067,CatBoost Regressor
948499.9999999999,907864.4938959919,CatBoost Regressor
844999.9999999993,772508.9376412713,CatBoost Regressor
989999.9999999992,1042311.6200196701,CatBoost Regressor
2649999.999999999,1652816.0620406235,CatBoost Regressor
549162.9999999997,693130.8175426972,CatBoost Regressor
1729999.9999999995,1189488.399477064,CatBoost Regressor
999899.9999999997,1146129.6766977583,CatBoost Regressor
175000.00000000012,258047.53461017812,CatBoost Regressor
825000.0000000006,679551.5132470137,CatBoost Regressor
525000.0000000003,537734.3018589535,CatBoost Regressor
530000.0000000003,361859.12935036834,CatBoost Regressor
415000.00000000006,319492.44489864877,CatBoost Regressor
1099999.9999999998,1017379.7094301746,CatBoost Regressor
825000.0000000006,614418.324668975,CatBoost Regressor
399999.9999999999,645917.4875407567,CatBoost Regressor
729999.9999999998,719309.0573480498,CatBoost Regressor
744999.9999999997,1044841.4141067858,CatBoost Regressor
1719999.9999999998,1123626.0244791093,CatBoost Regressor
593608.9999999995,706711.3405114455,CatBoost Regressor
1394325.9999999993,1459737.2428988847,CatBoost Regressor
1570000.0000000005,1007670.1556419496,CatBoost Regressor
379639.0000000002,369169.2054929226,CatBoost Regressor
620000.0000000005,504528.4502212642,CatBoost Regressor
287999.9999999999,306673.55013903277,CatBoost Regressor
1364999.9999999993,1293298.2194720146,CatBoost Regressor
687319.0000000002,1289757.9638173457,CatBoost Regressor
515000.00000000006,818285.846243161,CatBoost Regressor
1725000.0000000005,1279808.0629277835,CatBoost Regressor
834999.9999999998,1312525.4507838916,CatBoost Regressor
1849999.9999999995,1260653.9849572747,CatBoost Regressor
693000.0000000005,583908.7383460234,CatBoost Regressor
995000.0,1152095.285308583,CatBoost Regressor
880000.0,1774341.9641134634,CatBoost Regressor
1911284.9999999998,1905675.988794687,CatBoost Regressor
349999.9999999997,294365.73442879954,CatBoost Regressor
714999.9999999995,669446.1328514458,CatBoost Regressor
1899999.9999999993,1007219.5075525809,CatBoost Regressor
930865.9999999994,1035528.7338077854,CatBoost Regressor
1694205.0,1931189.7959946105,CatBoost Regressor
811250.0000000006,768087.9037066943,CatBoost Regressor
294999.9999999998,351993.0524062777,CatBoost Regressor
950000.0000000008,615954.5499707516,CatBoost Regressor
175000.00000000012,187239.68204078992,CatBoost Regressor
1949999.999999999,1241772.8296991242,CatBoost Regressor
1200000.0000000005,909528.6821774886,CatBoost Regressor
1726454.0000000002,1684998.551859836,CatBoost Regressor
739000.0000000005,530037.6028794864,CatBoost Regressor
1124999.9999999995,994725.1981650535,CatBoost Regressor
2599999.9999999986,1695755.0585399237,CatBoost Regressor
1800000.000000001,1620605.0567621996,CatBoost Regressor
1093477.0000000007,1138798.5762209955,CatBoost Regressor
1347060.0000000007,767313.1527319018,CatBoost Regressor
999998.9999999995,786584.8794389677,CatBoost Regressor
217000.00000000012,380121.92134467413,CatBoost Regressor
1200000.0000000005,914814.3602510055,CatBoost Regressor
139999.9999999999,326928.74858457915,CatBoost Regressor
1084999.9999999995,824993.4653096265,CatBoost Regressor
291999.9999999998,790853.2006002509,CatBoost Regressor
333333.00000000006,335587.3218421478,CatBoost Regressor
2400000.000000001,1694793.1615802592,CatBoost Regressor
731103.9999999999,686638.0699459555,CatBoost Regressor
1759999.9999999986,1005354.6622356506,CatBoost Regressor
875000.0,1176963.964851557,CatBoost Regressor
888887.9999999997,772163.491567813,CatBoost Regressor
1709999.9999999998,1368491.7189464143,CatBoost Regressor
275000.0000000002,791184.3780330559,CatBoost Regressor
375000.00000000006,181954.58907940655,CatBoost Regressor
1497640.0000000002,1505211.0417431553,CatBoost Regressor
371999.9999999998,361599.98776064516,CatBoost Regressor
674999.9999999998,707936.9925583848,CatBoost Regressor
455000.0,480115.6466920281,CatBoost Regressor
2289116.0000000014,1735858.5536946503,CatBoost Regressor
749000.0,1101656.3067492328,CatBoost Regressor
245894.9999999999,289010.6218528617,CatBoost Regressor
725000.0000000006,585317.267316692,CatBoost Regressor
995000.0,599688.2639076395,CatBoost Regressor
999899.9999999997,1141225.9773883882,CatBoost Regressor
585000.0000000003,521527.89805886516,CatBoost Regressor
495000.0000000004,498171.41310327314,CatBoost Regressor
700000.0000000006,686893.7880552862,CatBoost Regressor
409999.9999999997,1860091.3873067235,CatBoost Regressor
195000.00000000006,170162.67144198087,CatBoost Regressor
337999.99999999977,609347.4023631779,CatBoost Regressor
634999.9999999997,556518.5389207534,CatBoost Regressor
790000.0000000003,712061.5892614368,CatBoost Regressor
582499.9999999999,749591.6061102962,CatBoost Regressor
499999.99999999977,1902028.3745604346,CatBoost Regressor
899999.9999999995,647875.9232173596,CatBoost Regressor
360000.0000000001,303125.40142970905,CatBoost Regressor
579999.9999999997,362371.87793075724,CatBoost Regressor
737275.9999999993,487429.4250695465,CatBoost Regressor
29392.000000000015,1573658.1939915644,CatBoost Regressor
775907.0000000003,673649.5820615358,CatBoost Regressor
1725000.0000000005,1084428.6009232926,CatBoost Regressor
669999.9999999998,552631.2000486566,CatBoost Regressor
1234999.9999999995,896572.3669997936,CatBoost Regressor
1200000.0000000005,1442606.5896428244,CatBoost Regressor
724312.0000000001,1277229.8787949043,CatBoost Regressor
935000.0000000006,868550.9246834356,CatBoost Regressor
965000.0000000006,996898.918270698,CatBoost Regressor
910651.9999999997,699563.3652156702,CatBoost Regressor
960000.0000000006,925778.1439792772,CatBoost Regressor
1974999.9999999986,1671456.0389471995,CatBoost Regressor
989500.0000000006,692512.1837931178,CatBoost Regressor
1299999.9999999993,710335.7751164478,CatBoost Regressor
377196.0000000002,366112.8861369136,CatBoost Regressor
1020000.0000000005,1359976.1575174686,CatBoost Regressor
1249999.999999999,1091481.7034383302,CatBoost Regressor
449999.99999999994,553635.0258771499,CatBoost Regressor
634999.9999999997,679831.6188560274,CatBoost Regressor
719999.9999999995,661197.5523695098,CatBoost Regressor
2080402.0000000007,2037126.0819879333,CatBoost Regressor
241782.9999999999,363555.055492722,CatBoost Regressor
560000.0000000003,655563.079105322,CatBoost Regressor
2499999.9999999995,967270.325739343,CatBoost Regressor
749999.9999999998,715251.1538939689,CatBoost Regressor
1915000.0000000014,1004338.7421992616,CatBoost Regressor
2174999.999999999,1469904.6998022061,CatBoost Regressor
1400000.0000000007,1092498.3406678424,CatBoost Regressor
499999.99999999977,654766.6145823952,CatBoost Regressor
1400000.0000000007,955465.9206295848,CatBoost Regressor
304999.99999999977,335674.2198928024,CatBoost Regressor
800000.0000000005,788865.2320255016,CatBoost Regressor
385000.00000000023,298396.8577735012,CatBoost Regressor
1899999.9999999993,1334792.4764452875,CatBoost Regressor
1890000.0000000007,1795588.3335885415,CatBoost Regressor
139999.9999999999,501735.07130886556,CatBoost Regressor
1299999.9999999993,1841754.3514014208,CatBoost Regressor
435000.0,322773.4776333496,CatBoost Regressor
100000.00000000004,732090.2000709227,CatBoost Regressor
969999.9999999999,753763.6194441807,CatBoost Regressor
1830814.0000000014,1747687.2233069874,CatBoost Regressor
2000000.0000000016,1276381.4121808715,CatBoost Regressor
1089912.9999999995,1063245.4088133809,CatBoost Regressor
1042941.9999999993,1160251.8608525451,CatBoost Regressor
490000.0,1294250.404154776,CatBoost Regressor
965000.0000000006,953560.2370835424,CatBoost Regressor
775000.0000000007,589448.7470038662,CatBoost Regressor
1499999.9999999986,1310612.016398423,CatBoost Regressor
890000.0000000002,946697.506820136,CatBoost Regressor
435000.0,297587.5676456412,CatBoost Regressor
205000.0,516482.71400188364,CatBoost Regressor
1099999.9999999998,931972.4277799932,CatBoost Regressor
585000.0000000003,592212.0176621411,CatBoost Regressor
109999.99999999991,363632.2722623986,CatBoost Regressor
2238605.9999999995,1341416.625557494,CatBoost Regressor
280000.0,357739.4223733196,CatBoost Regressor
375000.00000000006,406584.7062147407,CatBoost Regressor
1490075.9999999988,1549653.6190986726,CatBoost Regressor
742000.0,887561.8424142136,CatBoost Regressor
925000.0000000007,947325.1557890824,CatBoost Regressor
1244999.999999999,822792.8843584723,CatBoost Regressor
2250000.000000001,1564956.4366511835,CatBoost Regressor
600000.0000000003,958670.5367715774,CatBoost Regressor
540000.0000000001,609425.871278769,CatBoost Regressor
1524790.0000000005,1454522.0286712067,CatBoost Regressor
1141390.0000000005,785404.2125872464,CatBoost Regressor
255249.9999999998,278730.0592508657,CatBoost Regressor
1690000.0000000007,894756.6291248479,CatBoost Regressor
1899999.9999999993,1465580.1531722033,CatBoost Regressor
377154.0000000003,366112.8861369136,CatBoost Regressor
289999.9999999999,340837.66117970366,CatBoost Regressor
1949999.999999999,1426222.0487878618,CatBoost Regressor
1774999.9999999986,1004998.8718492412,CatBoost Regressor
369999.99999999977,829452.5309093307,CatBoost Regressor
1644607.0000000007,1759405.6266406374,CatBoost Regressor
1350000.0,1166192.289553809,CatBoost Regressor
1486181.9999999988,1210852.2624841658,CatBoost Regressor
870000.0000000006,1205376.8206428306,CatBoost Regressor
1499999.9999999986,1197831.5606429968,CatBoost Regressor
1445000.0000000012,1197776.4477136459,CatBoost Regressor
728048.9999999997,989889.2055979013,CatBoost Regressor
769999.9999999997,723738.9637287674,CatBoost Regressor
700000.0000000006,838814.235550915,CatBoost Regressor
1340000.0000000002,1090491.3097174147,CatBoost Regressor
790000.0000000003,676479.2374979286,CatBoost Regressor
1325000.0000000007,1572946.066060851,CatBoost Regressor
367500.0000000003,799843.2440386424,CatBoost Regressor
299999.99999999977,725814.1131768681,CatBoost Regressor
850000.0000000005,731604.0827544064,CatBoost Regressor
1596500.0000000014,1112115.242292377,CatBoost Regressor
225000.00000000015,229872.44412365308,CatBoost Regressor
310000.0000000002,497871.0000275875,CatBoost Regressor
392385.0000000001,866167.2144153757,CatBoost Regressor
1439826.9999999995,1393958.2074520283,CatBoost Regressor
837999.9999999995,788728.4978868022,CatBoost Regressor
1800000.000000001,1498175.8242493435,CatBoost Regressor
1489946.000000001,1540396.2772276944,CatBoost Regressor
2199999.9999999995,1647905.4144799628,CatBoost Regressor
1087999.9999999998,912683.6513164906,CatBoost Regressor
1360000.0000000002,1507445.9141096422,CatBoost Regressor
850000.0000000005,1077106.3004915956,CatBoost Regressor
354999.9999999998,486508.1542227528,CatBoost Regressor
585000.0000000003,638410.4942066108,CatBoost Regressor
850000.0000000005,966156.6794533663,CatBoost Regressor
945167.0000000005,1090518.6145724747,CatBoost Regressor
219999.99999999983,216928.5783740889,CatBoost Regressor
749925.0,730690.5742263905,CatBoost Regressor
1350000.0,935125.0582837359,CatBoost Regressor
1610000.0,1169350.4790952194,CatBoost Regressor
315000.0000000002,313705.5284154112,CatBoost Regressor
435000.0,404960.6972486596,CatBoost Regressor
1450308.9999999998,1276145.30287673,CatBoost Regressor
1800000.000000001,743253.715070182,CatBoost Regressor
1630000.000000001,1394964.5709648775,CatBoost Regressor
649999.9999999995,606465.0475288924,CatBoost Regressor
895000.0000000007,832020.7910296248,CatBoost Regressor
1650000.0000000007,1372639.77290647,CatBoost Regressor
960000.0000000006,871019.5332053088,CatBoost Regressor
1420000.0000000012,1342331.172979784,CatBoost Regressor
525000.0000000003,617676.7232032088,CatBoost Regressor
1148999.9999999998,475113.09231703234,CatBoost Regressor
1490000.0000000002,1027678.4405275807,CatBoost Regressor
1569389.0000000005,595136.8972717262,CatBoost Regressor
159999.99999999997,328402.677501839,CatBoost Regressor
320000.00000000006,302756.75761454244,CatBoost Regressor
685000.0000000005,667854.0468879718,CatBoost Regressor
339999.99999999994,351540.12128378643,CatBoost Regressor
1014685.9999999995,1892467.5810463417,CatBoost Regressor
1499999.9999999986,1224051.7057700697,CatBoost Regressor
785000.0000000006,440476.75174569775,CatBoost Regressor
765000.0000000003,716362.2358802406,CatBoost Regressor
1225000.0000000007,1085836.056702816,CatBoost Regressor
549999.9999999998,463732.144696367,CatBoost Regressor
435000.0,305879.6238948608,CatBoost Regressor
700000.0000000006,556608.1434486026,CatBoost Regressor
688888.0000000001,1039673.6939153434,CatBoost Regressor
1099999.9999999998,1105794.295214301,CatBoost Regressor
1738888.0000000005,1268741.928264701,CatBoost Regressor
725000.0000000006,692926.9466572547,CatBoost Regressor
685000.0000000005,663517.8431375616,CatBoost Regressor
2100000.000000001,1208026.477008688,CatBoost Regressor
674999.9999999998,867948.484374332,CatBoost Regressor
1436858.0,1459206.59868189,CatBoost Regressor
2930000.0000000005,1766306.5810095044,CatBoost Regressor
2300000.0,1701307.5109277794,CatBoost Regressor
700000.0000000006,641148.9185942314,CatBoost Regressor
1282000.0000000005,1088274.258180623,CatBoost Regressor
378269.0000000003,376256.2526106289,CatBoost Regressor
680958.0000000001,1013281.7789684318,CatBoost Regressor
1479999.999999999,1261352.703290046,CatBoost Regressor
998888.0000000006,951204.5267021841,CatBoost Regressor
1113180.9999999995,1679487.2911811832,CatBoost Regressor
800000.0000000005,774243.637382301,CatBoost Regressor
798999.9999999997,824430.2846273127,CatBoost Regressor
420000.0,1081667.3387998648,CatBoost Regressor
925000.0000000007,787221.9986748704,CatBoost Regressor
315000.0000000002,261213.30757432934,CatBoost Regressor
711515.9999999994,720104.6225937514,CatBoost Regressor
600000.0000000003,535114.6536107789,CatBoost Regressor
814999.9999999993,646208.2184687122,CatBoost Regressor
265000.00000000006,186235.65132533887,CatBoost Regressor
280000.0,321236.5625388132,CatBoost Regressor
945429.0000000007,917666.624456935,CatBoost Regressor
1099999.9999999998,528596.3043445598,CatBoost Regressor
1474999.999999999,1308966.6789977115,CatBoost Regressor
759999.9999999999,553743.7886516437,CatBoost Regressor
534999.9999999995,1087545.4436791043,CatBoost Regressor
800000.0000000005,773432.6784648458,CatBoost Regressor
1450000.0000000002,1323826.9622531738,CatBoost Regressor
698999.9999999995,1251456.5399288223,CatBoost Regressor
435000.0,963247.9982278997,CatBoost Regressor
850000.0000000005,1040957.0043886923,CatBoost Regressor
700000.0000000006,702079.9138170494,CatBoost Regressor
840000.0000000005,872198.8029544774,CatBoost Regressor
396999.9999999998,219548.53577577427,CatBoost Regressor
130000.00000000009,320472.36552973307,CatBoost Regressor
794200.0,1136482.805143689,CatBoost Regressor
714999.9999999995,924017.900112698,CatBoost Regressor
887698.0000000008,1074257.0279170338,CatBoost Regressor
714999.9999999995,1019111.872332431,CatBoost Regressor
259999.9999999998,296397.63765728445,CatBoost Regressor
2199999.9999999995,901324.6378316752,CatBoost Regressor
780000.0000000001,679102.5448938408,CatBoost Regressor
175000.00000000012,247291.30163863956,CatBoost Regressor
520000.0,894704.2154416025,CatBoost Regressor
405000.0000000001,552311.9144550429,CatBoost Regressor
1550000.0000000012,1224448.900021089,CatBoost Regressor
2800000.000000002,1729591.5428667031,CatBoost Regressor
346000.0,324238.1994202846,CatBoost Regressor
1111499.9999999995,1194754.6162736306,CatBoost Regressor
233219.9999999999,279181.63660786935,CatBoost Regressor
2550000.0,1260045.2872865768,CatBoost Regressor
992794.0000000008,804793.2531795204,CatBoost Regressor
800000.0000000005,370496.1024948879,CatBoost Regressor
579999.9999999997,563691.7231377893,CatBoost Regressor
2040685.9999999998,1993505.2284510215,CatBoost Regressor
2860657.0000000005,1895886.6675088042,CatBoost Regressor
460000.0000000002,645316.4811857534,CatBoost Regressor
1690000.0000000007,1119755.0776700962,CatBoost Regressor
83650.00000000006,668606.017767807,CatBoost Regressor
700000.0000000006,708265.5012247912,CatBoost Regressor
890686.9999999998,816963.90836697,CatBoost Regressor
857000.0000000005,945297.7302976314,CatBoost Regressor
474999.99999999977,477615.8728699976,CatBoost Regressor
998999.9999999995,753720.876789357,CatBoost Regressor
1061351.000000001,1029422.1033792573,CatBoost Regressor
585000.0000000003,509124.9876215159,CatBoost Regressor
654999.9999999995,910962.6031653816,CatBoost Regressor
2000000.0000000016,821289.9854389951,CatBoost Regressor
1899999.9999999993,1549061.9089045746,CatBoost Regressor
725000.0000000006,577265.4390802938,CatBoost Regressor
1450000.0000000002,1075103.0259164555,CatBoost Regressor
680000.0000000003,552077.0578152355,CatBoost Regressor
1279999.9999999988,1186462.6610516706,CatBoost Regressor
275000.0000000002,374812.5851512872,CatBoost Regressor
634999.9999999997,931891.6818469779,CatBoost Regressor
390000.00000000035,298298.2585011305,CatBoost Regressor
875000.0,1063645.7522463521,CatBoost Regressor
650481.0,977727.5383220281,CatBoost Regressor
2061822.0,1904330.7264571511,CatBoost Regressor
1270000.0000000002,1156874.4334113244,CatBoost Regressor
353999.99999999977,317142.7178203154,CatBoost Regressor
390390.0000000002,522568.2525724825,CatBoost Regressor
474999.99999999977,294650.9447610773,CatBoost Regressor
549999.9999999998,356479.6606126094,CatBoost Regressor
1762499.9999999993,1192088.2509031417,CatBoost Regressor
628000.0000000002,556364.6545567961,CatBoost Regressor
1499999.9999999986,1607984.8676851613,CatBoost Regressor
875000.0,799765.2965535233,CatBoost Regressor
275799.9999999999,259921.10461730833,CatBoost Regressor
225000.00000000015,287011.0050282118,CatBoost Regressor
2794999.9999999986,1059393.943251371,CatBoost Regressor
560000.0000000003,665689.3349062913,CatBoost Regressor
904500.0,627147.7999959923,CatBoost Regressor
1128733.0000000005,1215750.4288056805,CatBoost Regressor
739000.0000000005,607537.7287997014,CatBoost Regressor
1859999.9999999993,1288020.9357270887,CatBoost Regressor
998999.9999999995,896121.299924198,CatBoost Regressor
549000.0000000005,581638.2810796837,CatBoost Regressor
830000.0000000005,527905.5592114198,CatBoost Regressor
1668468.9999999986,1583975.9036147515,CatBoost Regressor
1499999.9999999986,1690281.9014777304,CatBoost Regressor
945810.0000000007,1044416.3227945968,CatBoost Regressor
582499.9999999999,283513.94803853333,CatBoost Regressor
800000.0000000005,696230.0665902658,CatBoost Regressor
850000.0000000005,666166.1716634195,CatBoost Regressor
1325000.0000000007,1284715.490971672,CatBoost Regressor
634999.9999999997,747747.4770867744,CatBoost Regressor
525000.0000000003,469076.3416640825,CatBoost Regressor
577000.0000000003,369701.1413857218,CatBoost Regressor
847304.0,661316.8639449873,CatBoost Regressor
255000.0000000001,253318.77641716588,CatBoost Regressor
225000.00000000015,363167.52437404543,CatBoost Regressor
759999.9999999999,673661.1071637596,CatBoost Regressor
310000.0000000002,380316.99970187846,CatBoost Regressor
1650810.0000000007,1601215.8582375445,CatBoost Regressor
310000.0000000002,540385.9102268241,CatBoost Regressor
700000.0000000006,1080834.5301444526,CatBoost Regressor
1393037.000000001,1420645.6273939647,CatBoost Regressor
2113593.9999999995,1151862.7451467249,CatBoost Regressor
769999.9999999997,645752.7377502077,CatBoost Regressor
1696676.0000000014,1626826.6823216989,CatBoost Regressor
567000.0000000005,332703.91334811033,CatBoost Regressor
517999.9999999999,500305.69771316025,CatBoost Regressor
1050000.0000000007,804443.2305626044,CatBoost Regressor
919999.9999999998,747364.1840573904,CatBoost Regressor
225999.9999999998,329953.59826101636,CatBoost Regressor
1385000.0000000012,1435511.7237673888,CatBoost Regressor
27036.000000000015,338815.8259526385,CatBoost Regressor
1069999.9999999998,1088756.5068492824,CatBoost Regressor
1645000.000000001,1180679.8613626973,CatBoost Regressor
267999.99999999977,221886.5611430367,CatBoost Regressor
471999.9999999998,352820.65790770313,CatBoost Regressor
960000.0000000006,1095912.1164715758,CatBoost Regressor
1374999.999999999,1136433.4128038473,CatBoost Regressor
2759458.0000000005,2089900.164652808,CatBoost Regressor
1747078.9999999988,1832997.5806486488,CatBoost Regressor
599000.0,446901.0124596663,CatBoost Regressor
1881999.9999999993,1616867.179275286,CatBoost Regressor
530000.0000000003,649776.1495303806,CatBoost Regressor
2210026.0000000005,2103511.55263009,CatBoost Regressor
1075000.0,1168164.2889441326,CatBoost Regressor
1366795.9999999988,1397236.430110422,CatBoost Regressor
850000.0000000005,778809.334365991,CatBoost Regressor
171000.00000000012,312323.2960321982,CatBoost Regressor
385000.00000000023,362176.3680601902,CatBoost Regressor
525000.0000000003,629988.2252781697,CatBoost Regressor
1789999.9999999988,1653131.3050387595,CatBoost Regressor
1284999.999999999,1147720.906734939,CatBoost Regressor
875695.0000000001,1205349.4272832645,CatBoost Regressor
330000.0000000001,328381.34794727666,CatBoost Regressor
869220.9999999997,942420.9893834565,CatBoost Regressor
1052999.9999999995,894543.2699586594,CatBoost Regressor
1107283.999999999,382970.43705959606,CatBoost Regressor
1459999.999999999,1691528.8932950527,CatBoost Regressor
688000.0000000001,563256.8974534615,CatBoost Regressor
1099999.9999999998,1170149.1062292669,CatBoost Regressor
241500.0,688046.0618001071,CatBoost Regressor
999999.9999999997,928886.0269953714,CatBoost Regressor
875000.0,892836.9086759374,CatBoost Regressor
820000.0000000005,810206.7815610765,CatBoost Regressor
981999.9999999992,739378.406860468,CatBoost Regressor
710000.0,742967.9435919872,CatBoost Regressor
377999.99999999994,307668.65928540315,CatBoost Regressor
2499999.9999999995,1527591.62434603,CatBoost Regressor
324999.9999999999,418533.8241671288,CatBoost Regressor
259999.9999999998,309515.9334515022,CatBoost Regressor
1670136.9999999998,1316708.649028583,CatBoost Regressor
549999.9999999998,652765.5859421385,CatBoost Regressor
1370000.0000000007,943649.828162036,CatBoost Regressor
1891358.9999999988,1774153.3679453852,CatBoost Regressor
739999.9999999999,637747.2856992134,CatBoost Regressor
1911285.999999999,1908394.183157579,CatBoost Regressor
420000.0,1081297.7201340238,CatBoost Regressor
1570000.0000000005,1360490.2303807957,CatBoost Regressor
270000.00000000006,281228.73837901774,CatBoost Regressor
1840089.9999999984,1820538.8440913782,CatBoost Regressor
393799.99999999994,310152.22204635735,CatBoost Regressor
1299999.9999999993,1214655.3801765135,CatBoost Regressor
1599864.999999999,1813294.4179153843,CatBoost Regressor
610000.0000000005,652380.9552091293,CatBoost Regressor
1798503.9999999986,1865434.3659515479,CatBoost Regressor
1291755.0000000012,1089638.173784845,CatBoost Regressor
899999.9999999995,775994.9120989622,CatBoost Regressor
435000.0,724381.5382927766,CatBoost Regressor
854999.9999999993,702767.2388545726,CatBoost Regressor
1923000.0000000016,1514716.1421754095,CatBoost Regressor
880000.0,1136358.968918044,CatBoost Regressor
1160000.0000000002,1026907.8459068814,CatBoost Regressor
1949999.999999999,856111.7834692847,CatBoost Regressor
1625000.0000000012,886049.5907292686,CatBoost Regressor
2300000.0,1030440.7591199947,CatBoost Regressor
1060500.0000000007,1080856.5351961865,CatBoost Regressor
1699999.9999999988,1267569.8215100493,CatBoost Regressor
864999.9999999994,726753.6266176392,CatBoost Regressor
390390.0000000002,407926.88933738327,CatBoost Regressor
1401984.9999999993,1305294.799690086,CatBoost Regressor
864999.9999999994,771105.4724857091,CatBoost Regressor
957444.9999999994,691378.5630555842,CatBoost Regressor
449999.99999999994,748393.278927506,CatBoost Regressor
963349.9999999993,884825.7692711136,CatBoost Regressor
664999.9999999995,548588.3263104983,CatBoost Regressor
1129999.999999999,999926.3498739625,CatBoost Regressor
669999.9999999998,472143.80042647396,CatBoost Regressor
2100000.000000001,1079867.3490181896,CatBoost Regressor
341083.00000000006,349490.02574094996,CatBoost Regressor
1800000.000000001,1727377.7378674105,CatBoost Regressor
267999.99999999977,328454.41783338645,CatBoost Regressor
749999.9999999998,1302411.783119449,CatBoost Regressor
645000.0,761362.1293886002,CatBoost Regressor
360000.0000000001,586868.2904894246,CatBoost Regressor
149561.00000000003,93901.01041503856,CatBoost Regressor
2774999.999999999,1079243.2671928026,CatBoost Regressor
1042665.9999999999,827379.907296061,CatBoost Regressor
1963123.9999999984,1939497.1326989685,CatBoost Regressor
850000.0000000005,599544.8905567572,CatBoost Regressor
718000.0000000005,1003506.8892754033,CatBoost Regressor
1279999.9999999988,1229875.817717743,CatBoost Regressor
605858.9999999998,729639.3480187303,CatBoost Regressor
875000.0,1157596.8205501449,CatBoost Regressor
593000.0000000003,503206.3890189608,CatBoost Regressor
642395.0,548238.5672646507,CatBoost Regressor
834999.9999999998,961356.4349983354,CatBoost Regressor
1499999.9999999986,1323053.2829879613,CatBoost Regressor
739091.9999999995,916380.4289190375,CatBoost Regressor
649900.0000000006,509539.43823152,CatBoost Regressor
465000.00000000023,927737.094817165,CatBoost Regressor
1544731.9999999988,1859729.1424545224,CatBoost Regressor
1169401.9999999998,1342946.7889335346,CatBoost Regressor
504999.99999999977,594981.4399535403,CatBoost Regressor
985075.9999999995,930658.929896032,CatBoost Regressor
1099999.9999999998,1390996.130966271,CatBoost Regressor
966318.9999999998,1093822.9285522825,CatBoost Regressor
610000.0000000005,683331.1146739988,CatBoost Regressor
1774999.9999999986,1328181.485912461,CatBoost Regressor
324999.9999999999,278542.41419793514,CatBoost Regressor
825000.0000000006,1254152.6040703882,CatBoost Regressor
1004999.9999999995,846667.9116193812,CatBoost Regressor
391898.9999999998,262665.8743558486,CatBoost Regressor
104999.99999999997,416697.6421991617,CatBoost Regressor
1890106.0000000007,2053894.8383666945,CatBoost Regressor
1030000.0,956299.2080075087,CatBoost Regressor
2000000.0000000016,1848146.1083726774,CatBoost Regressor
794999.9999999998,1275269.2335267207,CatBoost Regressor
1299999.9999999993,713676.3719430328,CatBoost Regressor
875000.0,879445.2029455728,CatBoost Regressor
2349999.999999999,1709818.4148003776,CatBoost Regressor
1362499.9999999993,1140736.7690836643,CatBoost Regressor
915000.0000000002,1262413.8220813298,CatBoost Regressor
1915000.0000000014,1691493.4724623081,CatBoost Regressor
1752260.0,1525979.7009060206,CatBoost Regressor
731000.0000000006,620707.3772469464,CatBoost Regressor
1389999.9999999988,1158978.8788996798,CatBoost Regressor
1499999.9999999986,1009379.9591847188,CatBoost Regressor
925000.0000000007,1033544.5567917001,CatBoost Regressor
349999.9999999997,287068.7371012178,CatBoost Regressor
950000.0000000008,600155.131956682,CatBoost Regressor
1699999.9999999988,1660572.1213841434,CatBoost Regressor
230000.0000000001,524099.1564577889,CatBoost Regressor
540000.0000000001,607059.080722355,CatBoost Regressor
2115000.0000000014,2107284.157979595,CatBoost Regressor
540000.0000000001,730353.0793934645,CatBoost Regressor
347000.00000000023,1039070.319900154,CatBoost Regressor
2950000.000000002,1240099.2640657767,CatBoost Regressor
769999.9999999997,731811.408937026,CatBoost Regressor
600000.0000000003,703447.6235211929,CatBoost Regressor
998999.9999999995,793388.8207065231,CatBoost Regressor
1169999.9999999998,939617.271383504,CatBoost Regressor
1545000.0000000005,1217297.591734364,CatBoost Regressor
1425895.0,1414583.8617578964,CatBoost Regressor
950050.9999999999,1768123.4864183762,CatBoost Regressor
1889621.9999999988,1757314.9897902177,CatBoost Regressor
1140000.0000000002,1010477.9739483286,CatBoost Regressor
1425550.0000000012,1038421.8278375553,CatBoost Regressor
750999.9999999995,789971.8801216948,CatBoost Regressor
1220000.0000000002,950239.6877747828,CatBoost Regressor
1432080.9999999995,1452676.517970674,CatBoost Regressor
348900.00000000006,449199.1347742632,CatBoost Regressor
1229999.9999999995,922968.4167544063,CatBoost Regressor
534999.9999999995,466424.42448454944,CatBoost Regressor
1485448.0000000007,2033145.9150964166,CatBoost Regressor
809999.9999999995,1379712.3888786912,CatBoost Regressor
785000.0000000006,623219.7211355681,CatBoost Regressor
634999.9999999997,732478.6599768177,CatBoost Regressor
495000.0000000004,472066.29936233856,CatBoost Regressor
912705.9999999994,976733.8266184977,CatBoost Regressor
749999.9999999998,485969.4789524519,CatBoost Regressor
657500.0000000003,738038.5701894324,CatBoost Regressor
825000.0000000006,1020075.6849700441,CatBoost Regressor
349999.9999999997,1114353.6200016537,CatBoost Regressor
1087500.0000000007,559116.946747983,CatBoost Regressor
1299999.9999999993,1360096.0242309754,CatBoost Regressor
344999.9999999997,332334.9065622406,CatBoost Regressor
299999.99999999977,912599.0507258376,CatBoost Regressor
825000.0000000006,591391.6053322611,CatBoost Regressor
725000.0000000006,896653.3841910808,CatBoost Regressor
2075000.0000000007,1645195.9462557915,CatBoost Regressor
590000.0000000003,978563.5388639556,CatBoost Regressor
935000.0000000006,774563.3707258166,CatBoost Regressor
1484000.000000001,1528399.5597651738,CatBoost Regressor
1227537.0,1375666.4745218954,CatBoost Regressor
620000.0000000005,1019080.9162658732,CatBoost Regressor
396624.9999999999,487032.39280583756,CatBoost Regressor
1050000.0000000007,860154.1168965931,CatBoost Regressor
1229999.9999999995,1231607.0323984802,CatBoost Regressor
2550000.0,1639819.994891635,CatBoost Regressor
1018229.0000000003,1134566.4819272873,CatBoost Regressor
1099999.9999999998,1602595.1789525338,CatBoost Regressor
369999.99999999977,378915.7026308302,CatBoost Regressor
800000.0000000005,1232922.6886242817,CatBoost Regressor
1800000.000000001,1653476.799212651,CatBoost Regressor
1483559.9999999993,1468187.9397319513,CatBoost Regressor
1235247.9999999993,1252839.6284952846,CatBoost Regressor
150000.00000000006,919924.1223188026,CatBoost Regressor
585000.0000000003,449122.40876668395,CatBoost Regressor
1130257.999999999,708340.3736291669,CatBoost Regressor
1715592.9999999988,1565561.485445932,CatBoost Regressor
1182341.999999999,1063587.9767506109,CatBoost Regressor
969999.9999999999,799573.2987519444,CatBoost Regressor
969999.9999999999,1069501.006396752,CatBoost Regressor
915000.0000000002,1025585.4556485761,CatBoost Regressor
998999.9999999995,742061.2913218589,CatBoost Regressor
607999.9999999998,532298.8588921095,CatBoost Regressor
919999.9999999998,744657.3381042391,CatBoost Regressor
1400000.0000000007,1099291.0929539518,CatBoost Regressor
1200000.0000000005,1259615.3606336734,CatBoost Regressor
560000.0000000003,402076.16995646304,CatBoost Regressor
1434999.9999999993,838593.5714988267,CatBoost Regressor
689999.9999999995,542780.4766343381,CatBoost Regressor
2859999.9999999986,1710605.5671458172,CatBoost Regressor
2191936.000000001,1917542.8457695316,CatBoost Regressor
283334.0000000001,780163.8209765595,CatBoost Regressor
919999.9999999998,781057.998574025,CatBoost Regressor
1210949.9999999998,819976.8182565648,CatBoost Regressor
430000.00000000023,631847.6728726346,CatBoost Regressor
1049815.999999999,728204.016308648,CatBoost Regressor
560000.0000000003,836168.4751795995,CatBoost Regressor
989999.9999999992,1016130.0311969711,CatBoost Regressor
1590000.000000001,1381513.0653697762,CatBoost Regressor
324999.9999999999,334983.70706812065,CatBoost Regressor
2642358.999999998,1519913.2171129177,CatBoost Regressor
2337237.9999999986,1184517.258605808,CatBoost Regressor
299999.99999999977,510641.2776050761,CatBoost Regressor
984999.9999999994,917436.8749231352,CatBoost Regressor
315000.0000000002,256489.97370727092,CatBoost Regressor
1995000.0,1101710.9239766821,CatBoost Regressor
850000.0000000005,852656.836529796,CatBoost Regressor
676700.0000000005,961317.5795479012,CatBoost Regressor
646000.0000000006,888634.6413488939,CatBoost Regressor
1350000.0,1570994.7071846172,CatBoost Regressor
1717999.9999999988,1390250.2503935315,CatBoost Regressor
440000.0000000002,727677.3123282758,CatBoost Regressor
480000.00000000006,646161.4632415216,CatBoost Regressor
555000.0000000002,482720.97519030847,CatBoost Regressor
880000.0,711069.5636508828,CatBoost Regressor
974999.9999999999,984463.7243584676,CatBoost Regressor
469999.9999999998,557843.0516761815,CatBoost Regressor
230000.0000000001,257635.40248779085,CatBoost Regressor
960000.0000000006,890115.8230473055,CatBoost Regressor
719999.9999999995,634341.2609140093,CatBoost Regressor
1543024.0000000012,1464674.6966465777,CatBoost Regressor
879666.9999999998,1790607.5662916373,CatBoost Regressor
515000.00000000006,762503.5547631503,CatBoost Regressor
134899.99999999988,206992.95529131207,CatBoost Regressor
1148999.9999999998,1094657.7631081936,CatBoost Regressor
399999.9999999999,328521.6599996093,CatBoost Regressor
680000.0000000003,542365.7268324135,CatBoost Regressor
714999.9999999995,524358.2278953814,CatBoost Regressor
744999.9999999997,551665.1796998713,CatBoost Regressor
875000.0,725945.9948562175,CatBoost Regressor
1324284.0000000007,1712257.090471793,CatBoost Regressor
1774999.9999999986,1186017.4402888187,CatBoost Regressor
549999.9999999998,339222.40142124274,CatBoost Regressor
765000.0000000003,811487.0734368506,CatBoost Regressor
775000.0000000007,616578.9258571647,CatBoost Regressor
1798336.999999999,1774308.586740936,CatBoost Regressor
1250106.0000000002,1182201.6343259318,CatBoost Regressor
418305.0000000003,566013.7754164804,CatBoost Regressor
244999.99999999997,183951.24826493542,CatBoost Regressor
2244149.999999999,1871682.8328848444,CatBoost Regressor
1563112.9999999988,1419371.84271525,CatBoost Regressor
377162.0000000002,366112.8861369136,CatBoost Regressor
2750000.0,1482816.4230308246,CatBoost Regressor
2275000.000000001,1990346.9858084887,CatBoost Regressor
499998.9999999997,656856.6770339083,CatBoost Regressor
1293787.9999999993,1270974.2345074082,CatBoost Regressor
499999.99999999977,1015432.8409997519,CatBoost Regressor
610949.9999999995,793481.1168516197,CatBoost Regressor
376813.0000000002,385025.74504484236,CatBoost Regressor
1709999.9999999998,1319007.51528204,CatBoost Regressor
299999.99999999977,592869.3313724014,CatBoost Regressor
498999.9999999996,506408.38787862565,CatBoost Regressor
1249999.999999999,749401.822262464,CatBoost Regressor
820000.0000000005,652941.4881683539,CatBoost Regressor
490200.00000000023,526957.5755738028,CatBoost Regressor
809999.9999999995,788998.3971100991,CatBoost Regressor
950000.0000000008,813113.2957598233,CatBoost Regressor
1009614.0000000002,964095.9000721886,CatBoost Regressor
925000.0000000007,899835.7082139915,CatBoost Regressor
1885568.0000000014,1449313.047994893,CatBoost Regressor
520000.0,543752.0623436662,CatBoost Regressor
1928500.0000000014,1976772.5377195347,CatBoost Regressor
680000.0000000003,602913.6277556573,CatBoost Regressor
912221.0000000005,827873.6626925485,CatBoost Regressor
1244999.999999999,864894.2337704439,CatBoost Regressor
989656.9999999998,959154.276545966,CatBoost Regressor
267999.99999999977,334181.0470955648,CatBoost Regressor
1874999.999999999,2063851.2395050414,CatBoost Regressor
617999.9999999999,754027.4842676787,CatBoost Regressor
998800.0000000003,794193.7580771771,CatBoost Regressor
755499.9999999993,662813.0333998242,CatBoost Regressor
625000.0000000002,686320.9836972461,CatBoost Regressor
674999.9999999998,566644.790917216,CatBoost Regressor
610000.0000000005,655059.5881041738,CatBoost Regressor
122000.00000000003,316705.5284469064,CatBoost Regressor
800000.0000000005,763045.222872215,CatBoost Regressor
625000.0000000002,848522.0456406578,CatBoost Regressor
669225.9999999999,1231047.1178974349,CatBoost Regressor
929999.9999999993,717742.587496206,CatBoost Regressor
1899999.9999999993,1401661.7972341743,CatBoost Regressor
883399.9999999998,536456.6078355098,CatBoost Regressor
1659999.9999999998,706946.0747841952,CatBoost Regressor
873418.9999999993,1122897.6226705986,CatBoost Regressor
2400000.000000001,1223202.8379094398,CatBoost Regressor
565000.0000000003,694465.5608581677,CatBoost Regressor
484000.0000000002,485197.35107430094,CatBoost Regressor
165000.00000000015,312150.5380319715,CatBoost Regressor
875000.0,1402492.64470955,CatBoost Regressor
899999.9999999995,923709.5217289855,CatBoost Regressor
719999.9999999995,760853.8881284748,CatBoost Regressor
2199999.9999999995,1506510.5008467743,CatBoost Regressor
499999.99999999977,655403.1381111318,CatBoost Regressor
1434999.9999999993,1130013.1074253193,CatBoost Regressor
318000.0,315897.5501378837,CatBoost Regressor
1914358.9999999984,1940699.1678149337,CatBoost Regressor
625000.0000000002,808829.1278067995,CatBoost Regressor
998000.0000000008,981904.1755526365,CatBoost Regressor
780000.0000000001,649794.2233287891,CatBoost Regressor
310000.0000000002,317518.96007024444,CatBoost Regressor
2470000.0000000014,1700349.1544492017,CatBoost Regressor
885878.0000000005,1079226.1402053996,CatBoost Regressor
490000.0,474535.60696373146,CatBoost Regressor
935000.0000000006,893942.8850441216,CatBoost Regressor
764700.9999999995,885648.3515984837,CatBoost Regressor
1849999.9999999995,1324032.850369419,CatBoost Regressor
1044999.9999999995,1138286.7439829162,CatBoost Regressor
530000.0000000003,300599.13332030363,CatBoost Regressor
1974999.9999999986,839375.8124041327,CatBoost Regressor
349999.9999999997,369883.44508618675,CatBoost Regressor
1257999.999999999,1542836.0530526685,CatBoost Regressor
75001.00000000003,394711.47721721604,CatBoost Regressor
1353045.0,1142662.1095242188,CatBoost Regressor
2119872.000000001,1810231.2580920167,CatBoost Regressor
583333.0000000003,740569.7623514635,CatBoost Regressor
735000.0000000005,974351.3164525286,CatBoost Regressor
979999.9999999997,856448.4900914569,CatBoost Regressor
499999.99999999977,848261.1612551805,CatBoost Regressor
1859999.9999999993,1148545.0157801143,CatBoost Regressor
386999.99999999994,628765.5339971072,CatBoost Regressor
2499999.9999999995,1369266.3384488006,CatBoost Regressor
1198999.9999999998,909887.1696235192,CatBoost Regressor
738231.0000000005,1101552.709601999,CatBoost Regressor
1325000.0000000007,1208913.815968755,CatBoost Regressor
899999.9999999995,777721.3799421522,CatBoost Regressor
680000.0000000003,670200.2190832903,CatBoost Regressor
1526352.9999999995,1373814.875405222,CatBoost Regressor
1785240.999999999,1911680.635980734,CatBoost Regressor
834999.9999999998,1115761.235660142,CatBoost Regressor
2225136.999999998,1912785.8657194183,CatBoost Regressor
700000.0000000006,719563.489757541,CatBoost Regressor
1739092.000000001,1593551.2276945098,CatBoost Regressor
950000.0000000008,808136.0744699397,CatBoost Regressor
2625000.0000000005,1261809.530397137,CatBoost Regressor
610000.0000000005,758431.8685776372,CatBoost Regressor
399999.9999999999,567902.9083856904,CatBoost Regressor
1249999.999999999,875932.9309248476,CatBoost Regressor
310000.0000000002,347851.7316031661,CatBoost Regressor
1830000.0000000014,1500776.700663561,CatBoost Regressor
1657704.0000000002,1923824.8479322912,CatBoost Regressor
398999.99999999977,209849.9455203086,CatBoost Regressor
376850.0000000001,385025.74504484236,CatBoost Regressor
2248000.0000000014,1357216.8352610688,CatBoost Regressor
1699999.9999999988,1379485.3018049458,CatBoost Regressor
679159.0000000002,690086.3866490866,CatBoost Regressor
2138274.0,2050668.3712595045,CatBoost Regressor
1800000.000000001,866702.7970448165,CatBoost Regressor
1099999.9999999998,1099913.2566517456,CatBoost Regressor
590000.0000000003,591369.3832183387,CatBoost Regressor
612000.0000000003,757243.3120432192,CatBoost Regressor
645000.0,608432.9856750797,CatBoost Regressor
2089221.0,1806300.188294573,CatBoost Regressor
1056931.0,980716.3074606379,CatBoost Regressor
725000.0000000006,1046859.1988925008,CatBoost Regressor
2550000.0,1098169.58122662,CatBoost Regressor
1144999.9999999998,1164465.7227752595,CatBoost Regressor
468254.9999999998,963247.9982278997,CatBoost Regressor
1401999.9999999995,839049.2948079895,CatBoost Regressor
235000.0,333192.4526202202,CatBoost Regressor
1944999.999999999,1475600.2863820519,CatBoost Regressor
634999.9999999997,623096.0557867334,CatBoost Regressor
1467999.9999999988,1482835.278547421,CatBoost Regressor
337999.99999999977,357938.8557094054,CatBoost Regressor
581951.9999999997,708736.3511310061,CatBoost Regressor
700000.0000000006,723541.0049823875,CatBoost Regressor
1675000.0000000007,1116101.8430264206,CatBoost Regressor
1298269.0000000012,1133523.471125489,CatBoost Regressor
1746273.9999999988,1516376.5963161453,CatBoost Regressor
909999.9999999997,667464.8991844708,CatBoost Regressor
995000.0,1214524.5853890008,CatBoost Regressor
2494713.0000000014,1466451.1582983711,CatBoost Regressor
579999.9999999997,644583.9717135772,CatBoost Regressor
509999.9999999998,517484.9065163653,CatBoost Regressor
145000.00000000012,276671.7997502493,CatBoost Regressor
615000.0,703000.0268962927,CatBoost Regressor
2430000.0,1006278.4063030387,CatBoost Regressor
685000.0000000005,619658.6382171448,CatBoost Regressor
619748.9999999998,782353.8454834154,CatBoost Regressor
1846699.0000000007,1806376.3928774677,CatBoost Regressor
2545625.0000000005,1525443.7827877237,CatBoost Regressor
820000.0000000005,790282.9364091998,CatBoost Regressor
2260000.0,1333323.003433618,CatBoost Regressor
1323725.0000000005,1416810.1760442813,CatBoost Regressor
360000.0000000001,291365.6664460826,CatBoost Regressor
654999.9999999995,619140.5516491297,CatBoost Regressor
909999.9999999997,820094.3349638459,CatBoost Regressor
379999.9999999999,599539.5566637235,CatBoost Regressor
809999.9999999995,764094.2419368341,CatBoost Regressor
1412499.999999999,1615929.8254658293,CatBoost Regressor
909999.9999999997,764717.2424892281,CatBoost Regressor
1638168.9999999986,1659792.5828639693,CatBoost Regressor
899999.9999999995,683168.6443588907,CatBoost Regressor
415000.00000000006,616017.568730846,CatBoost Regressor
919999.9999999998,1795354.1013981532,CatBoost Regressor
399999.9999999999,1077687.6724643398,CatBoost Regressor
600000.0000000003,682943.8156283039,CatBoost Regressor
1099999.9999999998,1020119.0834954756,CatBoost Regressor
555000.0000000002,620314.2503784816,CatBoost Regressor
578999.9999999999,876559.3023524344,CatBoost Regressor
310000.0000000002,306666.74219890183,CatBoost Regressor
814000.0000000002,727685.7784677149,CatBoost Regressor
486999.9999999998,482495.63027972216,CatBoost Regressor
1221418.000000001,1522587.0966102807,CatBoost Regressor
199000.0000000001,1098079.8042202888,CatBoost Regressor
2700000.0,1634791.0791985274,CatBoost Regressor
439000.0000000001,310152.22204635735,CatBoost Regressor
1849999.9999999995,1306980.3750524044,CatBoost Regressor
1769332.9999999986,1891104.7780678954,CatBoost Regressor
977520.0000000005,731170.1707773793,CatBoost Regressor
1075000.0,921527.8586684108,CatBoost Regressor
832000.0000000006,891364.7262647728,CatBoost Regressor
998999.9999999995,942058.6077490143,CatBoost Regressor
575000.0000000001,722463.337760075,CatBoost Regressor
379999.9999999999,343894.08835018217,CatBoost Regressor
1572499.9999999993,1280078.9302027714,CatBoost Regressor
2030000.0000000007,1546275.9416460546,CatBoost Regressor
1704443.0000000012,1586721.5138980546,CatBoost Regressor
334999.9999999998,264357.50393418845,CatBoost Regressor
875000.0,903945.7907986338,CatBoost Regressor
549999.9999999998,889011.2029915485,CatBoost Regressor
1600000.0000000012,1114407.66569936,CatBoost Regressor
982958.9999999999,1283183.5046024665,CatBoost Regressor
634999.9999999997,780746.441588474,CatBoost Regressor
1035000.0000000001,1471928.6836117462,CatBoost Regressor
1286378.0000000005,1521731.341350516,CatBoost Regressor
804999.9999999993,849542.8659988247,CatBoost Regressor
627839.0000000001,781350.5452173096,CatBoost Regressor
1175000.0,998135.486580817,CatBoost Regressor
979999.9999999997,1310218.5023368252,CatBoost Regressor
1200000.0000000005,903327.2626668175,CatBoost Regressor
825000.0000000006,616504.2362165672,CatBoost Regressor
320000.00000000006,298921.7336687293,CatBoost Regressor
2649999.999999999,1152311.2255782746,CatBoost Regressor
2094568.0000000019,1867116.8233284766,CatBoost Regressor
156085.0,210454.78427138156,CatBoost Regressor
1490000.0000000002,1089726.4220282976,CatBoost Regressor
765000.0000000003,1002762.9193957143,CatBoost Regressor
1080348.0,1465178.5772949366,CatBoost Regressor
1684499.9999999995,957475.8665893577,CatBoost Regressor
1849999.9999999995,1786380.4128927218,CatBoost Regressor
397434.0000000001,382970.43705959606,CatBoost Regressor
440000.0000000002,699393.7231013868,CatBoost Regressor
199999.99999999997,352504.3721115463,CatBoost Regressor
859999.9999999997,929601.2327330962,CatBoost Regressor
26700.0,263345.8256669556,CatBoost Regressor
1824999.9999999984,758038.6935164086,CatBoost Regressor
411799.9999999999,680225.1030891513,CatBoost Regressor
291999.9999999998,291290.4590614276,CatBoost Regressor
1620000.0000000007,1392864.7167450897,CatBoost Regressor
1953383.0000000016,1778968.6496449197,CatBoost Regressor
1220000.0000000002,1342322.1338190464,CatBoost Regressor
22999.999999999996,182477.88933132053,CatBoost Regressor
461369.99999999977,666931.6297517023,CatBoost Regressor
1395000.0000000007,1457302.5556038148,CatBoost Regressor
499999.99999999977,615513.6681732468,CatBoost Regressor
649999.9999999995,620775.0576965469,CatBoost Regressor
700000.0000000006,1632248.944030938,CatBoost Regressor
825000.0000000006,646402.8309981487,CatBoost Regressor
1849999.9999999995,957845.239901941,CatBoost Regressor
1989999.9999999988,1331161.175336065,CatBoost Regressor
265000.00000000006,266321.41824596253,CatBoost Regressor
884999.9999999998,891831.5439804017,CatBoost Regressor
537999.9999999998,918370.0076257646,CatBoost Regressor
844999.9999999993,1468630.523723077,CatBoost Regressor
1400000.0000000007,1436059.8675221317,CatBoost Regressor
669000.0000000006,542788.0320260911,CatBoost Regressor
122989.99999999994,584124.331627088,CatBoost Regressor
1200000.0000000005,1011358.0706433455,CatBoost Regressor
800000.0000000005,767602.8288082854,CatBoost Regressor
960000.0000000006,804066.422124573,CatBoost Regressor
324999.9999999999,351920.00369285163,CatBoost Regressor
425000.0000000002,450661.8317121348,CatBoost Regressor
1150000.0000000005,1267352.3786450394,CatBoost Regressor
1050000.0000000007,988479.3604618936,CatBoost Regressor
575000.0000000001,795880.9489762346,CatBoost Regressor
2263440.0,2257809.984889622,CatBoost Regressor
790000.0000000003,783786.7070027802,CatBoost Regressor
755000.0000000005,740484.0501371614,CatBoost Regressor
1552176.9999999988,1548096.9207266287,CatBoost Regressor
416999.9999999998,375749.0323546073,CatBoost Regressor
1380000.0000000005,1192593.9833954826,CatBoost Regressor
749999.9999999998,884384.8311993931,CatBoost Regressor
320000.00000000006,675057.0839808843,CatBoost Regressor
2752875.0000000005,1472295.4821830613,CatBoost Regressor
620000.0000000005,512446.5370807869,CatBoost Regressor
654999.9999999995,794130.5926202561,CatBoost Regressor
1350000.0,994171.6573702084,CatBoost Regressor
1574560.9999999998,1656354.8133435417,CatBoost Regressor
772999.9999999997,930201.6843055672,CatBoost Regressor
800000.0000000005,1122731.2040465665,CatBoost Regressor
1299999.9999999993,1059238.9377364456,CatBoost Regressor
604999.9999999998,348817.9530278504,CatBoost Regressor
275000.0000000002,275482.57080869627,CatBoost Regressor
520000.0,517788.0015652122,CatBoost Regressor
890000.0000000002,765199.2589079295,CatBoost Regressor
240000.00000000003,264845.8882183236,CatBoost Regressor
876999.9999999992,809372.917212239,CatBoost Regressor
299999.99999999977,984154.3420356883,CatBoost Regressor
2695000.0000000014,1323199.523959074,CatBoost Regressor
1054624.0000000002,1081224.6923049074,CatBoost Regressor
785000.0000000006,838596.4446198326,CatBoost Regressor
1800000.000000001,1562012.848828895,CatBoost Regressor
885100.0000000001,840611.8415133881,CatBoost Regressor
2550000.0,1760814.8597660204,CatBoost Regressor
820000.0000000005,714071.0539913401,CatBoost Regressor
799999.0000000003,1085507.059681923,CatBoost Regressor
1294399.0000000005,1398471.6156906227,CatBoost Regressor
2600040.0000000005,2089537.4463628526,CatBoost Regressor
265000.00000000006,799482.5172300597,CatBoost Regressor
1103782.9999999995,1320141.8199810637,CatBoost Regressor
995000.0,1156944.621680737,CatBoost Regressor
2199999.9999999995,362237.90932178433,CatBoost Regressor
1395199.0000000012,1809666.608227554,CatBoost Regressor
1134200.000000001,850134.439493826,CatBoost Regressor
700000.0000000006,669846.0213925508,CatBoost Regressor
2846008.999999998,1828085.1745298111,CatBoost Regressor
375000.00000000006,529119.8129444488,CatBoost Regressor
1099999.9999999998,988894.0189252448,CatBoost Regressor
1472025.9999999998,1590257.1631422052,CatBoost Regressor
600000.0000000003,1138540.0185144865,CatBoost Regressor
280000.0,467715.6613439368,CatBoost Regressor
749999.9999999998,806120.8343558174,CatBoost Regressor
449999.99999999994,542891.9970930428,CatBoost Regressor
1675000.0000000007,1286421.7733467123,CatBoost Regressor
998999.9999999995,788632.2290309526,CatBoost Regressor
634999.9999999997,495067.8425326128,CatBoost Regressor
349999.9999999997,787625.559476094,CatBoost Regressor
814999.9999999993,617863.0486657413,CatBoost Regressor
725000.0000000006,720487.2333394105,CatBoost Regressor
150000.00000000006,248079.66219628538,CatBoost Regressor
798999.9999999997,1138510.1206732278,CatBoost Regressor
1596339.0000000014,1765763.7232081813,CatBoost Regressor
950000.0000000008,1084841.5756151697,CatBoost Regressor
830000.0000000005,756955.6272374764,CatBoost Regressor
525000.0000000003,560628.6160969862,CatBoost Regressor
417499.99999999994,533420.5535715192,CatBoost Regressor
1374999.999999999,975141.9374777935,CatBoost Regressor
435000.0,364893.7053275121,CatBoost Regressor
1425000.0000000007,892290.4230290186,CatBoost Regressor
1419811.000000001,1373218.5851054608,CatBoost Regressor
1806759.0000000014,1809254.5427183951,CatBoost Regressor
117499.99999999996,204510.19833190503,CatBoost Regressor
2300000.0,962933.1392327074,CatBoost Regressor
825000.0000000006,600993.6803365177,CatBoost Regressor
700000.0000000006,1007231.7935321691,CatBoost Regressor
625000.0000000002,626199.0855749315,CatBoost Regressor
449999.99999999994,633647.470127192,CatBoost Regressor
1525000.0000000005,996080.1054368013,CatBoost Regressor
259999.9999999998,314829.47405602084,CatBoost Regressor
989999.9999999992,753327.2375205294,CatBoost Regressor
399999.9999999999,648197.2161941937,CatBoost Regressor
649999.9999999995,611899.3143695651,CatBoost Regressor
987599.0,1254935.2327685286,CatBoost Regressor
1800000.000000001,968179.4638295396,CatBoost Regressor
254562.99999999997,982877.7721961809,CatBoost Regressor
2115000.0000000014,1515104.3239470716,CatBoost Regressor
1144800.0000000005,1157856.5374041116,CatBoost Regressor
549999.9999999998,633435.9132244453,CatBoost Regressor
689999.9999999995,660292.6657279349,CatBoost Regressor
2849999.999999999,1400372.6264059122,CatBoost Regressor
395000.00000000035,387710.21085960185,CatBoost Regressor
1150000.0000000005,967748.8903733192,CatBoost Regressor
555000.0000000002,487461.5065332814,CatBoost Regressor
339999.99999999994,427338.43556380586,CatBoost Regressor
1129999.999999999,1072001.78414088,CatBoost Regressor
255000.0000000001,290229.245849387,CatBoost Regressor
399999.9999999999,296404.3385805711,CatBoost Regressor
1874999.999999999,993116.7204593758,CatBoost Regressor
515000.00000000006,672801.8825486324,CatBoost Regressor
1600000.0000000012,1094194.4979941912,CatBoost Regressor
1890605.0000000002,1704398.5453114735,CatBoost Regressor
245999.99999999983,462431.72879342653,CatBoost Regressor
520000.0,644408.9505913031,CatBoost Regressor
685000.0000000005,591455.3438804868,CatBoost Regressor
849000.0,919850.4583091275,CatBoost Regressor
1220000.0000000002,1154883.675744026,CatBoost Regressor
729999.9999999998,595658.0466030583,CatBoost Regressor
2499999.9999999995,1259423.5918519075,CatBoost Regressor
2101436.0000000005,2086122.3932878391,CatBoost Regressor
594999.9999999997,672068.8086814412,CatBoost Regressor
1621937.9999999995,1512659.1684800584,CatBoost Regressor
1499999.9999999986,1430924.2424556077,CatBoost Regressor
1899999.9999999993,999141.1657187089,CatBoost Regressor
816000.0000000003,779921.0452026972,CatBoost Regressor
437725.00000000006,343471.9018971826,CatBoost Regressor
950000.0000000008,755089.6371414771,CatBoost Regressor
2635000.0,1287794.781733788,CatBoost Regressor
1420000.0000000012,989065.9894134105,CatBoost Regressor
804417.9999999994,551651.9634340213,CatBoost Regressor
979999.9999999997,646146.8093259869,CatBoost Regressor
1888625.0000000016,1909064.4210911572,CatBoost Regressor
1387999.9999999993,1083558.7932680114,CatBoost Regressor
1640000.0000000002,1363687.1538792974,CatBoost Regressor
1699999.9999999988,1520741.338744043,CatBoost Regressor
859999.9999999997,711303.0440298507,CatBoost Regressor
1807394.0000000007,2273511.553639945,CatBoost Regressor
2400000.000000001,1090915.2054859037,CatBoost Regressor
1499999.9999999986,984197.3621852255,CatBoost Regressor
1474999.999999999,1290593.8890791587,CatBoost Regressor
2150000.0,1414920.66407226,CatBoost Regressor
1185000.0000000005,1767456.7393767124,CatBoost Regressor
700000.0000000006,1089478.1103294701,CatBoost Regressor
1082532.9999999998,1378101.8650153952,CatBoost Regressor
1499999.9999999986,1021180.497302005,CatBoost Regressor
452499.99999999994,703502.4125913385,CatBoost Regressor
1190000.0000000002,1004392.8186530449,CatBoost Regressor
954099.9999999995,691633.7419666669,CatBoost Regressor
310000.0000000002,444875.5809888389,CatBoost Regressor
278849.99999999994,322568.63732911536,CatBoost Regressor
440000.0000000002,343833.0843954921,CatBoost Regressor
1110000.0000000002,849272.8661852048,CatBoost Regressor
781999.9999999998,598501.5928469113,CatBoost Regressor
104999.99999999997,1005626.6939988201,CatBoost Regressor
1650000.0000000007,1408090.023781399,CatBoost Regressor
349999.9999999997,320238.78036378557,CatBoost Regressor
1949999.999999999,1592904.7329075092,CatBoost Regressor
737999.9999999997,735442.9867144183,CatBoost Regressor
1290000.0000000007,990105.5679716049,CatBoost Regressor
575000.0000000001,742468.1079208796,CatBoost Regressor
884499.9999999993,1555035.5636329127,CatBoost Regressor
698999.9999999995,1144607.9565484603,CatBoost Regressor
399999.9999999999,785943.0157241699,CatBoost Regressor
1450000.0000000002,1259293.6690557515,CatBoost Regressor
895000.0000000007,732670.7223605026,CatBoost Regressor
1099999.9999999998,1004370.5802666149,CatBoost Regressor
342500.00000000023,418016.4248548091,CatBoost Regressor
1400000.0000000007,984125.1971491765,CatBoost Regressor
1629199.999999999,1236307.0839638114,CatBoost Regressor
518289.00000000006,705975.8282729342,CatBoost Regressor
339000.00000000023,363850.10846393433,CatBoost Regressor
390000.00000000035,484423.79862012644,CatBoost Regressor
480000.00000000006,611261.2838015147,CatBoost Regressor
994179.0000000002,928650.2938095748,CatBoost Regressor
669999.9999999998,722861.1270995006,CatBoost Regressor
979999.9999999997,703177.8044905558,CatBoost Regressor
1429999.9999999995,1629972.0367186542,CatBoost Regressor
499999.99999999977,818542.1333751664,CatBoost Regressor
2194305.9999999995,1387149.9477011194,CatBoost Regressor
637999.9999999997,526159.8769801311,CatBoost Regressor
880000.0,675633.8198758365,CatBoost Regressor
415000.00000000006,571886.4864864701,CatBoost Regressor
1889969.0000000002,1808491.0485766008,CatBoost Regressor
825000.0000000006,981106.6983545725,CatBoost Regressor
749000.0,528188.3135355214,CatBoost Regressor
639999.9999999998,583680.761788025,CatBoost Regressor
707499.9999999995,757407.4134646318,CatBoost Regressor
440000.0000000002,867171.2993170102,CatBoost Regressor
1075000.0,661072.0954353453,CatBoost Regressor
737500.0000000005,631303.5435740771,CatBoost Regressor
2275000.000000001,1003227.4976112638,CatBoost Regressor
1002169.0000000006,1007344.33526029,CatBoost Regressor
530000.0000000003,468648.59445172956,CatBoost Regressor
1943147.0,2009666.9524183806,CatBoost Regressor
719999.9999999995,672852.3219506076,CatBoost Regressor
1666116.9999999986,1959207.9570769446,CatBoost Regressor
188999.99999999988,241301.50150693298,CatBoost Regressor
339000.00000000023,381982.8209758784,CatBoost Regressor
950000.0000000008,504620.0287850978,CatBoost Regressor
2603892.999999999,996493.6569170571,CatBoost Regressor
1908128.000000001,1581492.047762971,CatBoost Regressor
1890555.9999999986,1649771.7348356398,CatBoost Regressor
1165000.0,987888.7948416541,CatBoost Regressor
1185000.0000000005,1313006.5802090382,CatBoost Regressor
1837737.9999999995,1709750.274604245,CatBoost Regressor
275000.0000000002,462499.5520800302,CatBoost Regressor
651680.0,780580.7589579722,CatBoost Regressor
1855701.0000000014,1617437.4657550121,CatBoost Regressor
1150000.0000000005,1322474.5120862862,CatBoost Regressor
607999.9999999998,665748.2342704126,CatBoost Regressor
685000.0000000005,433277.6638997272,CatBoost Regressor
1069999.9999999998,862294.5183061103,CatBoost Regressor
610000.0000000005,616779.3494731468,CatBoost Regressor
1614000.0000000012,880010.6503777051,CatBoost Regressor
170000.00000000012,187417.73800826955,CatBoost Regressor
455667.99999999965,887023.7438832553,CatBoost Regressor
2800000.000000002,1679044.063066149,CatBoost Regressor
1434999.9999999993,1163902.3102012887,CatBoost Regressor
1569389.0000000005,595136.8972717262,CatBoost Regressor
899999.9999999995,887404.8124686657,CatBoost Regressor
208000.00000000003,424817.14434325957,CatBoost Regressor
854999.9999999993,1293445.204591149,CatBoost Regressor
654999.9999999995,696965.1157300198,CatBoost Regressor
850000.0000000005,687894.251031052,CatBoost Regressor
499999.99999999977,363187.64685708546,CatBoost Regressor
630000.0000000006,664444.4231427927,CatBoost Regressor
195000.00000000006,333135.81680326135,CatBoost Regressor
530000.0000000003,760300.3818122736,CatBoost Regressor
399999.9999999999,1263692.9930473836,CatBoost Regressor
998999.9999999995,1285169.476598839,CatBoost Regressor
1570000.0000000005,1546851.1255172074,CatBoost Regressor
244999.99999999997,184328.9806241478,CatBoost Regressor
1930000.0000000014,1494601.656113931,CatBoost Regressor
1200000.0000000005,648301.7215749602,CatBoost Regressor
649000.0000000006,743540.7698329329,CatBoost Regressor
1400000.0000000007,916324.4435360946,CatBoost Regressor
310000.0000000002,440526.6216206202,CatBoost Regressor
834999.9999999998,597579.0997453972,CatBoost Regressor
240000.00000000003,267301.3714537048,CatBoost Regressor
525000.0000000003,736264.7678499111,CatBoost Regressor
1299999.9999999993,924649.217829923,CatBoost Regressor
794999.9999999998,1342675.624985508,CatBoost Regressor
2134999.9999999986,1367682.1122023538,CatBoost Regressor
840056.0000000006,884511.7984834894,CatBoost Regressor
613000.0000000001,356479.6606126094,CatBoost Regressor
199999.99999999997,187301.3645979095,CatBoost Regressor
577500.0,876372.0134489655,CatBoost Regressor
2446000.0000000005,1362178.6755341527,CatBoost Regressor
2900000.0000000014,1101200.4517154042,CatBoost Regressor
780000.0000000001,603092.3945857887,CatBoost Regressor
979999.9999999997,911841.0681290749,CatBoost Regressor
719999.9999999995,776266.6084626277,CatBoost Regressor
800000.0000000005,631624.356525859,CatBoost Regressor
375000.00000000006,479060.13489691284,CatBoost Regressor
1499999.9999999986,1623787.7931250334,CatBoost Regressor
1133500.0000000005,970111.541764576,CatBoost Regressor
1836070.0,1759491.210866333,CatBoost Regressor
678000.0000000002,545929.657876287,CatBoost Regressor
230000.0000000001,921627.2305938046,CatBoost Regressor
899999.9999999995,752038.5726347698,CatBoost Regressor
1855125.0000000005,1777129.6361956338,CatBoost Regressor
769999.9999999997,971512.2645107682,CatBoost Regressor
597000.0000000001,527569.9286162916,CatBoost Regressor
2390010.999999999,1775908.1155243583,CatBoost Regressor
922535.0000000002,1033940.2084081585,CatBoost Regressor
244999.99999999997,344732.99892880715,CatBoost Regressor
2030000.0000000007,1047806.9705247905,CatBoost Regressor
2287499.9999999986,832987.7365567404,CatBoost Regressor
1457325.999999999,1313215.181660431,CatBoost Regressor
1831761.9999999986,1764290.4568974525,CatBoost Regressor
585000.0000000003,497005.2943711241,CatBoost Regressor
278333.0000000002,753120.0284561346,CatBoost Regressor
375000.00000000006,561080.2886239005,CatBoost Regressor
534999.9999999995,715167.2484116728,CatBoost Regressor
1784938.0,1519033.0190497253,CatBoost Regressor
859999.9999999997,628303.5510858665,CatBoost Regressor
1759999.9999999986,1154156.1004081464,CatBoost Regressor
1082154.0000000002,1392135.8182788603,CatBoost Regressor
998999.9999999995,1002717.1747877222,CatBoost Regressor
950000.0000000008,1236818.0195443546,CatBoost Regressor
575000.0000000001,846954.9152273283,CatBoost Regressor
1887360.0,1573222.8426974728,CatBoost Regressor
215000.0,354557.5289090154,CatBoost Regressor
1200000.0000000005,965711.0692486059,CatBoost Regressor
936000.0000000008,1067850.8203223415,CatBoost Regressor
824500.0,808327.1364929432,CatBoost Regressor
588902.9999999998,1435565.0423904667,CatBoost Regressor
1974999.9999999986,597156.0474900752,CatBoost Regressor
671650.9999999997,1451221.1035321488,CatBoost Regressor
820000.0000000005,760135.9862503931,CatBoost Regressor
330000.0000000001,368428.27694261086,CatBoost Regressor
899999.9999999995,331397.90193550714,CatBoost Regressor
739999.9999999999,1055738.9293207426,CatBoost Regressor
324999.9999999999,502270.6343809373,CatBoost Regressor
521853.0000000004,1006621.9537123368,CatBoost Regressor
830000.0000000005,770594.0248017629,CatBoost Regressor
200300.00000000012,181415.4549294848,CatBoost Regressor
899999.9999999995,1291756.3600625785,CatBoost Regressor
378267.99999999965,376256.2526106289,CatBoost Regressor
188999.99999999988,249122.86075694827,CatBoost Regressor
2238605.9999999995,1341416.625557494,CatBoost Regressor
1041767.9999999991,1038088.9969796739,CatBoost Regressor
1314999.9999999998,1040059.6668035882,CatBoost Regressor
775000.0000000007,681538.0513782783,CatBoost Regressor
1874999.999999999,1200811.0600462137,CatBoost Regressor
759999.9999999999,647881.0878102258,CatBoost Regressor
2082113.0,1717444.4148338407,CatBoost Regressor
2119999.9999999986,1469428.1815887725,CatBoost Regressor
1899602.0,1809752.3705182802,CatBoost Regressor
790000.0000000003,652472.8855391176,CatBoost Regressor
2599999.9999999986,1303896.9450166798,CatBoost Regressor
2300000.0,1283832.1431898447,CatBoost Regressor
749999.9999999998,841445.3437667005,CatBoost Regressor
639999.9999999998,617173.0927057689,CatBoost Regressor
919999.9999999998,1240842.8379667022,CatBoost Regressor
1957232.0000000002,1846530.2266121649,CatBoost Regressor
289999.9999999999,418057.7807817428,CatBoost Regressor
1899022.0000000007,664493.598642161,CatBoost Regressor
1687160.9999999998,1754287.642376023,CatBoost Regressor
1260000.0,974001.044351602,CatBoost Regressor
294060.0000000001,290243.8070301195,CatBoost Regressor
909999.9999999997,635647.7030746323,CatBoost Regressor
984999.9999999994,897241.7720740075,CatBoost Regressor
1888620.0,1907516.903490439,CatBoost Regressor
2349999.999999999,1270062.330042228,CatBoost Regressor
780000.0000000001,679807.7141486619,CatBoost Regressor
2669519.0000000014,978743.1592982713,CatBoost Regressor
1249999.999999999,1154887.9189111097,CatBoost Regressor
608147.9999999999,620140.2215648853,CatBoost Regressor
910927.9999999997,1110906.6473835553,CatBoost Regressor
560000.0000000003,556432.1415404958,CatBoost Regressor
864999.9999999994,897711.6078733181,CatBoost Regressor
925000.0000000007,647063.8460182805,CatBoost Regressor
484999.99999999965,860014.2029701861,CatBoost Regressor
1680000.0000000005,1730870.284561104,CatBoost Regressor
1387331.0000000007,1026862.5220331112,CatBoost Regressor
2219785.000000002,1798348.6364551191,CatBoost Regressor
1901213.0,1737685.1274337452,CatBoost Regressor
780000.0000000001,741441.7897487835,CatBoost Regressor
1050000.0000000007,1003727.9337677397,CatBoost Regressor
2000000.0000000016,1721382.3497913468,CatBoost Regressor
139999.9999999999,193043.2581271775,CatBoost Regressor
1703245.0000000005,1961299.864011713,CatBoost Regressor
692513.9999999994,725360.3356701676,CatBoost Regressor
219999.99999999983,351127.2980951428,CatBoost Regressor
1293806.9999999993,1270974.2345074082,CatBoost Regressor
2238605.9999999995,1341416.625557494,CatBoost Regressor
1318000.0000000007,1084373.9750058556,CatBoost Regressor
1750124.9999999988,902645.3158507864,CatBoost Regressor
802000.0000000005,674376.6074688882,CatBoost Regressor
731000.0000000006,1258594.3125642256,CatBoost Regressor
519308.0000000001,697610.683365288,CatBoost Regressor
225000.00000000015,321967.0447245612,CatBoost Regressor
465000.00000000023,443694.8911109652,CatBoost Regressor
2400000.000000001,950859.485697812,CatBoost Regressor
685000.0000000005,503747.7038543266,CatBoost Regressor
1323725.0000000005,838162.367106936,CatBoost Regressor
1158885.9999999998,1087141.5189778632,CatBoost Regressor
1045400.0000000001,1059577.8805584928,CatBoost Regressor
2649999.999999999,1353148.6755486687,CatBoost Regressor
2002461.0000000005,1938029.5472667639,CatBoost Regressor
170000.00000000012,189796.78272036987,CatBoost Regressor
653238.9999999998,709306.1984206534,CatBoost Regressor
2824999.999999998,1699067.0318011323,CatBoost Regressor
830000.0000000005,801900.3724428255,CatBoost Regressor
540000.0000000001,723738.9637287674,CatBoost Regressor
249999.9999999998,299605.5849440331,CatBoost Regressor
938000.0000000002,1191777.0568668013,CatBoost Regressor
1318000.0000000007,1192243.763987798,CatBoost Regressor
1412499.999999999,1395915.0040257436,CatBoost Regressor
706598.9999999999,866199.3148853685,CatBoost Regressor
1020328.0,990827.6563909423,CatBoost Regressor
544999.9999999997,561158.2359763944,CatBoost Regressor
634999.9999999997,541110.9446328905,CatBoost Regressor
2550000.0,1317362.6425892112,CatBoost Regressor
790000.0000000003,501960.765940796,CatBoost Regressor
1450000.0000000002,1219218.3794157214,CatBoost Regressor
1234999.9999999995,792678.1901446872,CatBoost Regressor
814999.9999999993,685265.6671470774,CatBoost Regressor
2499999.9999999995,1545215.6354351598,CatBoost Regressor
978814.9999999992,961875.5449489699,CatBoost Regressor
1200000.0000000005,975437.4036594434,CatBoost Regressor
375000.00000000006,433654.71321573225,CatBoost Regressor
751900.0,760901.3154744868,CatBoost Regressor
499999.99999999977,537548.9046769335,CatBoost Regressor
390000.00000000035,605764.7402296595,CatBoost Regressor
725000.0000000006,734778.0173786518,CatBoost Regressor
206999.99999999994,593446.3385151338,CatBoost Regressor
1595000.0000000007,1272592.3945796734,CatBoost Regressor
1963320.0000000012,2014808.5160760465,CatBoost Regressor
499999.99999999977,783359.3786774378,CatBoost Regressor
1059999.9999999993,528108.8089161544,CatBoost Regressor
755000.0000000005,930814.4092826801,CatBoost Regressor
798999.9999999997,665703.8906983134,CatBoost Regressor
825000.0000000006,814245.0260708451,CatBoost Regressor
1354999.999999999,859245.7313434194,CatBoost Regressor
349999.9999999997,325618.79501178785,CatBoost Regressor
1120000.0000000005,1120716.928262705,CatBoost Regressor
710000.0,476455.5181252166,CatBoost Regressor
235000.0,310262.37227034254,CatBoost Regressor
497999.9999999996,429187.4545862733,CatBoost Regressor
2496999.9999999986,1479990.2683377932,CatBoost Regressor
1024999.9999999995,1060896.71055582,CatBoost Regressor
423257.9999999997,566306.0424389832,CatBoost Regressor
989999.9999999992,931236.1686996346,CatBoost Regressor
809999.9999999995,713788.425213106,CatBoost Regressor
178999.99999999994,391006.58574265905,CatBoost Regressor
575000.0000000001,630414.8093432633,CatBoost Regressor
1194999.999999999,825035.836216806,CatBoost Regressor
905000.0000000006,505367.00439896865,CatBoost Regressor
1625000.0000000012,811132.8893961813,CatBoost Regressor
1985564.0000000016,2055027.6063665901,CatBoost Regressor
2400000.000000001,1383808.3859230292,CatBoost Regressor
375000.00000000006,1043178.4558866074,CatBoost Regressor
1469999.999999999,940283.4394926792,CatBoost Regressor
349999.9999999997,1724044.3884648117,CatBoost Regressor
2375000.0,1160321.874863372,CatBoost Regressor
850000.0000000005,701595.1885010183,CatBoost Regressor
974999.9999999999,1110694.554462932,CatBoost Regressor
360000.0000000001,738428.751124554,CatBoost Regressor
149000.0,172880.16907627063,CatBoost Regressor
1244402.999999999,969287.2139403682,CatBoost Regressor
441000.00000000006,327946.24566732306,CatBoost Regressor
205000.0,299317.2268520054,CatBoost Regressor
240263.00000000017,456885.50474493316,CatBoost Regressor
515999.9999999997,1063890.998683312,CatBoost Regressor
763687.9999999994,799405.9873519267,CatBoost Regressor
366500.0000000002,836110.4788756644,CatBoost Regressor
634999.9999999997,556003.8121060268,CatBoost Regressor
1249999.999999999,1023222.2646445755,CatBoost Regressor
896999.9999999997,731948.8550120995,CatBoost Regressor
628834.9999999997,657719.5207118605,CatBoost Regressor
1636283.9999999998,1888512.5097887565,CatBoost Regressor
1698000.0000000007,1712384.418992235,CatBoost Regressor
455000.0,399880.74955959036,CatBoost Regressor
2050000.000000001,1567422.3376333527,CatBoost Regressor
441049.9999999998,769684.7029043488,CatBoost Regressor
287000.0000000001,467979.1041535277,CatBoost Regressor
570000.0000000001,586126.9445366864,CatBoost Regressor
527854.0,157004.46347177375,CatBoost Regressor
989999.9999999992,1098078.470505007,CatBoost Regressor
525000.0000000003,522798.3724680066,CatBoost Regressor
689999.9999999995,634669.0333180309,CatBoost Regressor
1699999.9999999988,1282058.8936298257,CatBoost Regressor
575000.0000000001,716955.5421327789,CatBoost Regressor
2403069.999999998,1527549.8487667576,CatBoost Regressor
265000.00000000006,300296.1298227057,CatBoost Regressor
2800000.000000002,1952428.1487654469,CatBoost Regressor
1069998.9999999995,1073026.365846924,CatBoost Regressor
121375.99999999999,592154.5148376123,CatBoost Regressor
199999.00000000006,211911.25618023824,CatBoost Regressor
360000.0000000001,305018.6064802652,CatBoost Regressor
840000.0000000005,668079.0864819798,CatBoost Regressor
560000.0000000003,528175.0961030291,CatBoost Regressor
600000.0000000003,528257.2307191304,CatBoost Regressor
1281739.000000001,1318682.5067333176,CatBoost Regressor
349999.9999999997,303238.1048473407,CatBoost Regressor
1550000.0000000012,1188785.0472106796,CatBoost Regressor
832000.0000000006,965806.0217013172,CatBoost Regressor
780000.0000000001,659060.6703176708,CatBoost Regressor
1706345.9999999993,1664832.9523751726,CatBoost Regressor
265000.00000000006,315788.729549255,CatBoost Regressor
999500.0000000003,658259.2297659863,CatBoost Regressor
195000.00000000006,289379.6106764403,CatBoost Regressor
479000.00000000035,329813.12094714213,CatBoost Regressor
2750000.0,1457966.8901871513,CatBoost Regressor
674999.9999999998,617186.3630018051,CatBoost Regressor
800000.0000000005,824693.6093622675,CatBoost Regressor
1350000.0,1416480.2153087,CatBoost Regressor
418999.9999999998,406173.5031038423,CatBoost Regressor
310000.0000000002,992686.6359745472,CatBoost Regressor
1364999.9999999993,1553031.9879051896,CatBoost Regressor
230000.0000000001,244379.8519043976,CatBoost Regressor
669999.9999999998,1191227.3573886906,CatBoost Regressor
1064304.0,1030440.7591199947,CatBoost Regressor
794999.9999999998,946770.2968390958,CatBoost Regressor
1050000.0000000007,545328.6489291531,CatBoost Regressor
175000.00000000012,311795.5119586487,CatBoost Regressor
700000.0000000006,596644.7542065305,CatBoost Regressor
449999.99999999994,687934.179778806,CatBoost Regressor
800000.0000000005,1067850.464679352,CatBoost Regressor
1770585.9999999995,1441875.976361597,CatBoost Regressor
950000.0000000008,1094567.178422185,CatBoost Regressor
1090000.0000000002,940981.8786703967,CatBoost Regressor
1333373.9999999998,1641772.6880613638,CatBoost Regressor
449999.99999999994,662021.9957901665,CatBoost Regressor
2499999.9999999995,1253173.1323624717,CatBoost Regressor
850000.0000000005,691718.2735733244,CatBoost Regressor
700000.0000000006,404807.8286978769,CatBoost Regressor
1438000.0000000005,1211541.481699808,CatBoost Regressor
2375000.0,1511389.3184147002,CatBoost Regressor
804999.9999999993,970455.4768622894,CatBoost Regressor
903102.9999999999,971486.9297681579,CatBoost Regressor
258000.00000000015,1134698.0911423112,CatBoost Regressor
210000.0,245082.8953814512,CatBoost Regressor
674999.9999999998,685822.8110968237,CatBoost Regressor
769999.9999999997,1016931.9841247326,CatBoost Regressor
1995000.0,1133784.6195451843,CatBoost Regressor
2854250.0000000023,1963637.2221734726,CatBoost Regressor
1910038.000000001,1914181.2184566744,CatBoost Regressor
444999.9999999997,525749.6974515892,CatBoost Regressor
2224999.999999999,1103811.8029125968,CatBoost Regressor
1175000.0,1033364.7241246339,CatBoost Regressor
649999.9999999995,343062.8422784107,CatBoost Regressor
479899.9999999998,997668.8968998328,CatBoost Regressor
2400000.000000001,1442819.1687974255,CatBoost Regressor
984999.9999999994,868040.0044973484,CatBoost Regressor
615000.0,396966.1510308008,CatBoost Regressor
1860997.0000000007,1880075.5374183785,CatBoost Regressor
395000.00000000035,460836.2313307575,CatBoost Regressor
2275000.000000001,1723820.242150436,CatBoost Regressor
1425000.0000000007,851914.2225069447,CatBoost Regressor
758000.0000000006,725436.362239237,CatBoost Regressor
377177.99999999994,366112.8861369136,CatBoost Regressor
1675000.0000000007,1342033.3369891855,CatBoost Regressor
940000.0000000006,992382.673481426,CatBoost Regressor
1120000.0000000005,795543.4612291083,CatBoost Regressor
615000.0,526206.7664253659,CatBoost Regressor
520000.0,313705.5284154112,CatBoost Regressor
1639815.0000000002,1609408.8627281412,CatBoost Regressor
929999.9999999993,1468109.2634223343,CatBoost Regressor
746000.0,589836.8778711347,CatBoost Regressor
1169999.9999999998,1337421.0200261634,CatBoost Regressor
1220000.0000000002,1214489.2331263209,CatBoost Regressor
1179999.9999999993,801615.325580459,CatBoost Regressor
1650000.0000000007,1528476.2272559768,CatBoost Regressor
1836000.0000000012,1294634.2890157627,CatBoost Regressor
1275000.0000000002,784924.9920290498,CatBoost Regressor
515000.00000000006,483054.1366320159,CatBoost Regressor
700000.0000000006,690866.7845911804,CatBoost Regressor
989999.9999999992,820093.2748829694,CatBoost Regressor
426000.0000000002,584423.1420902304,CatBoost Regressor
2250000.000000001,1413586.8343505356,CatBoost Regressor
929999.9999999993,931685.9182536367,CatBoost Regressor
287999.9999999999,346008.5238789683,CatBoost Regressor
40000.0,98735.383955523,CatBoost Regressor
789000.0000000007,757104.4972928423,CatBoost Regressor
1239887.999999999,1172410.935713857,CatBoost Regressor
1899999.9999999993,1305474.4130265813,CatBoost Regressor
435999.99999999965,420444.54743661266,CatBoost Regressor
185000.00000000006,268754.54165413283,CatBoost Regressor
1217999.0,1249495.2444831945,CatBoost Regressor
1374999.999999999,1585415.1027109507,CatBoost Regressor
630202.9999999997,587756.5926635752,CatBoost Regressor
299999.99999999977,309677.369215964,CatBoost Regressor
825000.0000000006,820049.0771735201,CatBoost Regressor
1283749.999999999,1749054.837230462,CatBoost Regressor
941880.9999999992,1002698.712593809,CatBoost Regressor
461150.0000000002,507515.48223839013,CatBoost Regressor
267999.99999999977,463198.6476704532,CatBoost Regressor
1904127.9999999998,1274097.0787429928,CatBoost Regressor
2375841.0000000014,1010288.1911886435,CatBoost Regressor
1910763.000000001,1799838.2785194223,CatBoost Regressor
1583041.9999999995,1866819.402102056,CatBoost Regressor
240000.00000000003,270987.3918877145,CatBoost Regressor
1128732.0000000002,1215750.4288056805,CatBoost Regressor
775000.0000000007,1319834.279197318,CatBoost Regressor
1389999.9999999988,1205040.3605264053,CatBoost Regressor
2000000.0000000016,856270.6880083303,CatBoost Regressor
133999.9999999999,1200917.6483139703,CatBoost Regressor
950000.0000000008,749558.6894174948,CatBoost Regressor
1350000.0,765418.037092948,CatBoost Regressor
1450000.0000000002,1252300.080507616,CatBoost Regressor
995000.0,930168.5027653937,CatBoost Regressor
710000.0,1078572.7271624578,CatBoost Regressor
390000.00000000035,521573.6677658249,CatBoost Regressor
1300085.000000001,1519624.1091907404,CatBoost Regressor
1499999.9999999986,1138563.2393720776,CatBoost Regressor
335553.99999999994,388395.5783617147,CatBoost Regressor
468127.00000000035,719416.1892259717,CatBoost Regressor
659999.9999999995,514862.07551279914,CatBoost Regressor
586512.0000000002,684469.9777063505,CatBoost Regressor
222499.99999999988,535866.6888136042,CatBoost Regressor
1080000.0000000002,786478.7628164036,CatBoost Regressor
969999.9999999999,1114967.6954116826,CatBoost Regressor
101400.00000000006,639141.4172740221,CatBoost Regressor
1499999.9999999986,1236731.4693150008,CatBoost Regressor
474999.99999999977,601752.1361910913,CatBoost Regressor
998999.9999999995,847143.6589968619,CatBoost Regressor
850000.0000000005,778491.2559169036,CatBoost Regressor
1080000.0000000002,752963.6312517092,CatBoost Regressor
729999.9999999998,574520.8295640345,CatBoost Regressor
228000.00000000003,332954.50824710174,CatBoost Regressor
998999.9999999995,876229.9563384516,CatBoost Regressor
170000.00000000012,1345762.8721274447,CatBoost Regressor
552000.0000000003,389582.16187805287,CatBoost Regressor
1773560.9999999998,1658549.0592020259,CatBoost Regressor
189999.9999999999,443503.54340887844,CatBoost Regressor
1299999.9999999993,787221.4638576054,CatBoost Regressor
376843.0000000001,385025.74504484236,CatBoost Regressor
1398057.0,1072473.1622033427,CatBoost Regressor
1600000.0000000012,1383624.8247521191,CatBoost Regressor
626499.9999999995,947733.3297257021,CatBoost Regressor
625000.0000000002,581302.87172597,CatBoost Regressor
775000.0000000007,598457.0974046623,CatBoost Regressor
1251457.0000000005,1255708.0187275563,CatBoost Regressor
1320000.000000001,1674677.039956707,CatBoost Regressor
150000.00000000006,227532.839361294,CatBoost Regressor
199999.99999999997,817309.229772104,CatBoost Regressor
504000.00000000023,1172913.9774236619,CatBoost Regressor
1040000.0000000009,955927.6237698345,CatBoost Regressor
509999.9999999998,350278.59612730466,CatBoost Regressor
2088458.9999999988,2064022.0182701012,CatBoost Regressor
2250000.000000001,467368.6592122622,CatBoost Regressor
700000.0000000006,883255.8124301231,CatBoost Regressor
344999.9999999997,306906.1035027058,CatBoost Regressor
379999.9999999999,380365.62425486086,CatBoost Regressor
1220000.0000000002,986678.0995925994,CatBoost Regressor
997885.0000000003,765259.66935465,CatBoost Regressor
892999.9999999997,928047.1127555744,CatBoost Regressor
549999.9999999998,661320.0969652996,CatBoost Regressor
780000.0000000001,850362.2262279035,CatBoost Regressor
1227357.9999999998,1169676.0253092744,CatBoost Regressor
360000.0000000001,471970.2442993694,CatBoost Regressor
1920000.0000000002,991457.562540853,CatBoost Regressor
820000.0000000005,1144892.1233506885,CatBoost Regressor
658807.9999999994,753538.2829155425,CatBoost Regressor
225000.00000000015,274120.09316944407,CatBoost Regressor
429000.00000000006,805327.7611267772,CatBoost Regressor
1682308.9999999993,1794286.761481305,CatBoost Regressor
1513566.9999999998,1421195.173779776,CatBoost Regressor
669000.0000000006,688870.8267251934,CatBoost Regressor
2070000.000000001,1206232.5754530972,CatBoost Regressor
850000.0000000005,713159.0860288664,CatBoost Regressor
979999.9999999997,1361313.0678107322,CatBoost Regressor
630000.0000000006,557160.407194381,CatBoost Regressor
579999.9999999997,821323.1955979991,CatBoost Regressor
1525000.0000000005,1456423.9577214848,CatBoost Regressor
145999.99999999997,255263.91243731687,CatBoost Regressor
346000.0,316949.8961468245,CatBoost Regressor
960000.0000000006,982518.9133361551,CatBoost Regressor
695000.0,842768.4663000565,CatBoost Regressor
1644643.0000000007,1653775.358839488,CatBoost Regressor
1490000.0000000002,589773.7547080225,CatBoost Regressor
1800000.000000001,1463738.8929077995,CatBoost Regressor
1491735.999999999,1141552.228446396,CatBoost Regressor
925000.0000000007,785958.4502975419,CatBoost Regressor
1699999.9999999988,1226376.9238991,CatBoost Regressor
918000.0000000002,893633.6084135092,CatBoost Regressor
339999.99999999994,427595.7296175794,CatBoost Regressor
1350000.0,815342.9564296092,CatBoost Regressor
1509999.9999999993,1286098.4728470182,CatBoost Regressor
460000.0000000002,472065.6976683172,CatBoost Regressor
2421357.9999999986,1317468.593218815,CatBoost Regressor
2499999.9999999995,882516.1743404253,CatBoost Regressor
1325000.0000000007,1019519.5479116045,CatBoost Regressor
435000.0,538966.577854471,CatBoost Regressor
1822667.9999999986,1668213.0272580127,CatBoost Regressor
642999.9999999997,542291.0538662486,CatBoost Regressor
729635.0000000002,758607.6373917507,CatBoost Regressor
461999.9999999998,343022.8265739124,CatBoost Regressor
1361748.9999999995,1381226.9084743443,CatBoost Regressor
719999.9999999995,743411.1755272426,CatBoost Regressor
1874999.999999999,1697667.0712630257,CatBoost Regressor
1270000.0000000002,1268843.1980561113,CatBoost Regressor
1340000.0000000002,1433471.1369799695,CatBoost Regressor
212500.00000000017,685687.530257751,CatBoost Regressor
362000.0,542046.1891963114,CatBoost Regressor
1820000.0000000005,1056378.1067457325,CatBoost Regressor
1809928.999999999,1853037.9130209223,CatBoost Regressor
1020000.0000000005,857315.8027261881,CatBoost Regressor
1293801.0000000007,1270974.2345074082,CatBoost Regressor
610949.9999999995,852607.0722193993,CatBoost Regressor
1485304.999999999,1205968.8413999698,CatBoost Regressor
850000.0000000005,820015.7605065696,CatBoost Regressor
1450000.0000000002,1006876.9131671266,CatBoost Regressor
1350000.0,1327429.6919072524,CatBoost Regressor
899999.9999999995,1059552.2076085021,CatBoost Regressor
1110000.0000000002,1412094.1037899766,CatBoost Regressor
1050000.0000000007,342164.9935706476,CatBoost Regressor
716835.9999999994,741115.2618429122,CatBoost Regressor
249999.9999999998,893473.0287041232,CatBoost Regressor
1179999.9999999993,1112552.572967734,CatBoost Regressor
868000.0,838895.9354431505,CatBoost Regressor
620000.0000000005,761018.5668662618,CatBoost Regressor
998999.9999999995,807337.8525143374,CatBoost Regressor
230000.0000000001,310573.31519874407,CatBoost Regressor
814999.9999999993,578484.2811526774,CatBoost Regressor
352999.9999999998,307130.89571115526,CatBoost Regressor
737999.9999999997,675713.0875487529,CatBoost Regressor
749999.9999999998,681162.7855786951,CatBoost Regressor
630000.0000000006,531804.0911054739,CatBoost Regressor
850000.0000000005,960609.6389763589,CatBoost Regressor
390000.00000000035,312535.7343323372,CatBoost Regressor
382500.00000000006,963224.0754712437,CatBoost Regressor
379000.0000000002,479965.3038552576,CatBoost Regressor
460000.0000000002,318203.0549627782,CatBoost Regressor
644969.9999999995,698857.4543152337,CatBoost Regressor
2153500.999999998,1902887.5502079774,CatBoost Regressor
1495000.000000001,1051610.9288618253,CatBoost Regressor
449999.99999999994,544848.9533149072,CatBoost Regressor
385000.00000000023,332733.87843758916,CatBoost Regressor
700000.0000000006,568070.9142379252,CatBoost Regressor
440000.0000000002,759876.0192970282,CatBoost Regressor
280000.0,350373.30818111205,CatBoost Regressor
850000.0000000005,948797.5856128456,CatBoost Regressor
1220000.0000000002,786537.4910206086,CatBoost Regressor
2326742.000000001,2290238.833874922,CatBoost Regressor
998465.0000000008,1040275.0638154723,CatBoost Regressor
719999.9999999995,898307.8098433148,CatBoost Regressor
800000.0000000005,915576.0449837763,CatBoost Regressor
225000.00000000015,191344.53237117798,CatBoost Regressor
884999.9999999998,770613.236006281,CatBoost Regressor
1009999.9999999992,876304.4644813451,CatBoost Regressor
719999.9999999995,713559.7763539047,CatBoost Regressor
2400000.000000001,1626975.62417769,CatBoost Regressor
960000.0000000006,1076246.06343313,CatBoost Regressor
1159000.0000000007,919344.1929278346,CatBoost Regressor
579999.9999999997,571028.80289069,CatBoost Regressor
1935000.0000000007,1100301.1572703002,CatBoost Regressor
1650000.0000000007,991141.9583049472,CatBoost Regressor
2026036.0,2119625.66405002,CatBoost Regressor
1614000.0000000012,1415590.0940178696,CatBoost Regressor
1099999.9999999998,1671065.787813046,CatBoost Regressor
880000.0,827645.5455655641,CatBoost Regressor
708900.0000000001,648510.8600820327,CatBoost Regressor
525000.0000000003,793286.769078396,CatBoost Regressor
549999.9999999998,1171957.7003696864,CatBoost Regressor
1202322.9999999998,1235591.4606755238,CatBoost Regressor
1517500.0000000012,1364965.0217995436,CatBoost Regressor
448987.0000000002,1812427.2703520993,CatBoost Regressor
1386870.0000000007,1386916.8837759066,CatBoost Regressor
840000.0000000005,1031745.4705657859,CatBoost Regressor
237000.00000000003,367670.9181401179,CatBoost Regressor
733140.0,555253.7172404579,CatBoost Regressor
809999.9999999995,580062.7528120237,CatBoost Regressor
275000.0000000002,465727.77195609134,CatBoost Regressor
150000.00000000006,246107.99991570876,CatBoost Regressor
727999.9999999999,917278.904290246,CatBoost Regressor
534999.9999999995,641877.024821995,CatBoost Regressor
712774.9999999995,1101548.2078143153,CatBoost Regressor
1338599.999999999,1268126.5444891518,CatBoost Regressor
2649999.999999999,1565479.4153166132,CatBoost Regressor
1215000.0000000012,1013098.1966782392,CatBoost Regressor
474999.99999999977,331346.1803078393,CatBoost Regressor
1270000.0000000002,1273627.9151586357,CatBoost Regressor
749999.9999999998,681335.8536989368,CatBoost Regressor
1160000.0000000002,1055039.324122607,CatBoost Regressor
465000.00000000023,333122.51120675256,CatBoost Regressor
1310000.000000001,890784.6804012908,CatBoost Regressor
1628666.9999999986,1227101.3662231048,CatBoost Regressor
974999.9999999999,911517.308224187,CatBoost Regressor
240000.00000000003,359843.04252364155,CatBoost Regressor
1124999.9999999995,987405.9634724972,CatBoost Regressor
800000.0000000005,539374.0376160804,CatBoost Regressor
749999.9999999998,693449.4343347603,CatBoost Regressor
999500.0000000003,652643.048459261,CatBoost Regressor
499999.99999999977,527388.0744902564,CatBoost Regressor
445999.9999999996,432293.80916184286,CatBoost Regressor
1563274.000000001,1371685.8402701938,CatBoost Regressor
1234999.9999999995,784358.9077256445,CatBoost Regressor
1261086.000000001,1218736.3505965387,CatBoost Regressor
199999.99999999997,796194.3534856427,CatBoost Regressor
1774907.000000001,1596007.9428841309,CatBoost Regressor
919999.9999999998,916057.0488293789,CatBoost Regressor
492011.9999999998,650435.997341125,CatBoost Regressor
1450000.0000000002,1194642.294053074,CatBoost Regressor
969999.9999999999,919925.135500013,CatBoost Regressor
850000.0000000005,351531.78454475,CatBoost Regressor
610949.9999999995,1164529.0456507902,CatBoost Regressor
425000.0000000002,445784.5014988582,CatBoost Regressor
2238605.9999999995,1341416.625557494,CatBoost Regressor
2100000.000000001,1258025.0260466766,CatBoost Regressor
950000.0000000008,1326114.8197616814,CatBoost Regressor
1425000.0000000007,868825.3468827358,CatBoost Regressor
1699999.9999999988,1719699.7798470992,CatBoost Regressor
1200000.0000000005,1622962.5810469235,CatBoost Regressor
302999.9999999998,392832.1158614136,CatBoost Regressor
969999.9999999999,722241.6735619503,CatBoost Regressor
759999.9999999999,829679.8254978255,CatBoost Regressor
119308.00000000003,139956.10757780884,CatBoost Regressor
936789.9999999997,699043.4241192153,CatBoost Regressor
549999.9999999998,626947.1154793013,CatBoost Regressor
249999.9999999998,492401.6967066437,CatBoost Regressor
633999.9999999994,1004356.5053137563,CatBoost Regressor
1764928.0,1898905.1022610827,CatBoost Regressor
257000.00000000015,352252.3516928462,CatBoost Regressor
541999.9999999995,469821.6557197404,CatBoost Regressor
599000.0,348667.74002251157,CatBoost Regressor
185000.00000000006,335821.7211751204,CatBoost Regressor
1249999.999999999,856399.4020862369,CatBoost Regressor
1980000.0000000016,1910602.3735553052,CatBoost Regressor
1749999.9999999998,1060775.9395509115,CatBoost Regressor
525000.0000000003,668721.511374412,CatBoost Regressor
1290000.0000000007,1081666.414175252,CatBoost Regressor
989999.9999999992,875627.6435811348,CatBoost Regressor
525000.0000000003,1394910.1621926872,CatBoost Regressor
725000.0000000006,650335.7944080302,CatBoost Regressor
649000.0000000006,468309.85585333913,CatBoost Regressor
134999.99999999997,175490.77185569875,CatBoost Regressor
425000.0000000002,601650.8547309177,CatBoost Regressor
1350000.0,1061667.4796816623,CatBoost Regressor
1648332.9999999986,1554936.7381089684,CatBoost Regressor
1694999.9999999998,809428.4459743613,CatBoost Regressor
560038.0000000002,593120.3066206861,CatBoost Regressor
1650000.0000000007,1996055.5100471298,CatBoost Regressor
1279000.0,932612.4700405472,CatBoost Regressor
549999.9999999998,844495.0492225128,CatBoost Regressor
585000.0000000003,464335.58796826523,CatBoost Regressor
210000.0,649290.2354642852,CatBoost Regressor
967337.9999999998,683226.0929096704,CatBoost Regressor
1293789.9999999998,1270974.2345074082,CatBoost Regressor
2649999.999999999,1068435.810105795,CatBoost Regressor
1377129.9999999993,1231646.1652178636,CatBoost Regressor
590000.0000000003,1042236.7870622028,CatBoost Regressor
1050000.0000000007,1135602.172216396,CatBoost Regressor
689611.0000000002,855601.382019014,CatBoost Regressor
725000.0000000006,781537.9417070345,CatBoost Regressor
600000.0000000003,461778.3363371586,CatBoost Regressor
664999.9999999995,522736.5825524372,CatBoost Regressor
955000.0000000001,809237.935911508,CatBoost Regressor
2000000.0000000016,856270.6880083303,CatBoost Regressor
1400000.0000000007,1787771.8383467891,CatBoost Regressor
2282087.9999999986,1916095.1391509266,CatBoost Regressor
680000.0000000003,920679.7053666741,CatBoost Regressor
455000.0,468504.8220792353,CatBoost Regressor
1090000.0000000002,1067745.3877940883,CatBoost Regressor
899999.9999999995,801499.0234493688,CatBoost Regressor
669999.9999999998,657925.5933169924,CatBoost Regressor
1244999.999999999,1005762.7974599113,CatBoost Regressor
1350000.0,1351110.2813879969,CatBoost Regressor
790000.0000000003,681460.2189526292,CatBoost Regressor
2912499.9999999986,1045965.0298155819,CatBoost Regressor
575000.0000000001,867205.5027730307,CatBoost Regressor
674999.9999999998,651084.5947085875,CatBoost Regressor
499750.0000000002,535866.6888136042,CatBoost Regressor
1277729.999999999,860089.6103117553,CatBoost Regressor
409999.9999999997,383457.5286056449,CatBoost Regressor
1509999.9999999993,1146794.8301429027,CatBoost Regressor
669999.9999999998,895445.9582323536,CatBoost Regressor
2599999.9999999986,1520498.1716252398,CatBoost Regressor
1699999.9999999988,1342140.6825367769,CatBoost Regressor
781083.0,746233.1467152938,CatBoost Regressor
1030000.0,917357.4021964563,CatBoost Regressor
1395000.0000000007,623663.325287981,CatBoost Regressor
53000.00000000002,691498.9308163201,CatBoost Regressor
613000.0000000001,613259.1933665037,CatBoost Regressor
889000.0000000006,1240068.0762947144,CatBoost Regressor
950284.0000000001,1077779.3350563056,CatBoost Regressor
850000.0000000005,660362.3607727096,CatBoost Regressor
814999.9999999993,622799.2386134957,CatBoost Regressor
1350000.0,860733.811828994,CatBoost Regressor
1150000.0000000005,1790149.1758247374,CatBoost Regressor
1728799.9999999988,1401207.691238451,CatBoost Regressor
1044999.9999999995,925505.4435367557,CatBoost Regressor
1115000.0000000007,1030290.7182166306,CatBoost Regressor
725000.0000000006,736478.9203163071,CatBoost Regressor
2116869.0,1644607.4611922386,CatBoost Regressor
1450000.0000000002,1787879.4558455031,CatBoost Regressor
1980704.000000001,1650602.1452103725,CatBoost Regressor
940000.0000000006,991236.4474898296,CatBoost Regressor
1200000.0000000005,1213223.0016047931,CatBoost Regressor
670561.9999999994,526698.6030168321,CatBoost Regressor
1571269.0000000007,1618452.679031665,CatBoost Regressor
1350000.0,1397132.1418786445,CatBoost Regressor
299999.99999999977,331086.6387942774,CatBoost Regressor
324999.9999999999,315407.1684926595,CatBoost Regressor
378281.9999999999,376256.2526106289,CatBoost Regressor
448999.99999999994,337335.92471457995,CatBoost Regressor
850000.0000000005,669206.9946579171,CatBoost Regressor
551000.0000000005,666107.0424212535,CatBoost Regressor
1515535.9999999993,1671754.148075655,CatBoost Regressor
2125370.9999999995,1895887.1148020022,CatBoost Regressor
804999.9999999993,634654.7863953371,CatBoost Regressor
2000000.0000000016,1014550.9021889042,CatBoost Regressor
1600000.0000000012,1286309.0590502094,CatBoost Regressor
749999.9999999998,891657.9396750788,CatBoost Regressor
749999.9999999998,1222262.3630413397,CatBoost Regressor
719999.9999999995,940858.5189823547,CatBoost Regressor
974999.9999999999,1050432.666534309,CatBoost Regressor
399999.9999999999,661906.2448829181,CatBoost Regressor
667000.0000000002,580703.3517288942,CatBoost Regressor
449999.99999999994,843067.3392283372,CatBoost Regressor
1499999.9999999986,882031.2579563266,CatBoost Regressor
349999.9999999997,244751.86835573777,CatBoost Regressor
969000.0000000008,672759.4510239763,CatBoost Regressor
899999.9999999995,927515.8757359555,CatBoost Regressor
739999.9999999999,726273.8284969102,CatBoost Regressor
758000.0000000006,723605.2213718324,CatBoost Regressor
1723001.0,1467200.2467963537,CatBoost Regressor
1828892.9999999998,1705039.5923504727,CatBoost Regressor
387499.99999999977,618926.0450399946,CatBoost Regressor
2323192.9999999995,2061917.5751514272,CatBoost Regressor
420000.0,528765.0065753048,CatBoost Regressor
2300000.0,1525332.0715344613,CatBoost Regressor
2900000.0000000014,1776418.9185574837,CatBoost Regressor
575000.0000000001,791978.822550895,CatBoost Regressor
658999.9999999997,571686.5545679616,CatBoost Regressor
1191704.0000000002,1346635.6393229063,CatBoost Regressor
1400000.0000000007,734571.1771043711,CatBoost Regressor
1559999.9999999998,1782888.922971662,CatBoost Regressor
1628850.9999999993,1641929.209143209,CatBoost Regressor
590000.0000000003,555878.3383351648,CatBoost Regressor
744999.9999999997,615241.771329761,CatBoost Regressor
674999.9999999998,945990.6160033271,CatBoost Regressor
684249.9999999997,639670.8298765984,CatBoost Regressor
493850.9999999998,597590.112180757,CatBoost Regressor
360000.0000000001,285858.45748301595,CatBoost Regressor
1525000.0000000005,683732.4465457695,CatBoost Regressor
950000.0000000008,875303.584663748,CatBoost Regressor
1713910.0000000007,1443656.3589777246,CatBoost Regressor
448999.99999999994,386347.094546379,CatBoost Regressor
2064999.9999999986,1234624.5705045187,CatBoost Regressor
306827.0000000002,536417.5363136987,CatBoost Regressor
1047218.0000000008,998620.8491215538,CatBoost Regressor
1949999.999999999,1632031.8843956098,CatBoost Regressor
247000.00000000006,661246.2822366322,CatBoost Regressor
267587.99999999994,650960.450052337,CatBoost Regressor
697999.9999999995,1095633.9658681091,CatBoost Regressor
1899999.9999999993,1851396.896224755,CatBoost Regressor
1350000.0,1651832.700510104,CatBoost Regressor
616000.0000000005,544635.5990053056,CatBoost Regressor
1216999.9999999998,1162133.6998501609,CatBoost Regressor
599000.0,852891.6747390351,CatBoost Regressor
495000.0000000004,565710.6396902079,CatBoost Regressor
1795000.0000000005,1773133.9685158783,CatBoost Regressor
2106783.0000000014,1938187.963865314,CatBoost Regressor
794999.9999999998,358370.6179221843,CatBoost Regressor
870000.0000000006,772531.1395792024,CatBoost Regressor
1749999.9999999998,845089.7207562217,CatBoost Regressor
205000.0,325652.2715881185,CatBoost Regressor
785000.0000000006,647832.2611279634,CatBoost Regressor
1650000.0000000007,1345526.4946375906,CatBoost Regressor
800000.0000000005,675140.0811845034,CatBoost Regressor
437000.00000000023,732954.2264815771,CatBoost Regressor
1702000.000000001,1359200.402193439,CatBoost Regressor
425000.0000000002,806782.5406581492,CatBoost Regressor
645000.0,274643.18354355445,CatBoost Regressor
797849.9999999994,863103.9353873465,CatBoost Regressor
834999.9999999998,966930.7958265669,CatBoost Regressor
1995000.0,1667651.0476902467,CatBoost Regressor
1310000.000000001,1092587.1860570384,CatBoost Regressor
1130951.999999999,1539548.5824628032,CatBoost Regressor
1175000.0,964817.1874074377,CatBoost Regressor
1499999.9999999986,671334.8893730735,CatBoost Regressor
974999.9999999999,1264078.3362888135,CatBoost Regressor
1200000.0000000005,823336.3985031015,CatBoost Regressor
785000.0000000006,591701.0928054827,CatBoost Regressor
585000.0000000003,677570.3273889446,CatBoost Regressor
929539.9999999997,698857.4543152337,CatBoost Regressor
344999.9999999997,487938.7427382221,CatBoost Regressor
891999.9999999993,716216.0809686386,CatBoost Regressor
537000.0,641321.8180658991,CatBoost Regressor
484999.99999999965,300766.455511825,CatBoost Regressor
1286999.9999999995,1082185.6583449796,CatBoost Regressor
1097719.0000000005,1505533.2721987609,CatBoost Regressor
966158.0000000005,1114278.8811877274,CatBoost Regressor
1612838.000000001,1624506.0837177648,CatBoost Regressor
846939.9999999993,665098.2601764774,CatBoost Regressor
1160000.0000000002,1200237.1981826685,CatBoost Regressor
1968941.0000000016,1887295.7241591208,CatBoost Regressor
1200000.0000000005,1222799.850617532,CatBoost Regressor
1800000.000000001,1194019.6605404622,CatBoost Regressor
1194999.999999999,980252.911333242,CatBoost Regressor
739999.9999999999,700933.959167079,CatBoost Regressor
341105.9999999999,349490.02574094996,CatBoost Regressor
177999.99999999994,327297.91025713435,CatBoost Regressor
735000.0000000005,778346.6154850761,CatBoost Regressor
830000.0000000005,653276.501667382,CatBoost Regressor
1930747.0000000012,1843433.2064340943,CatBoost Regressor
639999.9999999998,711556.6501087281,CatBoost Regressor
940000.0000000006,1128526.1540346507,CatBoost Regressor
669999.9999999998,566675.703205201,CatBoost Regressor
299999.99999999977,311331.18768784404,CatBoost Regressor
1859999.9999999993,1339381.5978184394,CatBoost Regressor
1150000.0000000005,824922.925262629,CatBoost Regressor
798999.9999999997,783290.8870348635,CatBoost Regressor
205000.0,341036.45682116365,CatBoost Regressor
2824999.999999998,1570615.5155174334,CatBoost Regressor
1440824.0,1132196.7408402602,CatBoost Regressor
2275345.000000002,2392595.553695142,CatBoost Regressor
100000.00000000004,321709.8232111842,CatBoost Regressor
379999.9999999999,302261.459455625,CatBoost Regressor
1854999.9999999993,1064596.1221009048,CatBoost Regressor
2499999.9999999995,1644339.4492637035,CatBoost Regressor
565000.0000000003,732730.5484194166,CatBoost Regressor
1869415.0000000012,1588137.6774530446,CatBoost Regressor
565000.0000000003,209849.9455203086,CatBoost Regressor
739000.0000000005,627148.5389304912,CatBoost Regressor
769999.9999999997,459954.56532399874,CatBoost Regressor
438887.0000000002,1116820.3179032227,CatBoost Regressor
915000.0000000002,931737.8650787448,CatBoost Regressor
1769013.9999999995,1184863.385325321,CatBoost Regressor
1737401.9999999995,1897789.441655727,CatBoost Regressor
555000.0000000002,523422.9029446274,CatBoost Regressor
974999.9999999999,770373.689227064,CatBoost Regressor
2724999.9999999995,1498082.8660451465,CatBoost Regressor
666953.9999999997,614242.0852906965,CatBoost Regressor
680000.0000000003,864952.7258257349,CatBoost Regressor
780000.0000000001,617854.2442276285,CatBoost Regressor
239000.00000000003,283033.1139763458,CatBoost Regressor
950000.0000000008,946173.0676873769,CatBoost Regressor
1395000.0000000007,1247423.2998830301,CatBoost Regressor
927385.9999999995,527462.4373613843,CatBoost Regressor
825000.0000000006,828006.9360683683,CatBoost Regressor
1024999.9999999995,832588.6895837635,CatBoost Regressor
385000.00000000023,325562.237488987,CatBoost Regressor
1800000.000000001,1563355.0150769108,CatBoost Regressor
1650000.0000000007,880994.9604605347,CatBoost Regressor
830000.0000000005,817868.5318096644,CatBoost Regressor
1160000.0000000002,689872.55397123,CatBoost Regressor
1910000.0000000005,1353830.7951460476,CatBoost Regressor
498999.9999999996,801113.5069833922,CatBoost Regressor
2900000.0000000014,1026938.282375069,CatBoost Regressor
680000.0000000003,629657.7157650302,CatBoost Regressor
560000.0000000003,636471.8074861168,CatBoost Regressor
2371999.9999999995,1184175.074475613,CatBoost Regressor
330000.0000000001,577296.7610190281,CatBoost Regressor
1227357.0000000002,1169676.0253092744,CatBoost Regressor
1018266.9999999992,936796.5547959864,CatBoost Regressor
2635000.0,1369560.6326651964,CatBoost Regressor
1474999.999999999,1028091.0029183149,CatBoost Regressor
1249999.999999999,856348.1221779982,CatBoost Regressor
950000.0000000008,846026.8047282054,CatBoost Regressor
315000.0000000002,824377.8557807952,CatBoost Regressor
1474999.999999999,936848.1418716284,CatBoost Regressor
982499.9999999993,554004.4945258865,CatBoost Regressor
2849999.999999999,1044464.1413139288,CatBoost Regressor
425000.0000000002,575271.1732249828,CatBoost Regressor
1009999.9999999992,664142.088583681,CatBoost Regressor
749999.9999999998,689261.2034352665,CatBoost Regressor
545999.9999999999,976364.5697224544,CatBoost Regressor
1499999.9999999986,1165617.595524446,CatBoost Regressor
1620000.0000000007,1527869.8100127527,CatBoost Regressor
610000.0000000005,723713.9570332555,CatBoost Regressor
1258575.9999999995,1329921.2056825468,CatBoost Regressor
1099999.9999999998,895300.859991994,CatBoost Regressor
864999.9999999994,721948.3527344129,CatBoost Regressor
2081647.0,1908520.8226247653,CatBoost Regressor
592084.9999999999,693130.8175426972,CatBoost Regressor
989999.9999999992,1237824.9545947767,CatBoost Regressor
1800000.000000001,1796784.1903375117,CatBoost Regressor
557999.9999999995,512525.6100756804,CatBoost Regressor
1206626.0000000007,1090998.3288184737,CatBoost Regressor
219999.99999999983,349282.2889757626,CatBoost Regressor
499999.99999999977,624612.9200222132,CatBoost Regressor
1299999.9999999993,305634.1339556983,CatBoost Regressor
1406000.000000001,694331.6787054782,CatBoost Regressor
1474999.999999999,793830.271989704,CatBoost Regressor
749999.9999999998,650385.1401473483,CatBoost Regressor
775000.0000000007,637809.662162366,CatBoost Regressor
992159.0000000005,1022824.8195741625,CatBoost Regressor
987999.9999999995,1396054.32411051,CatBoost Regressor
565000.0000000003,351131.3911122762,CatBoost Regressor
191999.99999999997,317520.25053790386,CatBoost Regressor
850000.0000000005,758801.2426076131,CatBoost Regressor
940845.0000000006,980528.1605223683,CatBoost Regressor
1212500.0,1253510.290950951,CatBoost Regressor
1899999.9999999993,1898880.0878443874,CatBoost Regressor
2400000.000000001,1659649.6289582178,CatBoost Regressor
415000.00000000006,298976.15939155355,CatBoost Regressor
259999.9999999998,266240.7378753932,CatBoost Regressor
789000.0000000007,670592.5608450843,CatBoost Regressor
714999.9999999995,542774.9427332778,CatBoost Regressor
449999.99999999994,348620.7640876528,CatBoost Regressor
1200000.0000000005,1281938.3354729475,CatBoost Regressor
974999.9999999999,997054.268312498,CatBoost Regressor
360000.0000000001,297611.22731817677,CatBoost Regressor
2000000.0000000016,856270.6880083303,CatBoost Regressor
600000.0000000003,604213.9081796018,CatBoost Regressor
537999.9999999998,610200.2713061686,CatBoost Regressor
1800000.000000001,1090507.7334591548,CatBoost Regressor
800000.0000000005,668379.4302140675,CatBoost Regressor
298657.0000000001,408907.7152259945,CatBoost Regressor
378262.0000000001,376256.2526106289,CatBoost Regressor
1190000.0000000002,1273368.6992969913,CatBoost Regressor
2599999.9999999986,1299762.0279376272,CatBoost Regressor
834999.9999999998,663900.1430617851,CatBoost Regressor
999799.0000000008,983672.1598808732,CatBoost Regressor
634999.9999999997,371739.96536446264,CatBoost Regressor
649999.9999999995,941567.6704282642,CatBoost Regressor
389500.0000000003,296130.4046250731,CatBoost Regressor
570000.0000000001,425759.0296295508,CatBoost Regressor
800000.0000000005,596537.065325528,CatBoost Regressor
689999.9999999995,761751.7805532945,CatBoost Regressor
2355000.000000002,1037884.2053877651,CatBoost Regressor
385000.00000000023,326542.70390987233,CatBoost Regressor
382500.00000000006,621789.0835482549,CatBoost Regressor
719999.9999999995,913236.867499016,CatBoost Regressor
749999.9999999998,665076.6128005877,CatBoost Regressor
315000.0000000002,261547.16159707648,CatBoost Regressor
2418470.000000002,2102230.662830195,CatBoost Regressor
1525000.0000000005,1377148.6067819449,CatBoost Regressor
402000.0000000001,303488.7278166077,CatBoost Regressor
699999.0000000002,698233.6911299662,CatBoost Regressor
1065000.0000000005,1139700.864328537,CatBoost Regressor
998999.9999999995,760051.8317915562,CatBoost Regressor
1055000.0000000007,1188305.8022361028,CatBoost Regressor
570000.0000000001,614684.916742399,CatBoost Regressor
1659999.9999999998,1253158.4633288106,CatBoost Regressor
364999.99999999977,472066.29936233856,CatBoost Regressor
725000.0000000006,732714.2525276142,CatBoost Regressor
1575000.0000000002,1046909.3289538859,CatBoost Regressor
1559999.9999999998,1302858.4594846077,CatBoost Regressor
424701.0000000003,701221.1029889242,CatBoost Regressor
989999.9999999992,1548389.7815498847,CatBoost Regressor
659999.9999999995,726921.3339919114,CatBoost Regressor
515000.00000000006,459699.0749025024,CatBoost Regressor
1450000.0000000002,891425.8932324158,CatBoost Regressor
1995000.0,1520694.4098220193,CatBoost Regressor
974999.9999999999,946697.506820136,CatBoost Regressor
1455564.9999999998,1502078.2125405434,CatBoost Regressor
998999.9999999995,1457291.8669512752,CatBoost Regressor
235000.0,1092938.3312124263,CatBoost Regressor
664999.9999999995,597039.8092678321,CatBoost Regressor
288999.9999999999,325248.0180884181,CatBoost Regressor
604999.9999999998,610845.2855047254,CatBoost Regressor
2849999.999999999,1820474.0603199557,CatBoost Regressor
1369287.0000000002,1560826.1554089412,CatBoost Regressor
950000.0000000008,902853.8574401482,CatBoost Regressor
1952843.9999999984,1940230.8359770228,CatBoost Regressor
758999.9999999998,550895.8682166279,CatBoost Regressor
549999.9999999998,1077009.7319810486,CatBoost Regressor
1080000.0000000002,943445.0012739886,CatBoost Regressor
654999.9999999995,773184.9854959551,CatBoost Regressor
2180000.0,1072589.3487457293,CatBoost Regressor
165000.00000000015,346597.34290204174,CatBoost Regressor
677349.9999999998,1218866.8585408116,CatBoost Regressor
2000000.0000000016,856270.6880083303,CatBoost Regressor
223000.00000000003,292993.63503728196,CatBoost Regressor
695000.0,694985.1150048596,CatBoost Regressor
1099999.9999999998,1111532.845148495,CatBoost Regressor
609500.0000000003,489783.6293718943,CatBoost Regressor
1020000.0000000005,857315.8027261881,CatBoost Regressor
1299999.9999999993,1112028.0931531617,CatBoost Regressor
397437.0000000001,382970.43705959606,CatBoost Regressor
2750000.0,1036075.2153230007,CatBoost Regressor
685000.0000000005,610702.7398375868,CatBoost Regressor
1320000.000000001,1029793.6182016896,CatBoost Regressor
881999.9999999999,394392.092434283,CatBoost Regressor
968000.0000000006,915367.4131126677,CatBoost Regressor
1224522.9999999993,1513376.4581259429,CatBoost Regressor
560000.0000000003,540128.0775372479,CatBoost Regressor
2345974.9999999995,1740111.1370540361,CatBoost Regressor
2000000.0000000016,1044468.6377614281,CatBoost Regressor
480000.00000000006,373994.82503778883,CatBoost Regressor
775000.0000000007,253581.8327466177,CatBoost Regressor
989999.9999999992,1314610.827429699,CatBoost Regressor
1086989.9999999995,1052649.3400546375,CatBoost Regressor
825000.0000000006,726064.0309023932,CatBoost Regressor
1830000.0000000014,1417260.5718511017,CatBoost Regressor
950000.0000000008,901864.5600834857,CatBoost Regressor
875000.0,972474.6904801757,CatBoost Regressor
1325000.0000000007,1111852.3049617757,CatBoost Regressor
324999.9999999999,315896.8453952376,CatBoost Regressor
1650000.0000000007,1031133.8577035111,CatBoost Regressor
1216706.9999999998,1416288.116908944,CatBoost Regressor
399999.9999999999,659368.7783116427,CatBoost Regressor
529000.0,876523.594512516,CatBoost Regressor
1479999.999999999,964682.7537415827,CatBoost Regressor
1212741.999999999,1069847.3871869827,CatBoost Regressor
349755.0000000003,442912.4649250139,CatBoost Regressor
560000.0000000003,787699.1786230494,CatBoost Regressor
1275000.0000000002,806855.4543324132,CatBoost Regressor
1849999.9999999995,1084341.7396762543,CatBoost Regressor
674999.9999999998,643961.4309486451,CatBoost Regressor
398999.99999999977,704266.0797560916,CatBoost Regressor
570000.0000000001,718816.809990763,CatBoost Regressor
469999.9999999998,394814.19840379205,CatBoost Regressor
899999.9999999995,800758.7196361803,CatBoost Regressor
505995.0,479078.29675366054,CatBoost Regressor
1249999.999999999,959675.8791608743,CatBoost Regressor
1160000.0000000002,926395.5635009989,CatBoost Regressor
935000.0000000006,899135.3535291486,CatBoost Regressor
1291294.9999999993,1323978.7688459647,CatBoost Regressor
800000.0000000005,667676.983361421,CatBoost Regressor
959999.0000000007,753245.3234614326,CatBoost Regressor
132499.9999999999,232666.8655297273,CatBoost Regressor
617000.0,526930.0674773884,CatBoost Regressor
233999.9999999999,314083.06041192677,CatBoost Regressor
1279999.9999999988,1109774.117765231,CatBoost Regressor
659999.9999999995,630498.9538452593,CatBoost Regressor
271499.00000000006,396417.910002292,CatBoost Regressor
495000.0000000004,851656.9052892725,CatBoost Regressor
469999.9999999998,793705.5964863693,CatBoost Regressor
999998.9999999995,1299274.9824793583,CatBoost Regressor
1040000.0000000009,938540.3429798917,CatBoost Regressor
999999.9999999997,856270.6880083303,CatBoost Regressor
759999.9999999999,1051565.7889278368,CatBoost Regressor
557779.9999999999,603103.549504978,CatBoost Regressor
737999.9999999997,714315.9904211656,CatBoost Regressor
830000.0000000005,701049.7735505373,CatBoost Regressor
428000.00000000023,438622.732216914,CatBoost Regressor
320000.00000000006,304559.59147860203,CatBoost Regressor
850000.0000000005,741247.8576736893,CatBoost Regressor
1200000.0000000005,1122090.883045634,CatBoost Regressor
1145531.0,1538510.6945915848,CatBoost Regressor
590000.0000000003,542167.0034543837,CatBoost Regressor
20000.000000000015,1186081.133558426,CatBoost Regressor
1800000.000000001,1531058.5006813025,CatBoost Regressor
599000.0,925993.880907632,CatBoost Regressor
999888.0000000006,717745.4967000748,CatBoost Regressor
294999.9999999998,355679.2221838167,CatBoost Regressor
399999.9999999999,282261.7953295305,CatBoost Regressor
402000.0000000001,682586.8828202293,CatBoost Regressor
130000.00000000009,185145.49567570677,CatBoost Regressor
1229999.9999999995,1147951.0411057663,CatBoost Regressor
2199999.9999999995,1691293.1825811588,CatBoost Regressor
1575000.0000000002,1571722.8646983355,CatBoost Regressor
952063.9999999998,1122148.7321956214,CatBoost Regressor
533563.0000000002,671912.8452154591,CatBoost Regressor
265999.9999999998,506102.420337408,CatBoost Regressor
469999.9999999998,357171.0903003823,CatBoost Regressor
735000.0000000005,539907.317077102,CatBoost Regressor
1800000.000000001,984733.8858763142,CatBoost Regressor
1200000.0000000005,1388943.4643872571,CatBoost Regressor
840000.0000000005,841559.7106510634,CatBoost Regressor
1255000.0,1025062.3148944171,CatBoost Regressor
761999.9999999999,629948.7980915689,CatBoost Regressor
1910000.0000000005,1505667.3835554186,CatBoost Regressor
1490000.0000000002,1339294.950845576,CatBoost Regressor
1870132.0000000016,1662018.3860971935,CatBoost Regressor
999998.9999999995,860185.5754080543,CatBoost Regressor
604999.9999999998,449644.44907501136,CatBoost Regressor
1479999.999999999,1402875.1892478112,CatBoost Regressor
1621589.9999999986,1557003.9052501407,CatBoost Regressor
2150000.0,1044202.2705486343,CatBoost Regressor
840000.0000000005,715160.0294362225,CatBoost Regressor
1128728.0000000007,1215750.4288056805,CatBoost Regressor
780000.0000000001,691098.4244552016,CatBoost Regressor
630000.0000000006,652525.5895961442,CatBoost Regressor
1325000.0000000007,797556.32957034,CatBoost Regressor
850000.0000000005,907985.8774164381,CatBoost Regressor
999999.9999999997,1818584.0283897796,CatBoost Regressor
1400000.0000000007,541649.9238739988,CatBoost Regressor
850000.0000000005,612585.8249700948,CatBoost Regressor
1095000.0000000005,1282919.4920951035,CatBoost Regressor
405000.0000000001,742560.5996572089,CatBoost Regressor
484999.99999999965,378889.5289436742,CatBoost Regressor
465000.00000000023,846498.7011189995,CatBoost Regressor
1425832.9999999988,1384337.656272049,CatBoost Regressor
884999.9999999998,1066526.747791317,CatBoost Regressor
1334999.999999999,913120.9355576707,CatBoost Regressor
664999.9999999995,480101.5167583942,CatBoost Regressor
1995000.0,1424406.5601311394,CatBoost Regressor
850000.0000000005,1106361.8328151898,CatBoost Regressor
287499.9999999999,333374.61164433503,CatBoost Regressor
458999.99999999977,603966.7584732831,CatBoost Regressor
844999.9999999993,924943.3097895213,CatBoost Regressor
280000.0,344173.30097509274,CatBoost Regressor
890000.0000000002,771018.7593569532,CatBoost Regressor
2010260.0000000016,2106582.952228311,CatBoost Regressor
1625000.0000000012,939424.6440705879,CatBoost Regressor
1216000.0000000002,990328.3812038496,CatBoost Regressor
1175000.0,740797.3916843355,CatBoost Regressor
727999.9999999999,815263.5327427157,CatBoost Regressor
794999.9999999998,859828.5127508165,CatBoost Regressor
1334999.999999999,1004945.5179520468,CatBoost Regressor
901629.9999999999,644214.2151609361,CatBoost Regressor
699197.9999999998,571208.5813976304,CatBoost Regressor
199000.0000000001,275629.3899854666,CatBoost Regressor
1150000.0000000005,914834.8202838688,CatBoost Regressor
478000.0000000002,500824.89767547924,CatBoost Regressor
339999.99999999994,287084.8007926056,CatBoost Regressor
1585000.0000000002,776108.7243175665,CatBoost Regressor
1350000.0,973030.4024946791,CatBoost Regressor
1959852.000000001,1979131.1880690055,CatBoost Regressor
1420000.0000000012,759992.5648362596,CatBoost Regressor
651999.9999999995,677415.8570742409,CatBoost Regressor
700000.0000000006,783513.3311878401,CatBoost Regressor
437000.00000000023,357610.5373363646,CatBoost Regressor
929999.9999999993,912086.6903342996,CatBoost Regressor
947000.0,868901.832773341,CatBoost Regressor
420000.0,587349.4674650992,CatBoost Regressor
974999.9999999999,1165487.1575417318,CatBoost Regressor
982477.9999999998,1116748.8979933963,CatBoost Regressor
1099999.9999999998,1012314.9610049584,CatBoost Regressor
229000.00000000006,311244.5310940982,CatBoost Regressor
1850131.9999999993,1907814.483102573,CatBoost Regressor
2000000.0000000016,856270.6880083303,CatBoost Regressor
610949.9999999995,706565.1115078959,CatBoost Regressor
1152000.0000000002,1335102.7492167535,CatBoost Regressor
1303360.0000000005,1001554.5014511145,CatBoost Regressor
2000000.0000000016,847751.498262485,CatBoost Regressor
235999.9999999999,326748.05710017704,CatBoost Regressor
1625000.0000000012,1228901.2425226932,CatBoost Regressor
444999.9999999997,482302.6174463687,CatBoost Regressor
840000.0000000005,227461.1472866356,CatBoost Regressor
150000.00000000006,211698.29401422138,CatBoost Regressor
904572.9999999997,920010.82461921,CatBoost Regressor
185000.00000000006,1635071.5242246885,CatBoost Regressor
742499.9999999994,629322.0495156382,CatBoost Regressor
1974999.9999999986,1272661.4142078715,CatBoost Regressor
859999.9999999997,1084770.689316971,CatBoost Regressor
1206347.0000000005,1232252.7104575378,CatBoost Regressor
614847.9999999998,460806.10777026654,CatBoost Regressor
1270000.0000000002,991487.6808659129,CatBoost Regressor
600000.0000000003,1110040.9264329465,CatBoost Regressor
950000.0000000008,1070286.744179328,CatBoost Regressor
769999.9999999997,653396.2302874536,CatBoost Regressor
399999.9999999999,353679.48743164784,CatBoost Regressor
680000.0000000003,542569.3134181714,CatBoost Regressor
237000.00000000003,276209.089674941,CatBoost Regressor
304999.99999999977,648492.8337978686,CatBoost Regressor
1069999.9999999998,913953.7671124452,CatBoost Regressor
480000.00000000006,607898.6881746083,CatBoost Regressor
808000.0000000006,1347083.8387426003,CatBoost Regressor
907999.9999999992,869506.7987813154,CatBoost Regressor
661862.9999999995,660451.1866194975,CatBoost Regressor
928253.0000000007,1457807.7797481848,CatBoost Regressor
1429999.9999999995,1573943.9401530393,CatBoost Regressor
249999.9999999998,422576.96075130743,CatBoost Regressor
1769999.9999999984,1809201.9536766747,CatBoost Regressor
390000.00000000035,970834.4407667746,CatBoost Regressor
1350000.0,955351.1530474456,CatBoost Regressor
132965.00000000012,595136.8972717262,CatBoost Regressor
752867.9999999994,791203.291117416,CatBoost Regressor
979999.9999999997,793037.6176409924,CatBoost Regressor
1200000.0000000005,882326.6063929809,CatBoost Regressor
637999.9999999997,550588.7218472459,CatBoost Regressor
2750000.0,780155.4120497775,CatBoost Regressor
344760.0000000001,432589.0840666622,CatBoost Regressor
610000.0000000005,654117.8278904416,CatBoost Regressor
2300000.0,1031105.9782585952,CatBoost Regressor
1600000.0000000012,1087762.5339893661,CatBoost Regressor
900999.9999999997,1429141.4472417864,CatBoost Regressor
1675838.0000000012,1742320.8827090315,CatBoost Regressor
700000.0000000006,668974.3387827297,CatBoost Regressor
2199999.9999999995,868622.5448964629,CatBoost Regressor
1624108.9999999988,1143859.5465650093,CatBoost Regressor
1989999.9999999988,1318138.8251122793,CatBoost Regressor
1832787.0000000002,1845180.9011835223,CatBoost Regressor
870000.0000000006,817428.0192034643,CatBoost Regressor
1175000.0,1267667.3910644883,CatBoost Regressor
1299999.9999999993,1487749.5256168204,CatBoost Regressor
1044500.0000000008,942953.7503902557,CatBoost Regressor
899999.9999999995,1008575.7871551116,CatBoost Regressor
719999.9999999995,1048129.5508187652,CatBoost Regressor
718000.0000000005,699575.0861430422,CatBoost Regressor
525000.0000000003,591936.1669573468,CatBoost Regressor
524398.9999999999,727303.7691895531,CatBoost Regressor
989999.9999999992,1601667.954465436,CatBoost Regressor
729999.9999999998,618713.8409250717,CatBoost Regressor
1220858.999999999,1278640.901647772,CatBoost Regressor
899999.9999999995,1023033.4104047938,CatBoost Regressor
781088.9999999995,746233.1467152938,CatBoost Regressor
649999.9999999995,727251.2663736906,CatBoost Regressor
2309999.999999998,1689170.617206298,CatBoost Regressor
2060769.9999999986,1924197.5732886046,CatBoost Regressor
570000.0000000001,556309.3925365922,CatBoost Regressor
1910039.0,1916736.772700893,CatBoost Regressor
949000.0000000002,969979.1167775425,CatBoost Regressor
2050000.000000001,1193842.3599544764,CatBoost Regressor
935000.0000000006,860820.4691106196,CatBoost Regressor
899999.9999999995,887687.043705506,CatBoost Regressor
1579999.9999999998,1502145.3270011155,CatBoost Regressor
925000.0000000007,687356.3708252708,CatBoost Regressor
2052561.0000000002,1501503.2678439931,CatBoost Regressor
2950000.000000002,1024677.9159492955,CatBoost Regressor
864999.9999999994,851265.7666203531,CatBoost Regressor
746750.0000000005,590383.9215182826,CatBoost Regressor
880000.0,749357.8906441501,CatBoost Regressor
1200000.0000000005,1640942.5909587,CatBoost Regressor
825000.0000000006,861225.5742020187,CatBoost Regressor
999998.9999999995,1269938.0041668154,CatBoost Regressor
1499999.9999999986,1288345.4319333252,CatBoost Regressor
807500.0000000006,615101.4035283544,CatBoost Regressor
385000.00000000023,266860.44747586414,CatBoost Regressor
1159371.0000000007,1159794.6410590862,CatBoost Regressor
789144.0,769769.6851542077,CatBoost Regressor
758800.0000000003,766456.9993733399,CatBoost Regressor
464062.9999999997,673589.142718604,CatBoost Regressor
870000.0000000006,570601.4537529963,CatBoost Regressor
2603902.999999999,2323032.2823412647,CatBoost Regressor
512000.00000000023,598015.0885078559,CatBoost Regressor
989999.9999999992,836704.1887394947,CatBoost Regressor
700000.0000000006,827127.5315177488,CatBoost Regressor
995000.0,1124835.1928796468,CatBoost Regressor
998999.9999999995,809175.5971984745,CatBoost Regressor
1124999.9999999995,1030478.1577693224,CatBoost Regressor
794999.9999999998,839156.4047227926,CatBoost Regressor
379999.9999999999,306948.7503666473,CatBoost Regressor
1397553.000000001,1781673.265243724,CatBoost Regressor
1099999.9999999998,893303.4317352,CatBoost Regressor
2329249.999999998,1874418.4015291266,CatBoost Regressor
360000.0000000001,497670.89682499634,CatBoost Regressor
639999.9999999998,566759.4709059474,CatBoost Regressor
1190000.0000000002,977743.755222957,CatBoost Regressor
704999.9999999995,607147.2471257687,CatBoost Regressor
884999.9999999998,799507.3922067455,CatBoost Regressor
2729999.999999998,1586159.91973086,CatBoost Regressor
1394252.0000000012,1307133.9141762292,CatBoost Regressor
988999.9999999998,719470.1221269412,CatBoost Regressor
1687976.999999999,1662548.5159217685,CatBoost Regressor
2014999.9999999984,1823661.5552149804,CatBoost Regressor
781081.0000000003,746233.1467152938,CatBoost Regressor
299000.00000000006,311698.5784547369,CatBoost Regressor
490000.0,659249.5985792467,CatBoost Regressor
958499.9999999994,907944.5005748277,CatBoost Regressor
1802445.9999999986,1447463.3955417068,CatBoost Regressor
780000.0000000001,582316.0798671801,CatBoost Regressor
919999.9999999998,895035.2680090985,CatBoost Regressor
590000.0000000003,996816.3951973879,CatBoost Regressor
895000.0000000007,621460.12167578,CatBoost Regressor
979999.9999999997,887604.8236632015,CatBoost Regressor
674999.9999999998,637759.3592023926,CatBoost Regressor
816000.0000000003,693889.5546919196,CatBoost Regressor
490000.0,652858.981623929,CatBoost Regressor
979999.9999999997,927519.9800022572,CatBoost Regressor
1893742.0,1673480.648546642,CatBoost Regressor
449999.99999999994,589711.8663972189,CatBoost Regressor
1318633.9999999988,769409.2189858021,CatBoost Regressor
639999.9999999998,492801.73826727504,CatBoost Regressor
749000.0,626883.8640602708,CatBoost Regressor
1050000.0000000007,1192808.4215735565,CatBoost Regressor
1910761.0000000012,1818874.9331803515,CatBoost Regressor
950000.0000000008,874003.2486528397,CatBoost Regressor
44039.00000000001,801266.1061305983,CatBoost Regressor
974999.9999999999,1551167.2258299484,CatBoost Regressor
674999.9999999998,792000.6140961413,CatBoost Regressor
449999.99999999994,339193.7721097992,CatBoost Regressor
1099999.9999999998,897253.0656689338,CatBoost Regressor
198324.00000000003,198764.37420762447,CatBoost Regressor
499999.99999999977,530007.0161817749,CatBoost Regressor
1600000.0000000012,843657.8050775579,CatBoost Regressor
1595000.0000000007,1189276.462122897,CatBoost Regressor
430000.00000000023,569677.3216842894,CatBoost Regressor
251999.00000000017,289952.203593822,CatBoost Regressor
1275000.0000000002,1412114.3140190335,CatBoost Regressor
449999.99999999994,675031.2604319088,CatBoost Regressor
950000.0000000008,994836.1096508191,CatBoost Regressor
310000.0000000002,374265.9391039183,CatBoost Regressor
330000.0000000001,332352.4163936657,CatBoost Regressor
399999.9999999999,659922.0015531728,CatBoost Regressor
369000.0000000001,317804.253282324,CatBoost Regressor
675063.9999999997,886366.5132119135,CatBoost Regressor
1550000.0000000012,1110768.3918019563,CatBoost Regressor
349999.9999999997,334591.88350853615,CatBoost Regressor
646589.0000000001,697359.234339936,CatBoost Regressor
369899.9999999998,323428.8968856511,CatBoost Regressor
689999.9999999995,720311.7403795555,CatBoost Regressor
1200000.0000000005,1027302.1411273745,CatBoost Regressor
925000.0000000007,976610.792136883,CatBoost Regressor
649900.0000000006,517879.5971441904,CatBoost Regressor
2174999.999999999,1430865.8642613823,CatBoost Regressor
761999.9999999999,660149.6799180548,CatBoost Regressor
749999.9999999998,681561.4499083234,CatBoost Regressor
2014695.0000000014,1723206.1955065036,CatBoost Regressor
1854999.9999999993,1411728.175912339,CatBoost Regressor
255000.0000000001,351037.7783057729,CatBoost Regressor
875000.0,725654.6581982254,CatBoost Regressor
375000.00000000006,285588.1183646389,CatBoost Regressor
1995000.0,835803.0801801337,CatBoost Regressor
620000.0000000005,889974.1179967793,CatBoost Regressor
1320000.000000001,1062243.75916121,CatBoost Regressor
474999.99999999977,230232.43406839148,CatBoost Regressor
397426.99999999994,382970.43705959606,CatBoost Regressor
484999.99999999965,860784.2050449757,CatBoost Regressor
1675000.0000000007,1434928.722577365,CatBoost Regressor
1319633.0000000005,1638631.8645950882,CatBoost Regressor
875000.0,796838.3526337144,CatBoost Regressor
2849999.999999999,1874731.9443217746,CatBoost Regressor
1706141.0000000012,1764435.179153481,CatBoost Regressor
899999.9999999995,653665.4449152177,CatBoost Regressor
1099999.9999999998,1310512.3916371108,CatBoost Regressor
1350000.0,1126816.8657811596,CatBoost Regressor
1600000.0000000012,1299062.0859565863,CatBoost Regressor
919999.9999999998,1171230.5622654967,CatBoost Regressor
2059153.9999999995,1765456.9229343839,CatBoost Regressor
765000.0000000003,691630.2070295796,CatBoost Regressor
1680113.0000000012,1274349.527537724,CatBoost Regressor
647999.9999999999,656853.6548897679,CatBoost Regressor
400530.00000000035,253268.64791030812,CatBoost Regressor
474999.99999999977,502244.35471791157,CatBoost Regressor
544763.9999999998,634273.9297977634,CatBoost Regressor
1015000.0000000001,891207.1885480589,CatBoost Regressor
751513.9999999999,961356.4349983354,CatBoost Regressor
744999.9999999997,726390.1701415065,CatBoost Regressor
455000.0,1161230.7017582783,CatBoost Regressor
1200000.0000000005,1021963.4972685294,CatBoost Regressor
1160000.0000000002,1023269.6925849183,CatBoost Regressor
10000.00000000001,1111842.309009475,CatBoost Regressor
142500.00000000012,667800.7952623077,CatBoost Regressor
1048854.9999999995,761065.6715930712,CatBoost Regressor
1160000.0000000002,1068391.7006217928,CatBoost Regressor
1535000.0000000002,882391.2442684312,CatBoost Regressor
334999.9999999998,403837.5273172857,CatBoost Regressor
385000.00000000023,494060.89241031307,CatBoost Regressor
622000.0,451144.89081174723,CatBoost Regressor
840000.0000000005,790649.2409519727,CatBoost Regressor
340800.0000000002,627650.3768078298,CatBoost Regressor
446618.0000000001,529747.711384517,CatBoost Regressor
1800000.000000001,1325863.8160937421,CatBoost Regressor
289999.9999999999,246535.29549981048,CatBoost Regressor
303408.99999999994,1330948.0388365518,CatBoost Regressor
2245663.9999999995,1801439.9695087487,CatBoost Regressor
870000.0000000006,708623.1736510654,CatBoost Regressor
680000.0000000003,617045.1764631128,CatBoost Regressor
989999.9999999992,973507.193370378,CatBoost Regressor
1980000.0000000016,1515232.32311062,CatBoost Regressor
560038.0000000002,499046.69651437865,CatBoost Regressor
2137122.0,2006867.331999916,CatBoost Regressor
225000.00000000015,264690.83495021536,CatBoost Regressor
2750000.0,1861522.9109528232,CatBoost Regressor
2776999.999999999,1317237.8040515322,CatBoost Regressor
402000.0000000001,644245.211480423,CatBoost Regressor
615000.0,306998.6870098859,CatBoost Regressor
354999.9999999998,314459.18913604843,CatBoost Regressor
834999.9999999998,659703.704145443,CatBoost Regressor
1350000.0,1456089.8122678688,CatBoost Regressor
1293813.999999999,1288549.421238475,CatBoost Regressor
649999.9999999995,752067.6663679089,CatBoost Regressor
420000.0,1037856.713721519,CatBoost Regressor
1014216.0000000009,2116953.6826599664,CatBoost Regressor
330750.0000000003,682022.7670242173,CatBoost Regressor
229000.00000000006,327697.73998258193,CatBoost Regressor
419149.99999999994,477766.27405664243,CatBoost Regressor
1625000.0000000012,1313574.8549630542,CatBoost Regressor
940000.0000000006,880115.920318272,CatBoost Regressor
1055000.0000000007,821454.1925601,CatBoost Regressor
1374999.999999999,1085200.9273243204,CatBoost Regressor
834999.9999999998,948440.3983719886,CatBoost Regressor
989999.9999999992,830523.0345377885,CatBoost Regressor
420000.0,333767.1159930997,CatBoost Regressor
1126389.0,1085400.2311823815,CatBoost Regressor
978316.0000000006,777219.1897851258,CatBoost Regressor
2100000.000000001,1181907.6905884913,CatBoost Regressor
349999.9999999997,696218.1139956384,CatBoost Regressor
851696.9999999993,928575.9615600668,CatBoost Regressor
1281392.9999999995,1700174.2077924253,CatBoost Regressor
1160000.0000000002,1174348.4751705155,CatBoost Regressor
2250000.000000001,1385372.8191894095,CatBoost Regressor
850000.0000000005,728086.2775848113,CatBoost Regressor
998999.9999999995,1910470.4919629814,CatBoost Regressor
2800000.000000002,1221775.634633652,CatBoost Regressor
395000.00000000035,356791.9169412335,CatBoost Regressor
639999.9999999998,605583.2877657787,CatBoost Regressor
959411.0000000006,970986.8254479953,CatBoost Regressor
950000.0000000008,1085510.634447316,CatBoost Regressor
435000.0,324034.8265629415,CatBoost Regressor
1600000.0000000012,770198.8210912852,CatBoost Regressor
915000.0000000002,969012.9091658677,CatBoost Regressor
620000.0000000005,570697.9100533081,CatBoost Regressor
1800000.000000001,1308237.2297273953,CatBoost Regressor
855700.0000000005,1012877.895890119,CatBoost Regressor
1699999.9999999988,2049942.0277634137,CatBoost Regressor
493799.99999999965,455039.7408575979,CatBoost Regressor
870000.0000000006,856348.1221779982,CatBoost Regressor
688974.9999999998,437565.4694341193,CatBoost Regressor
364999.99999999977,209925.76521428017,CatBoost Regressor
409999.9999999997,465616.44962151395,CatBoost Regressor
710000.0,540852.4379782332,CatBoost Regressor
1800000.000000001,1672708.3122600708,CatBoost Regressor
385000.00000000023,297149.2869654618,CatBoost Regressor
1044999.9999999995,835918.0466340833,CatBoost Regressor
302163.9999999998,599271.4705305159,CatBoost Regressor
1019765.9999999994,1053380.0983851016,CatBoost Regressor
249999.9999999998,304526.8727971792,CatBoost Regressor
1320000.000000001,1628461.393666448,CatBoost Regressor
1169999.9999999998,1123703.2193096706,CatBoost Regressor
1344559.0000000005,1093703.5308215036,CatBoost Regressor
654999.9999999995,625498.4411332012,CatBoost Regressor
615000.0,854721.0491031279,CatBoost Regressor
1816782.9999999986,1937195.6776508037,CatBoost Regressor
1150000.0000000005,1115428.002592606,CatBoost Regressor
2224999.999999999,1411440.1338571755,CatBoost Regressor
884999.9999999998,1043357.8414601635,CatBoost Regressor
324999.9999999999,350296.0305537437,CatBoost Regressor
552000.0000000003,594718.8800440495,CatBoost Regressor
1129999.999999999,649416.4186999584,CatBoost Regressor
560000.0000000003,655418.101846417,CatBoost Regressor
831855.0000000003,894973.9664670302,CatBoost Regressor
1150000.0000000005,743903.5428704495,CatBoost Regressor
700000.0000000006,678594.0497478538,CatBoost Regressor
490000.0,345833.79179294745,CatBoost Regressor
249999.9999999998,644069.8514562991,CatBoost Regressor
1329999.9999999998,1200276.9041641876,CatBoost Regressor
674999.9999999998,826990.7976431497,CatBoost Regressor
664999.9999999995,688618.2357789305,CatBoost Regressor
341103.00000000006,349490.02574094996,CatBoost Regressor
360000.0000000001,591029.2167504772,CatBoost Regressor
265000.00000000006,372519.1165168797,CatBoost Regressor
541999.9999999995,342235.3149656757,CatBoost Regressor
595107.0000000002,732456.1106390697,CatBoost Regressor
287499.9999999999,311871.229238213,CatBoost Regressor
935000.0000000006,943538.1033240174,CatBoost Regressor
339999.99999999994,289811.2570897052,CatBoost Regressor
619499.9999999998,516202.2708707873,CatBoost Regressor
1299999.9999999993,1024305.4450460388,CatBoost Regressor
961000.0000000006,1324304.864595773,CatBoost Regressor
945000.0000000006,874039.4509406898,CatBoost Regressor
1823073.9999999984,1810294.4480204247,CatBoost Regressor
1075000.0,657244.1012378718,CatBoost Regressor
800000.0000000005,817548.3571079653,CatBoost Regressor
460000.0000000002,751520.826506868,CatBoost Regressor
1625000.0000000012,1338550.4558921983,CatBoost Regressor
1350000.0,1177171.3383462026,CatBoost Regressor
594999.9999999997,540886.4218730982,CatBoost Regressor
864999.9999999994,725299.3624224765,CatBoost Regressor
1899999.9999999993,1772452.7111227242,CatBoost Regressor
649999.9999999995,935987.5001059596,CatBoost Regressor
1839990.9999999988,1841377.8788003628,CatBoost Regressor
1910000.0000000005,1507648.7229861342,CatBoost Regressor
1469999.999999999,1164423.159543017,CatBoost Regressor
791499.9999999993,704128.0027024107,CatBoost Regressor
230000.0000000001,337722.74531478796,CatBoost Regressor
1299999.9999999993,1407879.367509042,CatBoost Regressor
1780999.9999999995,1003530.2336348766,CatBoost Regressor
875000.0,872398.900498659,CatBoost Regressor
2250000.000000001,1402255.687099277,CatBoost Regressor
1200000.0000000005,1077009.397696609,CatBoost Regressor
895000.0000000007,830815.8853709243,CatBoost Regressor
813749.9999999999,668438.1735739404,CatBoost Regressor
689999.9999999995,908004.2296596781,CatBoost Regressor
1160000.0000000002,815939.4339854715,CatBoost Regressor
1401788.9999999988,1307838.3987230582,CatBoost Regressor
1059999.9999999993,987515.6245881665,CatBoost Regressor
1575000.0000000002,1492095.8715933608,CatBoost Regressor
714301.9999999998,1274409.3215597968,CatBoost Regressor
1150000.0000000005,1106275.3035068847,CatBoost Regressor
265000.00000000006,454805.6172549627,CatBoost Regressor
973056.9999999998,1015127.9386105092,CatBoost Regressor
729999.9999999998,738472.0443029093,CatBoost Regressor
2849999.999999999,1564102.894988671,CatBoost Regressor
2603892.999999999,996493.6569170571,CatBoost Regressor
974999.9999999999,1219906.1737975616,CatBoost Regressor
1749999.9999999998,891141.5817586309,CatBoost Regressor
1050000.0000000007,920872.1890177889,CatBoost Regressor
998999.9999999995,1214427.6934244821,CatBoost Regressor
1099999.9999999998,1378187.4051608178,CatBoost Regressor
219999.99999999983,413424.10890381393,CatBoost Regressor
630192.9999999998,587756.5926635752,CatBoost Regressor
17267.000000000007,595325.9948079635,CatBoost Regressor
995000.0,860521.7466792449,CatBoost Regressor
1425550.0000000012,1047577.1496448338,CatBoost Regressor
265000.00000000006,210396.76686072897,CatBoost Regressor
1043386.0000000005,1017110.3233865515,CatBoost Regressor
1784999.9999999998,1248459.948562028,CatBoost Regressor
1920000.0000000002,1018935.0782757495,CatBoost Regressor
560000.0000000003,581113.9488065391,CatBoost Regressor
1210000.0000000012,1554272.6382877657,CatBoost Regressor
899999.9999999995,1183030.0033709418,CatBoost Regressor
989999.9999999992,1048029.9729897431,CatBoost Regressor
590000.0000000003,616269.1559771467,CatBoost Regressor
1715529.0000000012,1651594.9117839301,CatBoost Regressor
1650000.0000000007,989611.7023160192,CatBoost Regressor
778499.9999999998,707880.800087916,CatBoost Regressor
100000.00000000004,994088.4727036047,CatBoost Regressor
1474999.999999999,1299440.6931802158,CatBoost Regressor
1474999.999999999,1202529.6008665923,CatBoost Regressor
529900.0,327981.81516817224,CatBoost Regressor
600000.0000000003,623837.7488917509,CatBoost Regressor
934175.0000000003,463269.04069059,CatBoost Regressor
765000.0000000003,778636.9686221951,CatBoost Regressor
846999.9999999998,438500.2552320592,CatBoost Regressor
1699999.9999999988,1277811.8867003247,CatBoost Regressor
585494.0,717725.074620832,CatBoost Regressor
1200000.0000000005,1142712.598119124,CatBoost Regressor
1955000.000000001,1605769.5162602742,CatBoost Regressor
1324624.0000000002,1412705.0841612609,CatBoost Regressor
965000.0000000006,901408.8741345878,CatBoost Regressor
637576.9999999998,881346.5365174538,CatBoost Regressor
2398499.999999998,1531313.2572277645,CatBoost Regressor
590000.0000000003,661403.7890132832,CatBoost Regressor
199999.99999999997,665208.9029651135,CatBoost Regressor
1800000.000000001,1662124.062416315,CatBoost Regressor
1935999.9999999988,1271158.4731191285,CatBoost Regressor
689000.0000000006,900662.3978732389,CatBoost Regressor
589000.0,460733.89727093145,CatBoost Regressor
590000.0000000003,544274.9199035584,CatBoost Regressor
1800000.000000001,1186881.0291476855,CatBoost Regressor
344024.9999999998,301503.5642429754,CatBoost Regressor
1450000.0000000002,541297.8444121106,CatBoost Regressor
600000.0000000003,431071.2230541569,CatBoost Regressor
820000.0000000005,829056.6976164323,CatBoost Regressor
820000.0000000005,623153.366318567,CatBoost Regressor
1099999.9999999998,863093.0304323833,CatBoost Regressor
1249999.999999999,1358801.5613704778,CatBoost Regressor
1004506.0000000007,976028.4809696126,CatBoost Regressor
594999.9999999997,648717.7618531226,CatBoost Regressor
1450000.0000000002,734657.3421253026,CatBoost Regressor
800000.0000000005,1959866.7109782463,CatBoost Regressor
631170.9999999998,794445.0662446492,CatBoost Regressor
649999.9999999995,893712.1555367018,CatBoost Regressor
989999.9999999992,650959.0306585407,CatBoost Regressor
700000.0000000006,388066.94537580665,CatBoost Regressor
349999.9999999997,252301.7663479806,CatBoost Regressor
998462.9999999994,977943.7850777098,CatBoost Regressor
346678.0,353980.0407966531,CatBoost Regressor
899999.9999999995,814226.5713789272,CatBoost Regressor
1995000.0,1072029.0791550041,CatBoost Regressor
369999.99999999977,348498.9724369682,CatBoost Regressor
995000.0,783888.1541209031,CatBoost Regressor
858999.9999999997,722485.8159105061,CatBoost Regressor
1290000.0000000007,1020954.728995561,CatBoost Regressor
749999.9999999998,643070.8768618373,CatBoost Regressor
425000.0000000002,367427.0295030605,CatBoost Regressor
465000.00000000023,489918.27377814346,CatBoost Regressor
979999.9999999997,823640.783466895,CatBoost Regressor
769999.9999999997,785821.5013909887,CatBoost Regressor
1998999.9999999981,1322444.410369805,CatBoost Regressor
960000.0000000006,847175.7034936908,CatBoost Regressor
525000.0000000003,550320.0745368154,CatBoost Regressor
449999.99999999994,342177.81227166497,CatBoost Regressor
1169999.9999999998,942654.7438390739,CatBoost Regressor
780000.0000000001,1136482.805143689,CatBoost Regressor
1998999.9999999981,1786207.807622633,CatBoost Regressor
1249999.999999999,1435938.1608876367,CatBoost Regressor
167999.9999999999,246303.83187168336,CatBoost Regressor
945000.0000000006,1037028.2305397503,CatBoost Regressor
1280720.0000000002,1017166.4101223269,CatBoost Regressor
520000.0,692734.0490077446,CatBoost Regressor
1550000.0000000012,1289913.778153622,CatBoost Regressor
330000.0000000001,280251.9963992168,CatBoost Regressor
390000.00000000035,529711.8737140134,CatBoost Regressor
412000.0000000001,298397.17325398454,CatBoost Regressor
765000.0000000003,957051.3593022908,CatBoost Regressor
1252447.9999999995,1416716.6512594013,CatBoost Regressor
1310000.000000001,975402.0887109798,CatBoost Regressor
1635000.0000000005,1229871.7674999936,CatBoost Regressor
1995000.0,774728.6416216344,CatBoost Regressor
960000.0000000006,977129.8914373097,CatBoost Regressor
1675000.0000000007,956489.1922866747,CatBoost Regressor
1915000.0000000014,1377084.3305384002,CatBoost Regressor
645000.0,588952.9973873928,CatBoost Regressor
630000.0000000006,603336.4888779321,CatBoost Regressor
649999.9999999995,676771.9587433275,CatBoost Regressor
455000.0,571171.3621073114,CatBoost Regressor
180000.00000000003,289786.40090351406,CatBoost Regressor
1024999.9999999995,739687.252388978,CatBoost Regressor
700000.0000000006,599575.6562136343,CatBoost Regressor
2199999.9999999995,1818321.7599580297,CatBoost Regressor
2171229.0000000014,1942608.6243016461,CatBoost Regressor
680000.0000000003,773849.0928506482,CatBoost Regressor
880000.0,785949.3255760233,CatBoost Regressor
376802.00000000006,385025.74504484236,CatBoost Regressor
225000.00000000015,518596.2642056377,CatBoost Regressor
1830000.0000000014,1231885.2643929676,CatBoost Regressor
534999.9999999995,652571.7173897997,CatBoost Regressor
342500.00000000023,946351.1546172833,CatBoost Regressor
560000.0000000003,587160.0338540883,CatBoost Regressor
499999.99999999977,883584.9089805725,CatBoost Regressor
324999.9999999999,462579.44532773865,CatBoost Regressor
1050000.0000000007,902152.7811320493,CatBoost Regressor
474999.99999999977,466872.8098127234,CatBoost Regressor
1675000.0000000007,1044750.8864807751,CatBoost Regressor
299999.99999999977,1015954.4345107244,CatBoost Regressor
676000.0000000001,1049618.349477691,CatBoost Regressor
367474.0000000001,467778.1704104241,CatBoost Regressor
830000.0000000005,1115701.926374509,CatBoost Regressor
1784999.9999999998,1534531.108142836,CatBoost Regressor
1360000.0000000002,1487145.9190808062,CatBoost Regressor
1008612.9999999995,991754.0971804673,CatBoost Regressor
1417885.9999999995,1445099.6580855837,CatBoost Regressor
1496827.9999999995,1262163.5194520208,CatBoost Regressor
702000.0000000003,654070.6353112834,CatBoost Regressor
654999.9999999995,711975.3985359671,CatBoost Regressor
1200000.0000000005,1010614.1793432789,CatBoost Regressor
2499999.9999999995,1546851.1255172074,CatBoost Regressor
2000000.0000000016,1157002.7930772405,CatBoost Regressor
1002167.9999999995,1007344.33526029,CatBoost Regressor
865511.9999999993,985063.9198518797,CatBoost Regressor
751245.0000000003,757779.5998656098,CatBoost Regressor
371999.9999999998,307506.3992750649,CatBoost Regressor
1486784.9999999988,1311550.8381768737,CatBoost Regressor
1018250.0000000007,1070175.5366570572,CatBoost Regressor
435000.0,371023.889556089,CatBoost Regressor
486720.0000000001,762699.992959875,CatBoost Regressor
249999.9999999998,298043.0279491966,CatBoost Regressor
1701748.999999999,1795427.3963216208,CatBoost Regressor
579363.0,612773.0943315796,CatBoost Regressor
800000.0000000005,830044.555672078,CatBoost Regressor
1389999.9999999988,1227675.9448634386,CatBoost Regressor
252000.0000000001,294626.6075836296,CatBoost Regressor
1279999.9999999988,1121575.5761950796,CatBoost Regressor
786999.9999999995,349124.54374146246,CatBoost Regressor
735000.0000000005,622603.7659292408,CatBoost Regressor
685000.0000000005,696835.8905812519,CatBoost Regressor
54196.00000000003,1025357.5409851925,CatBoost Regressor
1037370.0,1063197.3475929564,CatBoost Regressor
1194999.999999999,906443.4215844648,CatBoost Regressor
1768579.000000001,1554494.4398726106,CatBoost Regressor
1980973.0000000002,1312853.3648866375,CatBoost Regressor
2199999.9999999995,1356300.0014871403,CatBoost Regressor
554945.0000000003,561361.7610888741,CatBoost Regressor
1150000.0000000005,966543.2941190916,CatBoost Regressor
1944306.9999999988,1912437.9090896891,CatBoost Regressor
1725000.0000000005,1515232.32311062,CatBoost Regressor
625686.0000000001,1064668.9019524353,CatBoost Regressor
844999.9999999993,872088.7651204006,CatBoost Regressor
1662560.9999999988,1590658.9836845484,CatBoost Regressor
1771879.9999999988,1919018.038084317,CatBoost Regressor
272500.00000000006,313708.24975702376,CatBoost Regressor
1499999.9999999986,1182736.0665978398,CatBoost Regressor
1420000.0000000012,1326423.161322717,CatBoost Regressor
339999.99999999994,349260.8557942186,CatBoost Regressor
287499.9999999999,560858.2263665803,CatBoost Regressor
1699999.9999999988,1232751.6631922848,CatBoost Regressor
2724999.9999999995,1103699.042310431,CatBoost Regressor
549999.9999999998,741993.2588498223,CatBoost Regressor
309000.00000000006,336244.37513192184,CatBoost Regressor
1510203.000000001,1609525.9978919425,CatBoost Regressor
1360000.0000000002,1325801.3356733187,CatBoost Regressor
440000.0000000002,336179.36842182884,CatBoost Regressor
249000.00000000006,246248.9162123444,CatBoost Regressor
1462499.9999999988,1191460.5836242868,CatBoost Regressor
1121896.0000000005,1034564.7937180036,CatBoost Regressor
1169999.9999999998,814685.1715182008,CatBoost Regressor
981000.0,1112757.9879015828,CatBoost Regressor
820000.0000000005,1392015.968785103,CatBoost Regressor
1175000.0,937842.7574378065,CatBoost Regressor
653000.0000000001,1080189.3572451894,CatBoost Regressor
657999.9999999998,586126.2867364933,CatBoost Regressor
413000.00000000006,465665.66242922476,CatBoost Regressor
1719999.9999999998,1379785.6238776497,CatBoost Regressor
1299999.9999999993,1194644.1164558795,CatBoost Regressor
449999.99999999994,493519.2527854544,CatBoost Regressor
172499.99999999985,321082.78511422063,CatBoost Regressor
689999.9999999995,547475.8731407361,CatBoost Regressor
484000.0000000002,502918.70757515565,CatBoost Regressor
804999.9999999993,1221317.0720867347,CatBoost Regressor
2499999.9999999995,1769144.9445384422,CatBoost Regressor
800000.0000000005,775587.0467309115,CatBoost Regressor
1635572.9999999988,2274427.9038617616,CatBoost Regressor
771000.0000000001,747602.879955514,CatBoost Regressor
149000.0,178296.46239314627,CatBoost Regressor
560000.0000000003,778186.6666501976,CatBoost Regressor
1161644.0,1116195.8277769946,CatBoost Regressor
499999.99999999977,325248.0180884181,CatBoost Regressor
2499999.9999999995,1700303.3956492082,CatBoost Regressor
1450000.0000000002,850689.6822908961,CatBoost Regressor
1579999.9999999998,1622352.4356019571,CatBoost Regressor
230000.0000000001,327923.6538177374,CatBoost Regressor
1095000.0000000005,1401816.431787082,CatBoost Regressor
2649999.999999999,890146.7812890311,CatBoost Regressor
308000.0000000001,443956.6260005092,CatBoost Regressor
30547.99999999998,624693.5288321374,CatBoost Regressor
950000.0000000008,852898.495074029,CatBoost Regressor
1559999.9999999998,1396502.064470494,CatBoost Regressor
2165000.000000001,1005361.6816139304,CatBoost Regressor
645000.0,629083.6129654498,CatBoost Regressor
1229999.9999999995,1007770.4154050389,CatBoost Regressor
1425000.0000000007,989176.7793310428,CatBoost Regressor
178999.99999999994,308039.2793533158,CatBoost Regressor
1231148.9999999998,842607.0592313828,CatBoost Regressor
780000.0000000001,319281.19367845706,CatBoost Regressor
785000.0000000006,656020.449485648,CatBoost Regressor
357500.0000000001,329089.2849514852,CatBoost Regressor
820000.0000000005,731683.8010171528,CatBoost Regressor
409999.9999999997,491824.9065854069,CatBoost Regressor
1099999.9999999998,1188013.3678132195,CatBoost Regressor
344999.9999999997,303903.5381614666,CatBoost Regressor
1221900.0000000005,1137183.193559041,CatBoost Regressor
2425000.000000001,1548571.273433202,CatBoost Regressor
929999.9999999993,1201045.2273726321,CatBoost Regressor
360000.0000000001,338946.6505865807,CatBoost Regressor
1327000.0000000002,1181876.1118239316,CatBoost Regressor
1535000.0000000002,1641552.7928175176,CatBoost Regressor
590000.0000000003,870820.7080853987,CatBoost Regressor
297999.9999999998,827972.8265734194,CatBoost Regressor
1505000.000000001,1267868.642368523,CatBoost Regressor
1185000.0000000005,1150895.8210450725,CatBoost Regressor
270000.00000000006,349759.89596781385,CatBoost Regressor
1600000.0000000012,1445519.0202176825,CatBoost Regressor
799326.0000000007,842013.5337316131,CatBoost Regressor
1749999.9999999998,1215457.2064915942,CatBoost Regressor
880000.0,932357.967701799,CatBoost Regressor
680000.0000000003,870418.4349720454,CatBoost Regressor
1370000.0000000007,1626975.62417769,CatBoost Regressor
997885.0000000003,1496758.8308669,CatBoost Regressor
2260000.0,884050.7282666004,CatBoost Regressor
2199999.9999999995,1292270.0118150627,CatBoost Regressor
364999.99999999977,788834.9672107375,CatBoost Regressor
2335000.0,1343012.2450016856,CatBoost Regressor
933441.0000000008,1202674.5794702938,CatBoost Regressor
339999.99999999994,322146.5968487042,CatBoost Regressor
591760.0000000003,779470.3612878761,CatBoost Regressor
1169999.9999999998,1167820.8856080468,CatBoost Regressor
254000.0000000002,181114.7329032843,CatBoost Regressor
549999.9999999998,695314.5130222087,CatBoost Regressor
484999.99999999965,367985.8995439097,CatBoost Regressor
2919999.9999999977,1553306.7122041655,CatBoost Regressor
379999.9999999999,300197.38395318744,CatBoost Regressor
1144999.9999999998,923104.7042973427,CatBoost Regressor
625000.0000000002,844429.4833206328,CatBoost Regressor
594999.9999999997,690203.0865034825,CatBoost Regressor
658999.9999999997,573908.4813285032,CatBoost Regressor
1511259.0000000005,1421651.4667006745,CatBoost Regressor
1899999.9999999993,1578967.525899725,CatBoost Regressor
25999.999999999985,175490.77185569875,CatBoost Regressor
1107283.999999999,376256.2526106289,CatBoost Regressor
1255380.000000001,1247646.0508465758,CatBoost Regressor
800000.0000000005,954315.536220933,CatBoost Regressor
979999.9999999997,1015726.910888517,CatBoost Regressor
1499999.9999999986,971573.413204457,CatBoost Regressor
1279999.9999999988,965391.1450643943,CatBoost Regressor
1325000.0000000007,1428767.7661433276,CatBoost Regressor
989999.9999999992,973231.9152399767,CatBoost Regressor
2275000.000000001,1747609.5205850452,CatBoost Regressor
2011581.9999999995,1856681.0020652178,CatBoost Regressor
995000.0,1132841.8004115664,CatBoost Regressor
2400000.000000001,1608331.3754657838,CatBoost Regressor
66000.0,156827.46365296558,CatBoost Regressor
884999.9999999998,842947.6300079129,CatBoost Regressor
1027999.9999999995,726429.8095414847,CatBoost Regressor
592499.9999999997,529502.617331174,CatBoost Regressor
840000.0000000005,699061.8427217255,CatBoost Regressor
600000.0000000003,769531.7670220362,CatBoost Regressor
1675000.0000000007,1537927.0873559376,CatBoost Regressor
744999.9999999997,382549.29920096794,CatBoost Regressor
759999.9999999999,1111492.0987967565,CatBoost Regressor
932757.9999999994,1176222.2271679614,CatBoost Regressor
981361.9999999998,1003051.2397355743,CatBoost Regressor
2000000.0000000016,1390087.5606300037,CatBoost Regressor
935000.0000000006,835428.015484987,CatBoost Regressor
825000.0000000006,732812.3007794011,CatBoost Regressor
772000.0000000001,778947.4187839242,CatBoost Regressor
929999.9999999993,820729.9755395125,CatBoost Regressor
1549000.0000000002,1375023.9511195167,CatBoost Regressor
658999.9999999997,714407.997027833,CatBoost Regressor
250999.99999999988,314392.3852967102,CatBoost Regressor
223324.0000000001,687534.5608524962,CatBoost Regressor
998999.9999999995,405134.5344511657,CatBoost Regressor
639999.9999999998,698635.3800056963,CatBoost Regressor
240000.00000000003,325562.237488987,CatBoost Regressor
1109117.000000001,973270.4146248362,CatBoost Regressor
1099999.9999999998,956172.3930201425,CatBoost Regressor
2575000.000000002,1554669.8196161974,CatBoost Regressor
394000.0000000002,284047.05220887804,CatBoost Regressor
549999.9999999998,548972.5649155952,CatBoost Regressor
2080403.000000001,2037126.0819879333,CatBoost Regressor
134999.99999999997,969350.4836735206,CatBoost Regressor
2516722.999999999,2255641.3055305057,CatBoost Regressor
1364999.9999999993,807298.0465470155,CatBoost Regressor
1650000.0000000007,1489450.6813479695,CatBoost Regressor
919999.9999999998,1205448.495157665,CatBoost Regressor
210000.0,330952.50156820816,CatBoost Regressor
999800.0000000002,995533.9922451484,CatBoost Regressor
637500.0000000003,662021.9957901665,CatBoost Regressor
2269999.999999998,894258.2612302636,CatBoost Regressor
304999.99999999977,283728.1237137622,CatBoost Regressor
430000.00000000023,584854.872165264,CatBoost Regressor
853450.0000000001,622018.9159478582,CatBoost Regressor
525000.0000000003,557737.1322533407,CatBoost Regressor
1667999.9999999988,1479127.0738075853,CatBoost Regressor
956525.0,785458.9580342663,CatBoost Regressor
1113349.9999999993,989751.1046465333,CatBoost Regressor
1262500.0,1581726.7366607145,CatBoost Regressor
2199999.9999999995,1338376.3466674483,CatBoost Regressor
560000.0000000003,745859.2760768571,CatBoost Regressor
719999.9999999995,681818.6782686118,CatBoost Regressor
449999.99999999994,940078.3428097703,CatBoost Regressor
299999.99999999977,248743.9124400813,CatBoost Regressor
998000.0000000008,988311.4209496275,CatBoost Regressor
749999.9999999998,688415.6162388668,CatBoost Regressor
649999.9999999995,1638808.963335367,CatBoost Regressor
649999.9999999995,739933.5834847237,CatBoost Regressor
1179999.9999999993,1004187.4108377108,CatBoost Regressor
2815365.000000002,886340.4199791537,CatBoost Regressor
999998.9999999995,1013374.3931237231,CatBoost Regressor
1400000.0000000007,1329083.1780257006,CatBoost Regressor
425000.0000000002,568188.4094499367,CatBoost Regressor
1725329.9999999988,1819034.7891781027,CatBoost Regressor
958669.0000000005,1207878.4513638797,CatBoost Regressor
962252.9999999997,967013.7725992884,CatBoost Regressor
549999.9999999998,328072.4493610522,CatBoost Regressor
660181.9999999995,884825.7692711136,CatBoost Regressor
1194999.999999999,1175167.2845597873,CatBoost Regressor
248000.0000000002,391605.40114927193,CatBoost Regressor
758800.0000000003,913788.0672653132,CatBoost Regressor
2170000.000000001,1597497.309760663,CatBoost Regressor
999999.9999999997,856270.6880083303,CatBoost Regressor
1644536.9999999998,1373053.2873929732,CatBoost Regressor
1354999.999999999,740331.256318522,CatBoost Regressor
1694999.9999999998,1149111.2726859602,CatBoost Regressor
330000.0000000001,701882.7212543772,CatBoost Regressor
1995000.0,1466064.214247814,CatBoost Regressor
1631508.9999999995,1681911.188576452,CatBoost Regressor
628999.9999999997,618492.4535671348,CatBoost Regressor
1474999.999999999,1054164.5719390195,CatBoost Regressor
2100000.000000001,951010.798176978,CatBoost Regressor
1150000.0000000005,830965.5473336483,CatBoost Regressor
2550000.0,1460056.6103844554,CatBoost Regressor
800000.0000000005,573631.5869136773,CatBoost Regressor
1669999.9999999988,800059.3063731379,CatBoost Regressor
1849999.9999999995,1265047.5722898832,CatBoost Regressor
969999.9999999999,853232.5879959672,CatBoost Regressor
649999.9999999995,697875.6415142529,CatBoost Regressor
1849999.9999999995,853132.6534050929,CatBoost Regressor
425000.0000000002,481380.54145311745,CatBoost Regressor
189999.9999999999,385843.0528145894,CatBoost Regressor
1749999.9999999998,1023310.0580278169,CatBoost Regressor
1985000.0000000014,1618390.8851179853,CatBoost Regressor
649999.9999999995,1011065.0545271635,CatBoost Regressor
834999.9999999998,962677.7564661481,CatBoost Regressor
349999.9999999997,942726.0455504884,CatBoost Regressor
989999.9999999992,940519.8715052641,CatBoost Regressor
1799864.0,1439928.3417672676,CatBoost Regressor
1417000.0000000007,1364786.1816623153,CatBoost Regressor
558484.0000000001,173477.60536509362,CatBoost Regressor
1610827.9999999988,1876214.2668986225,CatBoost Regressor
1122665.0,1587376.037747292,CatBoost Regressor
1210000.0000000012,943297.2667201484,CatBoost Regressor
575000.0000000001,678172.8410355296,CatBoost Regressor
830000.0000000005,640550.8161746023,CatBoost Regressor
2000000.0000000016,1561464.8118621972,CatBoost Regressor
310000.0000000002,347902.68960369047,CatBoost Regressor
1249999.999999999,1095596.669691744,CatBoost Regressor
725000.0000000006,634455.8159777073,CatBoost Regressor
853830.0000000006,797390.9139290027,CatBoost Regressor
2375000.0,872558.3649757681,CatBoost Regressor
354999.9999999998,362017.09561258886,CatBoost Regressor
1499999.9999999986,1554351.1709635,CatBoost Regressor
825000.0000000006,913568.4617421203,CatBoost Regressor
1600000.0000000012,1158522.240838949,CatBoost Regressor
339999.99999999994,756672.1119571128,CatBoost Regressor
604999.9999999998,652344.7479555018,CatBoost Regressor
2860642.999999999,2005801.184629394,CatBoost Regressor
249999.9999999998,240285.25495184594,CatBoost Regressor
719999.9999999995,880025.9060622622,CatBoost Regressor
1600000.0000000012,1044924.8260475304,CatBoost Regressor
950000.0000000008,810303.3945423209,CatBoost Regressor
1165000.0,1069754.177805217,CatBoost Regressor
634999.9999999997,818658.4409545029,CatBoost Regressor
460000.0000000002,488412.4590632379,CatBoost Regressor
398999.99999999977,762070.6137346056,CatBoost Regressor
749999.9999999998,492401.6967066437,CatBoost Regressor
395000.00000000035,407875.07578851,CatBoost Regressor
244999.99999999997,218298.88237987788,CatBoost Regressor
389998.99999999994,391028.6618270824,CatBoost Regressor
653000.0000000001,643728.5218508445,CatBoost Regressor
2470000.0000000014,1071167.635689122,CatBoost Regressor
517999.9999999999,555651.7052876772,CatBoost Regressor
1787500.0,1064026.920805859,CatBoost Regressor
1744999.9999999988,1717431.6298862426,CatBoost Regressor
369999.99999999977,697534.3297553994,CatBoost Regressor
1669999.9999999988,1436001.9045245647,CatBoost Regressor
1279000.0,1138711.590105441,CatBoost Regressor
771499.9999999995,866455.533223118,CatBoost Regressor
773870.0000000001,657439.6672205972,CatBoost Regressor
1024999.9999999995,1337617.3312493225,CatBoost Regressor
989826.9999999997,995685.9579492719,CatBoost Regressor
875000.0,640627.0479763667,CatBoost Regressor
600258.0000000001,804847.7487834925,CatBoost Regressor
685000.0000000005,797764.7974766601,CatBoost Regressor
518257.99999999977,640329.3430436197,CatBoost Regressor
1795383.0,701331.5838929978,CatBoost Regressor
509999.9999999998,723809.7637692716,CatBoost Regressor
1194999.999999999,1483147.50622734,CatBoost Regressor
1454999.9999999988,1303940.451749103,CatBoost Regressor
1194999.999999999,887002.9186238438,CatBoost Regressor
744999.9999999997,627649.678512877,CatBoost Regressor
998999.9999999995,1237867.2175080972,CatBoost Regressor
755000.0000000005,727305.3283735635,CatBoost Regressor
995016.0000000001,1001944.5517658283,CatBoost Regressor
1434999.9999999993,1187639.4935317403,CatBoost Regressor
1400000.0000000007,1524845.4464501368,CatBoost Regressor
857999.9999999999,748811.4156237799,CatBoost Regressor
1530800.0,1362324.669814514,CatBoost Regressor
729300.0000000005,555345.967721493,CatBoost Regressor
1924999.9999999995,752005.0742612473,CatBoost Regressor
899999.9999999995,759104.7118700944,CatBoost Regressor
100000.00000000004,223240.30153760914,CatBoost Regressor
344914.99999999977,426337.0872385779,CatBoost Regressor
2869999.9999999986,1782845.6881072423,CatBoost Regressor
674999.9999999998,640710.3328715973,CatBoost Regressor
2058553.0,2071255.9082946915,CatBoost Regressor
2740649.999999998,1137947.5529108301,CatBoost Regressor
744999.9999999997,692861.9914493979,CatBoost Regressor
1200000.0000000005,1111469.2809301098,CatBoost Regressor
895000.0000000007,713967.0791996779,CatBoost Regressor
1099999.9999999998,1091360.2621134962,CatBoost Regressor
1139659.0000000007,1013257.4373123345,CatBoost Regressor
2245000.0000000014,1814285.9964207266,CatBoost Regressor
555000.0000000002,557566.8706214809,CatBoost Regressor
428000.00000000023,766953.8759948864,CatBoost Regressor
998999.9999999995,1387910.5710030247,CatBoost Regressor
825000.0000000006,1028384.0165948297,CatBoost Regressor
1340086.999999999,1635668.2107346375,CatBoost Regressor
465000.00000000023,345871.6056028257,CatBoost Regressor
1075000.0,837276.33724405,CatBoost Regressor
670970.0,1518147.5326026944,CatBoost Regressor
284999.99999999994,367427.0295030605,CatBoost Regressor
903000.0000000003,748648.0232956064,CatBoost Regressor
700000.0000000006,820158.1566018012,CatBoost Regressor
308749.99999999977,618685.7600855303,CatBoost Regressor
405000.0000000001,326853.8469759109,CatBoost Regressor
2499999.9999999995,1018550.366958685,CatBoost Regressor
320000.00000000006,312255.3094395724,CatBoost Regressor
610000.0000000005,516376.7681379514,CatBoost Regressor
265000.00000000006,310054.54162734863,CatBoost Regressor
1050000.0000000007,1209244.0829484074,CatBoost Regressor
304999.99999999977,220802.88214320922,CatBoost Regressor
1050000.0000000007,898779.5782256027,CatBoost Regressor
651000.0000000001,615584.6354696023,CatBoost Regressor
1200000.0000000005,1322544.839751744,CatBoost Regressor
1824999.9999999984,965145.6870048728,CatBoost Regressor
1575000.0000000002,1487733.4675971149,CatBoost Regressor
729999.9999999998,734475.04310059,CatBoost Regressor
864999.9999999994,639879.1616035334,CatBoost Regressor
1952124.9999999998,1520280.8790642011,CatBoost Regressor
1255999.999999999,1250309.7780618719,CatBoost Regressor
230000.0000000001,267121.8839501949,CatBoost Regressor
798999.9999999997,824641.913916304,CatBoost Regressor
1140000.0000000002,680168.1735321934,CatBoost Regressor
294999.9999999998,294994.87654446607,CatBoost Regressor
669999.9999999998,568571.6530587904,CatBoost Regressor
1970661.0000000014,1805070.925321648,CatBoost Regressor
1600000.0000000012,1150103.883890409,CatBoost Regressor
1463556.0000000012,1414678.1363813183,CatBoost Regressor
600000.0000000003,499920.37447193486,CatBoost Regressor
1160000.0000000002,868282.1727430422,CatBoost Regressor
258322.9999999999,433076.1164496917,CatBoost Regressor
515000.00000000006,772401.777850229,CatBoost Regressor
989999.9999999992,1162501.0804223653,CatBoost Regressor
2084400.0000000012,1804135.4630880402,CatBoost Regressor
925000.0000000007,786263.7453539771,CatBoost Regressor
800000.0000000005,674352.4386310916,CatBoost Regressor
504999.99999999977,864167.9920296813,CatBoost Regressor
403500.0,941242.2358125262,CatBoost Regressor
700000.0000000006,909271.6899167246,CatBoost Regressor
299999.99999999977,445782.02333004837,CatBoost Regressor
1132999.9999999998,1243072.6196091233,CatBoost Regressor
2275025.9999999986,1588154.2607178038,CatBoost Regressor
864999.9999999994,648936.3169506195,CatBoost Regressor
979999.9999999997,1176160.378550986,CatBoost Regressor
1420000.0000000012,1190639.39063049,CatBoost Regressor
617999.9999999999,803202.9210864186,CatBoost Regressor
1478243.0000000007,1552013.6830658447,CatBoost Regressor
763000.0000000001,600072.6928700833,CatBoost Regressor
1350000.0,672884.9443845168,CatBoost Regressor
262500.00000000023,224950.03870623,CatBoost Regressor
517000.00000000035,1094049.5009705578,CatBoost Regressor
1075000.0,1159504.0292056394,CatBoost Regressor
150000.00000000006,340672.09619814827,CatBoost Regressor
409999.9999999997,542509.4372431883,CatBoost Regressor
1172999.9999999993,1172330.8564726189,CatBoost Regressor
1499999.9999999986,1484506.51736081,CatBoost Regressor
630000.0000000006,695640.6444633978,CatBoost Regressor
697677.9999999995,640422.619239698,CatBoost Regressor
1099999.9999999998,858554.6702910878,CatBoost Regressor
355999.99999999994,312197.97307794937,CatBoost Regressor
1175000.0,1293960.976593202,CatBoost Regressor
664999.9999999995,767402.2183095324,CatBoost Regressor
895000.0000000007,940863.3377331209,CatBoost Regressor
2649999.999999999,1482262.9207459285,CatBoost Regressor
1450000.0000000002,1460142.1529665107,CatBoost Regressor
1499999.9999999986,1706251.2145298212,CatBoost Regressor
1002445.9999999992,823123.7379001775,CatBoost Regressor
1385000.0000000012,1385769.964782008,CatBoost Regressor
1529999.9999999988,1602081.963032875,CatBoost Regressor
1496557.0000000007,1381467.315696566,CatBoost Regressor
562500.0000000003,517411.13231521624,CatBoost Regressor
1200000.0000000005,1016004.4086270755,CatBoost Regressor
249000.00000000006,224948.89434358402,CatBoost Regressor
469999.9999999998,997892.1827188126,CatBoost Regressor
1160802.000000001,1135341.6433942916,CatBoost Regressor
1150000.0000000005,958825.5294494394,CatBoost Regressor
369999.99999999977,334558.7940418513,CatBoost Regressor
1104024.9999999995,1013002.0151014227,CatBoost Regressor
2073672.0000000014,1980873.6565051635,CatBoost Regressor
1265000.000000001,1018875.2697125489,CatBoost Regressor
1260000.0,1074734.6355619826,CatBoost Regressor
2269999.999999998,1327927.1121042876,CatBoost Regressor
1491650.0000000012,1395886.728163004,CatBoost Regressor
2150000.0,1359357.1095769939,CatBoost Regressor
654999.9999999995,720916.6968772211,CatBoost Regressor
859999.9999999997,593126.4479105273,CatBoost Regressor
275000.0000000002,524490.0035832513,CatBoost Regressor
680000.0000000003,662291.9045856339,CatBoost Regressor
1380000.0000000005,1796811.1238654223,CatBoost Regressor
340356.00000000006,392043.94343495194,CatBoost Regressor
299999.99999999977,1138865.707013135,CatBoost Regressor
349999.9999999997,1224980.782357629,CatBoost Regressor
2300000.0,1311460.764014992,CatBoost Regressor
830000.0000000005,843336.2538519785,CatBoost Regressor
368000.00000000023,425949.8195355349,CatBoost Regressor
684000.0000000001,688792.7053493399,CatBoost Regressor
630000.0000000006,645840.1912191687,CatBoost Regressor
525000.0000000003,529079.5893762335,CatBoost Regressor
674999.9999999998,488711.7754214648,CatBoost Regressor
2218130.0000000005,2179656.809205569,CatBoost Regressor
549999.9999999998,811148.7677498431,CatBoost Regressor
1084999.9999999995,1334166.271196851,CatBoost Regressor
199999.99999999997,397054.00342351495,CatBoost Regressor
1414897.9999999988,1562915.8200294771,CatBoost Regressor
600000.0000000003,537895.0386214736,CatBoost Regressor
680000.0000000003,321535.04735931265,CatBoost Regressor
371999.9999999998,311845.78482223774,CatBoost Regressor
1811945.0000000012,1833290.692534958,CatBoost Regressor
749999.9999999998,727069.2528928234,CatBoost Regressor
749999.9999999998,790690.710038888,CatBoost Regressor
399999.9999999999,1139630.3045978094,CatBoost Regressor
2000000.0000000016,1297838.2686496982,CatBoost Regressor
170000.00000000012,367613.2655373546,CatBoost Regressor
2300000.0,1562067.189567654,CatBoost Regressor
194500.0,313633.41455219046,CatBoost Regressor
1769999.9999999984,1392834.3849742468,CatBoost Regressor
1445846.9999999998,1434024.3580677188,CatBoost Regressor
998999.9999999995,1080312.694179074,CatBoost Regressor
700000.0000000006,706468.5402455124,CatBoost Regressor
921516.0000000008,1106636.5262570346,CatBoost Regressor
800000.0000000005,419548.40663131577,CatBoost Regressor
349999.9999999997,281099.0530131549,CatBoost Regressor
2113734.9999999986,1816456.4442953162,CatBoost Regressor
759999.9999999999,714540.1877690061,CatBoost Regressor
2649999.999999999,1140654.559871358,CatBoost Regressor
919999.9999999998,793000.8156192887,CatBoost Regressor
996999.9999999999,1030921.2758867353,CatBoost Regressor
814999.9999999993,1160261.72997073,CatBoost Regressor
289999.9999999999,323487.90095362364,CatBoost Regressor
355406.99999999994,266195.81571002345,CatBoost Regressor
2100000.000000001,1213183.6723539801,CatBoost Regressor
310000.0000000002,255743.273505838,CatBoost Regressor
995000.0,903901.6898207049,CatBoost Regressor
749999.9999999998,623769.0877765811,CatBoost Regressor
1519078.9999999993,1545790.885006789,CatBoost Regressor
790000.0000000003,893747.8681537333,CatBoost Regressor
499999.99999999977,521245.3354772845,CatBoost Regressor
857999.9999999999,795141.8457407634,CatBoost Regressor
499999.99999999977,1224711.7260714006,CatBoost Regressor
1800000.000000001,1332742.338118719,CatBoost Regressor
590338.0000000001,781701.8863908367,CatBoost Regressor
364999.99999999977,667649.264594373,CatBoost Regressor
1429999.9999999995,1247112.027128117,CatBoost Regressor
325402.99999999994,303273.3236591283,CatBoost Regressor
780000.0000000001,782579.8159295081,CatBoost Regressor
1210000.0000000012,636998.0937948,CatBoost Regressor
520000.0,458010.1456758255,CatBoost Regressor
590000.0000000003,603164.4170436062,CatBoost Regressor
825000.0000000006,870378.9588721134,CatBoost Regressor
2499999.9999999995,2007703.0636749268,CatBoost Regressor
1249999.999999999,937786.7253645401,CatBoost Regressor
735000.0000000005,605923.3310665588,CatBoost Regressor
369999.99999999977,364577.5847041459,CatBoost Regressor
1119354.0,1079573.0542790943,CatBoost Regressor
1525000.0000000005,1721593.0406184501,CatBoost Regressor
1200000.0000000005,745732.8663079926,CatBoost Regressor
1124999.9999999995,549644.8329627052,CatBoost Regressor
1434999.9999999993,1247923.9036555463,CatBoost Regressor
823999.9999999994,720227.2637456239,CatBoost Regressor
1150000.0000000005,1440728.5070922743,CatBoost Regressor
937300.0000000008,762476.2615575037,CatBoost Regressor
346000.0,472537.9053701157,CatBoost Regressor
1273999.9999999993,1059470.9953690744,CatBoost Regressor
909999.9999999997,765595.4756967293,CatBoost Regressor
678000.0000000002,641793.1675743742,CatBoost Regressor
634999.9999999997,634727.0407434253,CatBoost Regressor
840000.0000000005,611497.5545863322,CatBoost Regressor
376798.9999999999,385025.74504484236,CatBoost Regressor
1200000.0000000005,1519838.3745468769,CatBoost Regressor
435000.0,620824.7851761286,CatBoost Regressor
1238876.9999999998,1426262.6985726317,CatBoost Regressor
477499.9999999999,698075.0854843741,CatBoost Regressor
989999.9999999992,886895.3380448697,CatBoost Regressor
719999.9999999995,831647.0086227256,CatBoost Regressor
840000.0000000005,752372.0535510575,CatBoost Regressor
1899999.9999999993,1217225.759959519,CatBoost Regressor
359000.00000000023,313084.33870699606,CatBoost Regressor
575000.0000000001,846500.4595129199,CatBoost Regressor
2050000.000000001,848062.4323730477,CatBoost Regressor
1104999.9999999998,842913.2288827082,CatBoost Regressor
1800000.000000001,1955779.4916719373,CatBoost Regressor
909999.9999999997,955018.5417027536,CatBoost Regressor
360000.0000000001,373960.2957400307,CatBoost Regressor
1360000.0000000002,1098844.441904174,CatBoost Regressor
449999.99999999994,801353.9460703002,CatBoost Regressor
1899999.9999999993,1454300.1964929004,CatBoost Regressor
1499999.9999999986,685251.210007752,CatBoost Regressor
825000.0000000006,797697.1660664545,CatBoost Regressor
1849999.9999999995,1232061.9487998283,CatBoost Regressor
1343375.9999999988,1092269.0491804488,CatBoost Regressor
800000.0000000005,1037550.5964658639,CatBoost Regressor
1220179.0,1059082.9322511551,CatBoost Regressor
474999.99999999977,526986.3575786095,CatBoost Regressor
995000.0,730281.1909643984,CatBoost Regressor
811953.0000000001,952221.7514167504,CatBoost Regressor
195000.00000000006,279535.10163480864,CatBoost Regressor
244999.99999999997,384536.41060092376,CatBoost Regressor
349999.9999999997,1608017.6692229672,CatBoost Regressor
1015440.9999999995,1088896.8156249227,CatBoost Regressor
324999.9999999999,298732.50004692853,CatBoost Regressor
495000.0000000004,1088434.7730093647,CatBoost Regressor
649999.9999999995,779979.8797020498,CatBoost Regressor
625000.0000000002,767352.8166828275,CatBoost Regressor
278000.0000000002,555438.6897479198,CatBoost Regressor
847500.0000000007,952290.8350203502,CatBoost Regressor
875000.0,817940.1168532177,CatBoost Regressor
367474.0000000001,464170.90166589024,CatBoost Regressor
2350039.999999998,2184877.4038471333,CatBoost Regressor
830000.0000000005,987387.4894891084,CatBoost Regressor
360000.0000000001,525258.9573937303,CatBoost Regressor
749999.9999999998,658594.1055861756,CatBoost Regressor
1337750.0000000005,1099543.9586962329,CatBoost Regressor
1225000.0000000007,931830.5436998358,CatBoost Regressor
560000.0000000003,566518.4583684399,CatBoost Regressor
525000.0000000003,794990.3865300289,CatBoost Regressor
790000.0000000003,733940.9292620695,CatBoost Regressor
1124999.9999999995,1161568.5022668268,CatBoost Regressor
725000.0000000006,396108.7167003187,CatBoost Regressor
915000.0000000002,1354838.1121094457,CatBoost Regressor
635817.0000000006,1227018.6530095474,CatBoost Regressor
998999.9999999995,565010.5168449486,CatBoost Regressor
2804999.9999999995,1981621.0869472893,CatBoost Regressor
642500.0,607142.8080066824,CatBoost Regressor
1099999.9999999998,935725.3701816566,CatBoost Regressor
378258.9999999997,376256.2526106289,CatBoost Regressor
800000.0000000005,954449.4389417806,CatBoost Regressor
880000.0,656863.8227999812,CatBoost Regressor
1793310.0000000002,1890052.263036832,CatBoost Regressor
820000.0000000005,1101166.2226423542,CatBoost Regressor
925000.0000000007,1003309.6127713432,CatBoost Regressor
526499.9999999999,643382.771123936,CatBoost Regressor
473000.00000000006,567092.631394375,CatBoost Regressor
1849999.9999999995,1341486.2240791898,CatBoost Regressor
1325000.0000000007,1078376.766815643,CatBoost Regressor
289999.9999999999,280016.218766359,CatBoost Regressor
1249999.999999999,1072608.9614172312,CatBoost Regressor
936236.9999999992,917333.169478206,CatBoost Regressor
1200000.0000000005,975271.4642390182,CatBoost Regressor
415000.00000000006,799441.8289794713,CatBoost Regressor
205000.0,234232.5278009193,CatBoost Regressor
979999.9999999997,850218.3995143059,CatBoost Regressor
549999.9999999998,774873.4256755724,CatBoost Regressor
1969999.9999999993,1466094.6332083237,CatBoost Regressor
864999.9999999994,620537.6245918012,CatBoost Regressor
895000.0000000007,832144.7362946703,CatBoost Regressor
369999.99999999977,426311.1018555658,CatBoost Regressor
987999.9999999995,1189272.1363505553,CatBoost Regressor
185000.00000000006,270845.0969947332,CatBoost Regressor
1374999.999999999,1448810.6979152174,CatBoost Regressor
1849999.9999999995,1919370.99193841,CatBoost Regressor
330000.0000000001,407242.8740860522,CatBoost Regressor
729999.9999999998,919057.9468243548,CatBoost Regressor
1749999.9999999998,1089519.0949470291,CatBoost Regressor
669999.9999999998,593534.0289477683,CatBoost Regressor
265000.00000000006,189323.18269307315,CatBoost Regressor
1029614.0000000006,1113378.609777608,CatBoost Regressor
2116440.9999999995,1239986.0502008235,CatBoost Regressor
1499999.9999999986,1574802.4799279338,CatBoost Regressor
492999.99999999965,609189.371865531,CatBoost Regressor
809999.9999999995,590931.1852525191,CatBoost Regressor
1210000.0000000012,757815.1408413645,CatBoost Regressor
663999.9999999997,669420.0881554596,CatBoost Regressor
794999.9999999998,1162890.3297355585,CatBoost Regressor
2534999.9999999995,1686891.3004955107,CatBoost Regressor
149561.00000000003,93901.01041503856,CatBoost Regressor
1800000.000000001,1169891.7194422935,CatBoost Regressor
330000.0000000001,311224.9957599723,CatBoost Regressor
170000.00000000012,533876.4035483142,CatBoost Regressor
360000.0000000001,543330.7929247154,CatBoost Regressor
364999.99999999977,329953.59826101636,CatBoost Regressor
98140.00000000006,140802.6819492513,CatBoost Regressor
998999.9999999995,1156367.1333270406,CatBoost Regressor
850000.0000000005,596127.5693925888,CatBoost Regressor
1299999.9999999993,1415698.4252137088,CatBoost Regressor
344999.9999999997,750376.6228454012,CatBoost Regressor
859999.9999999997,856744.8645403681,CatBoost Regressor
1050000.0000000007,1043740.1791176015,CatBoost Regressor
780000.0000000001,671959.0702595488,CatBoost Regressor
2390000.000000002,1917608.6070180929,CatBoost Regressor
1694999.9999999998,942530.8133832341,CatBoost Regressor
480229.0000000001,524649.374519846,CatBoost Regressor
800000.0000000005,1110949.2888189727,CatBoost Regressor
875000.0,853517.4911161038,CatBoost Regressor
570000.0000000001,817835.7288739542,CatBoost Regressor
2625000.0000000005,1154685.16852631,CatBoost Regressor
974999.9999999999,753000.642207602,CatBoost Regressor
1350000.0,914576.5327322681,CatBoost Regressor
1118999.9999999995,852294.3034766635,CatBoost Regressor
1306000.0,1049955.8021263245,CatBoost Regressor
654999.9999999995,1009826.8906888379,CatBoost Regressor
219999.99999999983,294096.351623139,CatBoost Regressor
1350000.0,1055931.015417771,CatBoost Regressor
360000.0000000001,491847.20206485526,CatBoost Regressor
488888.00000000023,743731.9691867189,CatBoost Regressor
2950000.000000002,1477587.4463902253,CatBoost Regressor
320000.00000000006,325945.86374986294,CatBoost Regressor
788684.0000000001,823167.6087921311,CatBoost Regressor
800000.0000000005,565993.3694625838,CatBoost Regressor
1800000.000000001,1652769.8723700515,CatBoost Regressor
248000.0000000002,331115.44148184435,CatBoost Regressor
1818152.9999999995,1820566.4721658158,CatBoost Regressor
215000.0,247698.09603352932,CatBoost Regressor
698999.9999999995,544904.5003348895,CatBoost Regressor
248000.0000000002,374265.9391039183,CatBoost Regressor
969999.9999999999,841616.5886783894,CatBoost Regressor
1099999.9999999998,870770.6458635551,CatBoost Regressor
2700000.0,1466417.5349032353,CatBoost Regressor
294999.9999999998,320880.24123399385,CatBoost Regressor
549999.9999999998,871988.4990696085,CatBoost Regressor
989999.9999999992,873195.1141479764,CatBoost Regressor
881568.0000000003,914135.4852617157,CatBoost Regressor
509999.9999999998,700395.820882674,CatBoost Regressor
444999.9999999997,540385.9102268241,CatBoost Regressor
925000.0000000007,878337.9241993075,CatBoost Regressor
476580.00000000035,480671.92893446534,CatBoost Regressor
790000.0000000003,680909.4798375457,CatBoost Regressor
199999.99999999997,359849.91415845836,CatBoost Regressor
2849999.999999999,1676126.0776931485,CatBoost Regressor
880000.0,947144.2688386522,CatBoost Regressor
1499999.9999999986,1322253.15030634,CatBoost Regressor
685000.0000000005,605088.9313399447,CatBoost Regressor
1160000.0000000002,1515415.964063851,CatBoost Regressor
929999.9999999993,867771.8885279605,CatBoost Regressor
1129999.999999999,1246216.8361215214,CatBoost Regressor
2599999.9999999986,1127273.1794839574,CatBoost Regressor
1620000.0000000007,1718348.547537734,CatBoost Regressor
360000.0000000001,324663.7750238639,CatBoost Regressor
725000.0000000006,674852.8301114755,CatBoost Regressor
798999.9999999997,643265.2872606488,CatBoost Regressor
349999.9999999997,478603.1893643543,CatBoost Regressor
1216979.9999999998,1304924.1751987198,CatBoost Regressor
1830000.0000000014,1137298.0630048057,CatBoost Regressor
1044999.9999999995,1022201.0418235253,CatBoost Regressor
859999.9999999997,692696.948243362,CatBoost Regressor
659999.9999999995,653633.7191726309,CatBoost Regressor
2910000.000000001,1407451.9565712104,CatBoost Regressor
275000.0000000002,277918.1499834907,CatBoost Regressor
950000.0000000008,1156093.7592550146,CatBoost Regressor
369999.99999999977,1011404.57322345,CatBoost Regressor
935000.0000000006,957072.090689114,CatBoost Regressor
850649.9999999997,854477.3346388321,CatBoost Regressor
1774999.9999999986,1396797.6637744827,CatBoost Regressor
334999.9999999998,347963.0601105789,CatBoost Regressor
1374999.999999999,766094.2193607725,CatBoost Regressor
544999.9999999997,610105.8322545512,CatBoost Regressor
1399771.9999999993,1426369.9008997977,CatBoost Regressor
749999.9999999998,669705.3462658025,CatBoost Regressor
926999.9999999994,929857.5213356792,CatBoost Regressor
1250381.0000000002,1291396.6835138493,CatBoost Regressor
449999.99999999994,902860.4697319284,CatBoost Regressor
548000.0,658822.7051392577,CatBoost Regressor
965499.9999999992,1017670.8578048478,CatBoost Regressor
2300000.0,1640365.6728609304,CatBoost Regressor
1509849.999999999,1350884.5102764985,CatBoost Regressor
106899.99999999994,246898.54358351853,CatBoost Regressor
1689936.0000000007,1782044.9853163448,CatBoost Regressor
1161999.999999999,1143056.7983811733,CatBoost Regressor
1165000.0,1009295.2812874186,CatBoost Regressor
1157499.9999999995,580850.2919157095,CatBoost Regressor
974999.9999999999,985480.3051562733,CatBoost Regressor
995000.0,721871.0163831196,CatBoost Regressor
330000.0000000001,456998.7262799439,CatBoost Regressor
385000.00000000023,660449.9978666982,CatBoost Regressor
172380.00000000003,1471604.2351609566,CatBoost Regressor
280000.0,176593.1993426911,CatBoost Regressor
820000.0000000005,912063.5709857997,CatBoost Regressor
176000.00000000006,294975.2293884808,CatBoost Regressor
700000.0000000006,661011.1981074067,CatBoost Regressor
1650000.0000000007,983079.1926240103,CatBoost Regressor
846880.0000000005,1187802.4617390009,CatBoost Regressor
2100000.000000001,1316186.443634216,CatBoost Regressor
1171999.9999999995,722421.859156381,CatBoost Regressor
669999.9999999998,688766.2024740238,CatBoost Regressor
995000.0,1070543.5952343245,CatBoost Regressor
700000.0000000006,647117.1773703698,CatBoost Regressor
225000.00000000015,323675.32510537625,CatBoost Regressor
625000.0000000002,659926.8108605685,CatBoost Regressor
864999.9999999994,847847.5695531517,CatBoost Regressor
499998.9999999997,621563.0394017689,CatBoost Regressor
405000.0000000001,477913.0547136482,CatBoost Regressor
1550000.0000000012,1049489.6081008436,CatBoost Regressor
1534740.0,1551339.4525150326,CatBoost Regressor
1158644.999999999,653138.344486444,CatBoost Regressor
66819.00000000001,262331.27122197073,CatBoost Regressor
1725000.0000000005,1506327.099632562,CatBoost Regressor
364999.99999999977,543330.7929247154,CatBoost Regressor
1050000.0000000007,940257.8995726381,CatBoost Regressor
864494.0000000001,460256.1544299428,CatBoost Regressor
1761053.000000001,1952783.8213486632,CatBoost Regressor
674999.9999999998,821965.8171471542,CatBoost Regressor
532740.0000000005,1424406.5601311394,CatBoost Regressor
1185558.0000000005,1267904.805186995,CatBoost Regressor
1682040.999999999,1322480.8595699787,CatBoost Regressor
1499999.9999999986,1080341.4408314186,CatBoost Regressor
899999.9999999995,877645.191111658,CatBoost Regressor
1964999.9999999995,1398018.1380300927,CatBoost Regressor
2300000.0,1805383.091449313,CatBoost Regressor
875000.0,808361.4299577898,CatBoost Regressor
1329000.0000000005,948700.9203349587,CatBoost Regressor
749999.9999999998,658929.1531654815,CatBoost Regressor
364000.00000000006,396700.85936888907,CatBoost Regressor
1179999.9999999993,1126226.4428461585,CatBoost Regressor
1229999.9999999995,1047065.602425587,CatBoost Regressor
570000.0000000001,575090.1265731668,CatBoost Regressor
186000.00000000012,640810.1160829434,CatBoost Regressor
1099999.9999999998,1333441.7249213825,CatBoost Regressor
759999.9999999999,638741.3708599485,CatBoost Regressor
1708408.9999999986,1697212.690984104,CatBoost Regressor
725000.0000000006,993861.655765298,CatBoost Regressor
509999.9999999998,429376.6810185033,CatBoost Regressor
999998.9999999995,1058325.019993677,CatBoost Regressor
1470464.999999999,1782239.1427637967,CatBoost Regressor
170000.00000000012,419232.2579137416,CatBoost Regressor
1328000.000000001,855512.2605007795,CatBoost Regressor
1049000.0000000007,1272223.4076537094,CatBoost Regressor
1310000.000000001,1390454.369188501,CatBoost Regressor
270000.00000000006,225121.2891587451,CatBoost Regressor
950000.0000000008,696789.4731533745,CatBoost Regressor
799075.0000000003,775145.8147911122,CatBoost Regressor
794999.9999999998,738100.0327494717,CatBoost Regressor
275000.0000000002,713449.9480712413,CatBoost Regressor
546749.9999999997,662616.5820106197,CatBoost Regressor
565000.0000000003,645086.7675977481,CatBoost Regressor
1203036.999999999,1441548.8159671433,CatBoost Regressor
823153.0,685517.047772182,CatBoost Regressor
499999.99999999977,672528.5807872111,CatBoost Regressor
899999.9999999995,852894.9014857372,CatBoost Regressor
455000.0,469748.214124691,CatBoost Regressor
790000.0000000003,1289715.1950156374,CatBoost Regressor
240000.00000000003,234402.6510536243,CatBoost Regressor
931499.9999999998,941632.5140841422,CatBoost Regressor
515000.00000000006,539306.7436446276,CatBoost Regressor
999998.9999999995,796610.2712125316,CatBoost Regressor
2199999.9999999995,2042393.3757377074,CatBoost Regressor
1885116.0000000002,1814947.8465017888,CatBoost Regressor
974999.9999999999,1097235.71144737,CatBoost Regressor
397400.9999999999,382970.43705959606,CatBoost Regressor
890000.0000000002,1022763.540958037,CatBoost Regressor
145000.00000000012,340947.0586227178,CatBoost Regressor
579999.9999999997,1685775.6218346537,CatBoost Regressor
2300000.0,1815491.5471599023,CatBoost Regressor
183639.0,116565.30725080015,CatBoost Regressor
147499.99999999997,319197.81131880166,CatBoost Regressor
279000.0000000001,387538.82898117683,CatBoost Regressor
742999.9999999998,666184.0219196229,CatBoost Regressor
794999.9999999998,642903.1649885812,CatBoost Regressor
2307500.000000001,1354639.8877910736,CatBoost Regressor
330000.0000000001,304377.012214542,CatBoost Regressor
1800000.000000001,1413923.6098519298,CatBoost Regressor
275000.0000000002,809563.1478225056,CatBoost Regressor
1485809.0000000014,1387011.3810151694,CatBoost Regressor
1800000.000000001,1577383.7523538554,CatBoost Regressor
969000.0000000008,670118.7481880139,CatBoost Regressor
1507278.0,1912565.6261166732,CatBoost Regressor
1099999.9999999998,966873.5574139543,CatBoost Regressor
1124999.9999999995,894756.6291248479,CatBoost Regressor
334999.9999999998,650478.4614076698,CatBoost Regressor
29999.99999999999,1110570.975066632,CatBoost Regressor
444999.9999999997,584203.4108516874,CatBoost Regressor
330000.0000000001,601115.2517509983,CatBoost Regressor
725000.0000000006,580194.1572193176,CatBoost Regressor
1539999.9999999988,825597.9562764241,CatBoost Regressor
1469999.999999999,1094040.6913550738,CatBoost Regressor
1325000.0000000007,451245.23121166206,CatBoost Regressor
749999.9999999998,533257.4989356385,CatBoost Regressor
349999.9999999997,272903.70391730097,CatBoost Regressor
1271999.9999999998,1244449.8929332783,CatBoost Regressor
498999.9999999996,548174.706394447,CatBoost Regressor
438000.00000000035,325617.0404236883,CatBoost Regressor
1824999.9999999984,1587794.4708344964,CatBoost Regressor
1290000.0000000007,1161742.7628928612,CatBoost Regressor
649058.0000000002,572951.2355176907,CatBoost Regressor
1380000.0000000005,1114920.66075547,CatBoost Regressor
780000.0000000001,913272.4471679431,CatBoost Regressor
979999.9999999997,1013902.6263956768,CatBoost Regressor
610000.0000000005,641880.4388013806,CatBoost Regressor
467639.9999999998,1074178.9045364705,CatBoost Regressor
499999.99999999977,316209.94785948016,CatBoost Regressor
933500.0000000006,721181.247030422,CatBoost Regressor
284000.00000000023,381523.3238292288,CatBoost Regressor
302000.00000000006,319759.04912946303,CatBoost Regressor
299999.99999999977,350749.0674097417,CatBoost Regressor
1129999.999999999,867729.6675982069,CatBoost Regressor
100000.00000000004,356172.69315207674,CatBoost Regressor
1531447.999999999,1487360.0866546887,CatBoost Regressor
1441082.9999999988,1133606.2791310167,CatBoost Regressor
1492878.0000000012,1493384.4695195518,CatBoost Regressor
1995000.0,1296171.0365753535,CatBoost Regressor
1429999.9999999995,1165359.3930102538,CatBoost Regressor
1360000.0000000002,1154922.5417824856,CatBoost Regressor
995000.0,1626975.62417769,CatBoost Regressor
919999.9999999998,484050.86751471163,CatBoost Regressor
1252000.0,1389734.849528421,CatBoost Regressor
909999.9999999997,1258624.406420146,CatBoost Regressor
1015440.0,1088896.8156249227,CatBoost Regressor
1014063.0000000005,995885.3333038383,CatBoost Regressor
1284999.999999999,1453437.7201641733,CatBoost Regressor
850000.0000000005,725848.999081026,CatBoost Regressor
610000.0000000005,1100478.5480871398,CatBoost Regressor
544999.9999999997,486982.1146804358,CatBoost Regressor
585000.0000000003,754956.9867404111,CatBoost Regressor
1400000.0000000007,1265664.0727436421,CatBoost Regressor
2080000.0000000016,1579944.3536851166,CatBoost Regressor
814999.9999999993,1150873.0580338535,CatBoost Regressor
625000.0000000002,548682.2086804513,CatBoost Regressor
899999.9999999995,1050492.5459631898,CatBoost Regressor
685000.0000000005,882880.4391740484,CatBoost Regressor
1076099.0,1651442.041847093,CatBoost Regressor
615000.0,966421.1498082718,CatBoost Regressor
1098999.9999999993,1038257.0364592967,CatBoost Regressor
1120000.0000000005,1364565.4210662467,CatBoost Regressor
299999.99999999977,741649.685191137,CatBoost Regressor
989999.9999999992,1087631.1815102128,CatBoost Regressor
897999.9999999995,508799.5171589162,CatBoost Regressor
1225000.0000000007,743526.4958466743,CatBoost Regressor
1187312.0000000005,1323432.320734449,CatBoost Regressor
1050000.0000000007,1044582.8428080529,CatBoost Regressor
1795000.0000000005,989512.5054583933,CatBoost Regressor
2647449.9999999995,1626995.9832111327,CatBoost Regressor
1175000.0,954334.1930519893,CatBoost Regressor
1489000.999999999,1671441.6309049134,CatBoost Regressor
1110000.0000000002,868600.950378506,CatBoost Regressor
406613.9999999998,605526.3986133055,CatBoost Regressor
1919141.000000001,1923695.5509497777,CatBoost Regressor
1690000.0000000007,1664899.3805865943,CatBoost Regressor
645000.0,631006.1030181248,CatBoost Regressor
1360000.0000000002,1533446.7511537785,CatBoost Regressor
338500.0000000002,336636.1479327098,CatBoost Regressor
1894999.9999999993,1723364.7993220969,CatBoost Regressor
672659.0000000005,1386200.90664844,CatBoost Regressor
425000.0000000002,535204.8036594314,CatBoost Regressor
1619213.9999999998,1592973.950667981,CatBoost Regressor
324999.9999999999,436535.98251509416,CatBoost Regressor
324999.9999999999,349951.84871603106,CatBoost Regressor
1949999.999999999,1392214.364219986,CatBoost Regressor
2649999.999999999,1582213.0324742466,CatBoost Regressor
929999.9999999993,808272.2658809745,CatBoost Regressor
1807395.000000001,1896654.5372610749,CatBoost Regressor
634999.9999999997,615588.7698072521,CatBoost Regressor
984999.9999999994,1039444.2185006746,CatBoost Regressor
449999.99999999994,1050419.803330734,CatBoost Regressor
928775.0000000002,1665502.0796032744,CatBoost Regressor
499999.99999999977,319655.4727706064,CatBoost Regressor
1325000.0000000007,1493882.0902949835,CatBoost Regressor
1709814.0000000002,1918692.2573976845,CatBoost Regressor
415000.00000000006,309828.30311752437,CatBoost Regressor
249999.9999999998,741819.7692289136,CatBoost Regressor
449999.99999999994,846816.3975548996,CatBoost Regressor
999998.9999999995,1188294.112191834,CatBoost Regressor
460000.0000000002,667742.5342096791,CatBoost Regressor
549999.9999999998,552095.4436362287,CatBoost Regressor
739999.9999999999,622554.6919657191,CatBoost Regressor
395000.00000000035,318197.7460142012,CatBoost Regressor
100000.00000000004,190736.66645641433,CatBoost Regressor
520000.0,684422.0914427319,CatBoost Regressor
1385659.9999999998,1308708.559141021,CatBoost Regressor
215000.0,383533.1318438057,CatBoost Regressor
1162405.9999999995,1258920.2225095602,CatBoost Regressor
361000.0,514861.2850752589,CatBoost Regressor
999899.9999999997,858228.8292820548,CatBoost Regressor
590000.0000000003,586402.5769520098,CatBoost Regressor
2119999.9999999986,1757876.6126463716,CatBoost Regressor
480000.00000000006,780417.2446709774,CatBoost Regressor
1088999.9999999995,1040070.8493466668,CatBoost Regressor
2166655.999999999,1865315.7350726451,CatBoost Regressor
932499.9999999998,480266.6153208823,CatBoost Regressor
451230.00000000035,449706.3688991589,CatBoost Regressor
460000.0000000002,334016.56766045914,CatBoost Regressor
2674999.9999999995,1391005.74100179,CatBoost Regressor
589000.0,1147630.1543462004,CatBoost Regressor
880000.0,992054.400205856,CatBoost Regressor
995000.0,875069.114620052,CatBoost Regressor
636405.9999999994,658283.8218245724,CatBoost Regressor
1883762.9999999986,1125839.47158554,CatBoost Regressor
769999.9999999997,629187.2056708285,CatBoost Regressor
954299.9999999995,944269.8964741725,CatBoost Regressor
809999.9999999995,1069440.3920956205,CatBoost Regressor
1095000.0000000005,1692348.6806406847,CatBoost Regressor
814342.9999999995,1139258.9844387178,CatBoost Regressor
575000.0000000001,271176.5710136984,CatBoost Regressor
1834128.999999999,1975010.9461911463,CatBoost Regressor
310000.0000000002,392326.74035427,CatBoost Regressor
1171790.9999999993,1323992.1402373598,CatBoost Regressor
1899999.9999999993,1521459.429947236,CatBoost Regressor
1240000.0000000005,1594292.247459549,CatBoost Regressor
134999.99999999997,424047.4691700659,CatBoost Regressor
1160000.0000000002,1135754.0581197117,CatBoost Regressor
376801.00000000023,385025.74504484236,CatBoost Regressor
1899999.9999999993,1775687.8956527836,CatBoost Regressor
1084999.9999999995,1018962.9500179298,CatBoost Regressor
600000.0000000003,296530.0492479321,CatBoost Regressor
1175000.0,983612.0841747221,CatBoost Regressor
330000.0000000001,301099.43826798233,CatBoost Regressor
614691.9999999999,677826.545792692,CatBoost Regressor
166215.0000000001,93901.01041503856,CatBoost Regressor
1525000.0000000005,847661.5435727793,CatBoost Regressor
850000.0000000005,1091107.883157169,CatBoost Regressor
1944433.000000001,1826268.3560951285,CatBoost Regressor
1092250.9999999995,1133248.6847322253,CatBoost Regressor
899999.9999999995,652754.1551121216,CatBoost Regressor
800000.0000000005,821799.7024118025,CatBoost Regressor
791133.9999999999,700029.6823094632,CatBoost Regressor
928000.0000000005,898916.4779138196,CatBoost Regressor
600000.0000000003,833500.8091751352,CatBoost Regressor
480000.00000000006,638540.9815727881,CatBoost Regressor
570000.0000000001,522004.9657267992,CatBoost Regressor
974999.9999999999,644485.8891819329,CatBoost Regressor
1099999.9999999998,1083906.3764108105,CatBoost Regressor
719999.9999999995,618683.5031853294,CatBoost Regressor
620000.0000000005,804293.2963250565,CatBoost Regressor
1805342.9999999995,1598253.9242818072,CatBoost Regressor
950000.0000000008,1083241.725327418,CatBoost Regressor
1400000.0000000007,952168.9437853681,CatBoost Regressor
2585000.000000002,1515232.32311062,CatBoost Regressor
649999.9999999995,774063.5694413445,CatBoost Regressor
575000.0000000001,605256.213609062,CatBoost Regressor
1275000.0000000002,1054968.6841448133,CatBoost Regressor
2414999.9999999986,1695968.473665563,CatBoost Regressor
905000.0000000006,923032.7006746526,CatBoost Regressor
1519999.9999999998,1321616.7047788189,CatBoost Regressor
1299999.9999999993,1226893.9123156948,CatBoost Regressor
1944226.999999999,745970.299002008,CatBoost Regressor
999998.9999999995,839084.8230631467,CatBoost Regressor
830000.0000000005,639458.344159744,CatBoost Regressor
379999.9999999999,530576.9838507277,CatBoost Regressor
692000.0000000001,1481560.6906170193,CatBoost Regressor
225000.00000000015,294956.505773338,CatBoost Regressor
230000.0000000001,325731.36500589777,CatBoost Regressor
1699999.9999999988,1568867.4065203764,CatBoost Regressor
1069999.9999999998,1072567.58985469,CatBoost Regressor
664999.9999999995,547136.3489388409,CatBoost Regressor
1425549.0000000005,1537560.1985991457,CatBoost Regressor
527432.9999999997,743031.2560636402,CatBoost Regressor
316999.9999999999,317307.3058425996,CatBoost Regressor
2400000.000000001,1200219.9442369905,CatBoost Regressor
800000.0000000005,829818.9053201394,CatBoost Regressor
2357757.0000000005,1702162.1645424361,CatBoost Regressor
320000.00000000006,340092.1652157371,CatBoost Regressor
399999.9999999999,385812.7330900518,CatBoost Regressor
1395000.0000000007,790362.9187049798,CatBoost Regressor
175000.00000000012,285919.0589888973,CatBoost Regressor
1350000.0,1388232.8491700122,CatBoost Regressor
566000.0000000005,853591.272002336,CatBoost Regressor
1650000.0000000007,1603495.7300456613,CatBoost Regressor
890000.0000000002,962716.2423883658,CatBoost Regressor
289999.9999999999,530525.0619733551,CatBoost Regressor
846000.0000000001,714034.6722737341,CatBoost Regressor
955000.0000000001,727370.4935275813,CatBoost Regressor
2050000.000000001,903019.8411579782,CatBoost Regressor
406493.9999999998,319675.43047333293,CatBoost Regressor
1350000.0,1074951.9457728416,CatBoost Regressor
1899999.9999999993,1679783.8188420765,CatBoost Regressor
850000.0000000005,1164732.661441152,CatBoost Regressor
1050000.0000000007,1099251.299866959,CatBoost Regressor
1018250.0000000007,1853774.5712937354,CatBoost Regressor
1637548.9999999995,1535079.8380989104,CatBoost Regressor
714999.9999999995,1252856.1961258543,CatBoost Regressor
800000.0000000005,1539007.8722830212,CatBoost Regressor
615000.0,864200.8181715717,CatBoost Regressor
1287999.999999999,1073727.4011604087,CatBoost Regressor
1557752.0,1525187.2707393104,CatBoost Regressor
468000.0000000003,397190.6793847537,CatBoost Regressor
989999.9999999992,812353.4926833843,CatBoost Regressor
844999.9999999993,529199.9014776468,CatBoost Regressor
674999.9999999998,554416.7845560486,CatBoost Regressor
888000.0000000001,877675.0643416411,CatBoost Regressor
759999.9999999999,777870.993976758,CatBoost Regressor
749999.9999999998,713957.1011588275,CatBoost Regressor
262336.0000000001,251292.847807307,CatBoost Regressor
1287999.999999999,1236562.701981009,CatBoost Regressor
1485000.0000000012,1410910.1486885995,CatBoost Regressor
950999.9999999993,867266.2485788156,CatBoost Regressor
800000.0000000005,816132.4026728589,CatBoost Regressor
1150000.0000000005,941028.6811390638,CatBoost Regressor
527999.9999999999,475127.51141957555,CatBoost Regressor
664999.9999999995,602901.3986555826,CatBoost Regressor
833947.0000000003,564307.5715709309,CatBoost Regressor
1306000.0,637490.7482072406,CatBoost Regressor
1400000.0000000007,1011325.1812179114,CatBoost Regressor
735000.0000000005,857416.6212379605,CatBoost Regressor
551000.0000000005,607435.550294697,CatBoost Regressor
180000.00000000003,288626.83822081523,CatBoost Regressor
469999.9999999998,486328.6245925428,CatBoost Regressor
1450000.0000000002,1552083.449846042,CatBoost Regressor
1499999.9999999986,1677322.6888312767,CatBoost Regressor
899999.9999999995,873349.366111226,CatBoost Regressor
1655376.9999999986,1646975.5216472005,CatBoost Regressor
1812484.9999999995,1649007.216909624,CatBoost Regressor
915000.0000000002,893632.749384467,CatBoost Regressor
2199999.9999999995,976057.339637539,CatBoost Regressor
1625000.0000000012,1526807.2440476355,CatBoost Regressor
2074189.0000000002,2102518.917151034,CatBoost Regressor
235000.0,246684.1546743395,CatBoost Regressor
555000.0000000002,331086.6387942774,CatBoost Regressor
1620000.0000000007,1151164.3111668413,CatBoost Regressor
515716.99999999965,634432.9524644775,CatBoost Regressor
449999.99999999994,663335.4099040175,CatBoost Regressor
280000.0,269379.8214238001,CatBoost Regressor
1320000.000000001,805443.512873284,CatBoost Regressor
744999.9999999997,781143.5383735291,CatBoost Regressor
375000.00000000006,540102.6505245303,CatBoost Regressor
645000.0,617251.4973516718,CatBoost Regressor
379999.9999999999,293153.1465470437,CatBoost Regressor
945000.0000000006,890377.2199134511,CatBoost Regressor
1080000.0000000002,892377.2302965503,CatBoost Regressor
417363.9999999998,453020.9701169936,CatBoost Regressor
459462.99999999965,536897.5453760267,CatBoost Regressor
1042499.9999999992,1465836.4548013231,CatBoost Regressor
1050000.0000000007,825457.7067334944,CatBoost Regressor
1170253.9999999995,1232535.7772127583,CatBoost Regressor
289999.9999999999,306551.6472510373,CatBoost Regressor
700000.0000000006,824755.0817368192,CatBoost Regressor
1048000.0,779953.7349409404,CatBoost Regressor
1552999.9999999998,1152309.9999787475,CatBoost Regressor
284999.99999999994,318816.69375835394,CatBoost Regressor
238424.9999999999,307091.5111819466,CatBoost Regressor
310000.0000000002,208617.45627627926,CatBoost Regressor
320000.00000000006,461528.6005827142,CatBoost Regressor
1670164.0000000012,1756387.6784248464,CatBoost Regressor
727000.0000000006,592908.738158075,CatBoost Regressor
2123000.0000000005,1262374.3546005427,CatBoost Regressor
364025.99999999977,277315.1015070439,CatBoost Regressor
1680034.0000000002,1769552.5962298196,CatBoost Regressor
989999.9999999992,1067615.7744488502,CatBoost Regressor
600000.0000000003,1208886.0613254802,CatBoost Regressor
1397563.0000000007,1428557.6101392305,CatBoost Regressor
1200000.0000000005,947444.6796393747,CatBoost Regressor
138418.99999999994,293025.3906237075,CatBoost Regressor
899999.9999999995,560557.5436341239,CatBoost Regressor
729999.9999999998,751377.9984468735,CatBoost Regressor
979999.9999999997,1138761.5634333277,CatBoost Regressor
1800000.000000001,1495309.808039575,CatBoost Regressor
1255000.0,1027837.9455880481,CatBoost Regressor
534999.9999999995,312812.15461481456,CatBoost Regressor
685000.0000000005,510021.7118344812,CatBoost Regressor
575000.0000000001,668822.842489149,CatBoost Regressor
759999.9999999999,749792.7985831252,CatBoost Regressor
955000.0000000001,972875.8942284909,CatBoost Regressor
642395.0,861842.1745206814,CatBoost Regressor
1099999.9999999998,715019.2749496202,CatBoost Regressor
159999.99999999997,314235.02457395435,CatBoost Regressor
1899999.9999999993,758302.6383594278,CatBoost Regressor
998999.9999999995,940683.5329244231,CatBoost Regressor
898999.9999999995,617148.6439597588,CatBoost Regressor
480000.00000000006,779698.7687558358,CatBoost Regressor
977389.9999999995,1309517.3601315138,CatBoost Regressor
969999.9999999999,1372077.6300870818,CatBoost Regressor
940000.0000000006,596258.168934506,CatBoost Regressor
399999.9999999999,352837.9486359934,CatBoost Regressor
570000.0000000001,655119.5681971167,CatBoost Regressor
1238000.0000000005,970323.9253637324,CatBoost Regressor
1714999.999999999,1891507.7914918272,CatBoost Regressor
1249999.999999999,1029103.2570448638,CatBoost Regressor
1345000.0000000007,971793.7408247106,CatBoost Regressor
284999.99999999994,535942.9919159588,CatBoost Regressor
771928.0000000003,658049.8597375897,CatBoost Regressor
585494.0,671826.4834582127,CatBoost Regressor
919999.9999999998,692402.3499156245,CatBoost Regressor
634999.9999999997,925529.3686427288,CatBoost Regressor
2398887.9999999995,1622454.8765392988,CatBoost Regressor
1650000.0000000007,1462751.383233183,CatBoost Regressor
1697915.0000000007,1536774.7381019206,CatBoost Regressor
534999.9999999995,1213813.4099688358,CatBoost Regressor
725000.0000000006,902717.2085260338,CatBoost Regressor
1757823.9999999988,2013425.2428889119,CatBoost Regressor
1200000.0000000005,1545905.3177501797,CatBoost Regressor
1559999.9999999998,1004794.2964437463,CatBoost Regressor
984999.9999999994,902172.419187803,CatBoost Regressor
2093248.0000000012,1674106.825815998,CatBoost Regressor
1553399.999999999,1709318.4035840938,CatBoost Regressor
600000.0000000003,735894.0877353951,CatBoost Regressor
989999.9999999992,1300120.5985051282,CatBoost Regressor
349999.9999999997,369546.8795575368,CatBoost Regressor
490000.0,443327.54770172323,CatBoost Regressor
136955.99999999994,602410.2017750854,CatBoost Regressor
1707997.9999999986,1590206.0470457643,CatBoost Regressor
899999.9999999995,991196.4034643021,CatBoost Regressor
870000.0000000006,1067571.3837497965,CatBoost Regressor
525000.0000000003,566855.1029337929,CatBoost Regressor
692408.0000000002,716936.8622348404,CatBoost Regressor
1450000.0000000002,975922.0435986469,CatBoost Regressor
302237.00000000023,893604.3177647933,CatBoost Regressor
1099999.9999999998,1135700.5490509649,CatBoost Regressor
846998.0,867733.2905490431,CatBoost Regressor
825000.0000000006,758887.0071061555,CatBoost Regressor
1640000.0000000002,1026101.5393178143,CatBoost Regressor
1165000.0,1641156.5944765287,CatBoost Regressor
974999.9999999999,903006.1094467379,CatBoost Regressor
804999.9999999993,1189528.8413218055,CatBoost Regressor
2499999.9999999995,1839225.1040258023,CatBoost Regressor
722958.0,574461.0411124635,CatBoost Regressor
729999.9999999998,516301.47387164796,CatBoost Regressor
735000.0000000005,591189.7524634227,CatBoost Regressor
496859.99999999965,974670.7569710431,CatBoost Regressor
357923.0,932644.3209423195,CatBoost Regressor
790000.0000000003,865642.3012953659,CatBoost Regressor
287999.9999999999,280251.9963992168,CatBoost Regressor
1240000.0000000005,971964.1195768347,CatBoost Regressor
773870.0000000001,688453.0896745407,CatBoost Regressor
649999.9999999995,984890.1436832139,CatBoost Regressor
1278028.0000000005,1333903.6363628877,CatBoost Regressor
2000000.0000000016,1284363.6363052106,CatBoost Regressor
796999.9999999994,495337.5648653228,CatBoost Regressor
884999.9999999998,910759.95822499,CatBoost Regressor
1469999.999999999,1300296.5615155827,CatBoost Regressor
1514999.9999999993,1190050.2561016749,CatBoost Regressor
1813653.0000000014,1900911.5760168033,CatBoost Regressor
1694999.9999999998,1441281.6937936586,CatBoost Regressor
800000.0000000005,722649.3528488573,CatBoost Regressor
275000.0000000002,466872.8098127234,CatBoost Regressor
719999.9999999995,668827.1442184364,CatBoost Regressor
594999.9999999997,604534.4940127033,CatBoost Regressor
1078999.999999999,1031154.5487421434,CatBoost Regressor
995000.0,1036848.2418429487,CatBoost Regressor
433499.99999999994,573021.6711001883,CatBoost Regressor
537999.9999999998,1045646.8935999188,CatBoost Regressor
1550000.0000000012,1166562.4592033536,CatBoost Regressor
668019.9999999997,771861.2294190357,CatBoost Regressor
1080000.0000000002,965231.0687035136,CatBoost Regressor
549999.9999999998,285730.1404718902,CatBoost Regressor
998999.9999999995,1025164.8987171942,CatBoost Regressor
2300000.0,1555553.670126705,CatBoost Regressor
999500.0000000003,850099.9181249118,CatBoost Regressor
1099999.9999999998,1121687.8230772018,CatBoost Regressor
477579.99999999965,610909.7922269773,CatBoost Regressor
299999.99999999977,354988.2698164125,CatBoost Regressor
998999.9999999995,1335029.3837420752,CatBoost Regressor
957499.9999999992,755576.5056412921,CatBoost Regressor
1026000.0000000001,1259139.9416930128,CatBoost Regressor
730684.9999999998,207454.80309847853,CatBoost Regressor
449999.99999999994,395836.17364528374,CatBoost Regressor
2043286.0000000012,1944905.1903927873,CatBoost Regressor
2392888.0000000014,1794995.588412647,CatBoost Regressor
416506.9999999998,572658.4477578402,CatBoost Regressor
235000.0,312150.5380319715,CatBoost Regressor
499999.99999999977,894182.7726157119,CatBoost Regressor
1558685.9999999988,1442303.9082217908,CatBoost Regressor
695000.0,950008.2196150615,CatBoost Regressor
284999.99999999994,323854.56039266643,CatBoost Regressor
2627999.9999999995,1599467.8920411693,CatBoost Regressor
420000.0,857302.6678853207,CatBoost Regressor
798999.9999999997,1033611.86546568,CatBoost Regressor
940000.0000000006,1043546.6738427072,CatBoost Regressor
1099999.9999999998,737565.1783372812,CatBoost Regressor
929999.9999999993,734731.1170378369,CatBoost Regressor
324999.9999999999,317482.70385184383,CatBoost Regressor
525000.0000000003,653674.4736636688,CatBoost Regressor
349999.9999999997,339594.65475138405,CatBoost Regressor
1599733.9999999993,1900213.8883098895,CatBoost Regressor
549999.9999999998,725485.9214953874,CatBoost Regressor
455000.0,350048.55078882334,CatBoost Regressor
2449999.9999999995,1701241.0684857843,CatBoost Regressor
367819.9999999999,407197.35521868034,CatBoost Regressor
1299999.9999999993,799883.3490985621,CatBoost Regressor
449999.99999999994,735802.2030469012,CatBoost Regressor
899999.9999999995,835424.00339502,CatBoost Regressor
949000.0000000002,827489.5259749398,CatBoost Regressor
880000.0,766027.7519882353,CatBoost Regressor
317500.00000000006,418737.1256310846,CatBoost Regressor
2449999.9999999995,1379682.0446121893,CatBoost Regressor
1053889.0000000005,632294.482314926,CatBoost Regressor
496859.99999999965,691014.762755182,CatBoost Regressor
600000.0000000003,499629.1812736835,CatBoost Regressor
1200000.0000000005,1305845.4902490145,CatBoost Regressor
1800000.000000001,1607491.5499127877,CatBoost Regressor
759999.9999999999,671402.6032344876,CatBoost Regressor
1363554.999999999,1265513.0210620104,CatBoost Regressor
284999.99999999994,341560.4190112268,CatBoost Regressor
1949999.999999999,1534536.4780427506,CatBoost Regressor
1265000.000000001,1121106.0155232504,CatBoost Regressor
2700000.0,1544076.8948750047,CatBoost Regressor
189999.9999999999,260312.42388115535,CatBoost Regressor
700000.0000000006,767481.8340270261,CatBoost Regressor
615566.9999999995,917722.4632781089,CatBoost Regressor
2045811.0000000012,2258297.5025894437,CatBoost Regressor
205000.0,220395.38396321022,CatBoost Regressor
1490000.0000000002,1316260.268581854,CatBoost Regressor
385000.00000000023,699603.750346454,CatBoost Regressor
415000.00000000006,346989.1634173417,CatBoost Regressor
1476105.9999999995,1626975.62417769,CatBoost Regressor
984999.9999999994,751573.9513525829,CatBoost Regressor
1055000.0000000007,731003.0267935484,CatBoost Regressor
765000.0000000003,785366.3161159523,CatBoost Regressor
357999.99999999977,370142.2496315043,CatBoost Regressor
537500.0000000003,413864.013833156,CatBoost Regressor
1600000.0000000012,1305996.3595450132,CatBoost Regressor
1878215.0000000002,1748869.8683115027,CatBoost Regressor
84999.99999999996,980082.6823002987,CatBoost Regressor
733999.9999999995,636524.9528907847,CatBoost Regressor
1328438.000000001,1287715.9989000477,CatBoost Regressor
649999.9999999995,613577.038371721,CatBoost Regressor
465426.0,657320.4996535941,CatBoost Regressor
626325.9999999997,659072.5331797262,CatBoost Regressor
1696356.000000001,1506307.1065017348,CatBoost Regressor
530000.0000000003,583954.5940896122,CatBoost Regressor
590000.0000000003,819092.2335175629,CatBoost Regressor
420000.0,388977.9443530588,CatBoost Regressor
578000.0000000005,559483.0077479228,CatBoost Regressor
540000.0000000001,736519.7743281593,CatBoost Regressor
899999.9999999995,841852.614269974,CatBoost Regressor
1115000.0000000007,392359.7405025762,CatBoost Regressor
1374999.999999999,843559.7577347301,CatBoost Regressor
399999.9999999999,307735.8664118747,CatBoost Regressor
759999.9999999999,646496.7777624719,CatBoost Regressor
950000.0000000008,710039.8282993678,CatBoost Regressor
669999.9999999998,618017.6874876656,CatBoost Regressor
386999.99999999994,451073.78891278856,CatBoost Regressor
425000.0000000002,545418.9049258317,CatBoost Regressor
1764999.999999999,1313503.6342584293,CatBoost Regressor
304999.99999999977,317473.0528180305,CatBoost Regressor
385000.00000000023,316800.55435022025,CatBoost Regressor
884999.9999999998,1217408.9039143836,CatBoost Regressor
1287499.999999999,1111537.2291295214,CatBoost Regressor
1099999.9999999998,1244802.3767900139,CatBoost Regressor
1699999.9999999988,1027349.0581773804,CatBoost Regressor
631315.0000000006,556021.8501309425,CatBoost Regressor
384240.0,1120254.8514051046,CatBoost Regressor
433010.0,559400.5249435303,CatBoost Regressor
654999.9999999995,535672.5034348511,CatBoost Regressor
659999.9999999995,645647.7321243365,CatBoost Regressor
530000.0000000003,890196.4916070236,CatBoost Regressor
2244794.0,1871682.8328848444,CatBoost Regressor
744999.9999999997,539166.6668252556,CatBoost Regressor
2250000.000000001,1698739.9369504654,CatBoost Regressor
40000.0,632322.0424605348,CatBoost Regressor
2499999.9999999995,1092677.4791113164,CatBoost Regressor
2049695.0000000014,1945926.6492459169,CatBoost Regressor
320999.9999999999,342876.987498258,CatBoost Regressor
1714896.0000000005,1971816.4805921533,CatBoost Regressor
929999.9999999993,633594.302900593,CatBoost Regressor
411250.00000000035,851729.5811348243,CatBoost Regressor
1699999.9999999988,1400875.0603881113,CatBoost Regressor
1150000.0000000005,887771.0832987776,CatBoost Regressor
1150000.0000000005,753763.6194441807,CatBoost Regressor
725000.0000000006,732714.2525276142,CatBoost Regressor
2050000.000000001,1183867.8323919259,CatBoost Regressor
1099999.9999999998,442003.812393681,CatBoost Regressor
399999.9999999999,580617.5453622825,CatBoost Regressor
1998999.9999999981,1277101.383254291,CatBoost Regressor
998000.0000000008,723444.8158881365,CatBoost Regressor
1286639.000000001,1773606.989762576,CatBoost Regressor
339999.99999999994,829682.1877030662,CatBoost Regressor
549999.9999999998,847383.872540482,CatBoost Regressor
725000.0000000006,644705.2755235966,CatBoost Regressor
1059999.9999999993,941202.8806848775,CatBoost Regressor
955000.0000000001,982266.9711963919,CatBoost Regressor
346119.00000000006,388395.5783617147,CatBoost Regressor
680000.0000000003,827216.32963404,CatBoost Regressor
425000.0000000002,325078.58437142,CatBoost Regressor
785000.0000000006,654993.7966122042,CatBoost Regressor
504972.00000000047,700030.5119472675,CatBoost Regressor
575000.0000000001,563876.009605895,CatBoost Regressor
888000.0000000001,936054.5189976945,CatBoost Regressor
1579999.9999999998,1517213.5241163094,CatBoost Regressor
1225000.0000000007,828749.2636475848,CatBoost Regressor
1998071.0000000005,1779220.4571411612,CatBoost Regressor
804999.9999999993,747788.4400772554,CatBoost Regressor
568183.9999999995,652409.2947605457,CatBoost Regressor
1650000.0000000007,1314779.8442138764,CatBoost Regressor
1200000.0000000005,921646.0067524454,CatBoost Regressor
396959.0000000003,629574.9382240808,CatBoost Regressor
1696649.0000000014,1839229.7645007768,CatBoost Regressor
950000.0000000008,859200.7830930729,CatBoost Regressor
700000.0000000006,600646.246048317,CatBoost Regressor
530000.0000000003,893183.2520316342,CatBoost Regressor
799633.9999999993,659786.7830039605,CatBoost Regressor
425000.0000000002,911529.9690197521,CatBoost Regressor
2100000.000000001,1064698.9552331008,CatBoost Regressor
195000.00000000006,265531.36333659844,CatBoost Regressor
825000.0000000006,1201915.967841732,CatBoost Regressor
1206999.999999999,720652.682360227,CatBoost Regressor
955119.0000000001,725360.3356701676,CatBoost Regressor
995000.0,925218.9645059833,CatBoost Regressor
749999.9999999998,481540.6731360979,CatBoost Regressor
515000.00000000006,612371.9366941011,CatBoost Regressor
1650000.0000000007,1570459.7446790144,CatBoost Regressor
284999.99999999994,396700.85936888907,CatBoost Regressor
785000.0000000006,691460.6362873366,CatBoost Regressor
850000.0000000005,786329.7483555721,CatBoost Regressor
1084999.9999999995,1132853.1628033498,CatBoost Regressor
1569389.0000000005,595136.8972717262,CatBoost Regressor
594999.9999999997,419099.69247849623,CatBoost Regressor
995000.0,825084.3359883197,CatBoost Regressor
1849999.9999999995,1536071.7014855007,CatBoost Regressor
579999.9999999997,614347.9290828524,CatBoost Regressor
1593417.000000001,1491365.9025272955,CatBoost Regressor
1364999.9999999993,974068.7365320429,CatBoost Regressor
1099999.9999999998,1083847.9623162854,CatBoost Regressor
1148162.000000001,1302052.3854321418,CatBoost Regressor
575000.0000000001,815254.142579275,CatBoost Regressor
671650.0000000003,644534.2668747995,CatBoost Regressor
575311.0000000002,656835.818138875,CatBoost Regressor
1380000.0000000005,1202265.0072927836,CatBoost Regressor
1669999.9999999988,1728961.586357204,CatBoost Regressor
593399.9999999995,1204635.7105593462,CatBoost Regressor
1494186.0,1757692.239036343,CatBoost Regressor
530000.0000000003,723090.1943846291,CatBoost Regressor
1069999.9999999998,1115217.4573445106,CatBoost Regressor
299000.00000000006,315641.0268302147,CatBoost Regressor
1293810.0,1288549.421238475,CatBoost Regressor
2900000.0000000014,1471527.6843460358,CatBoost Regressor
1010500.0000000007,307797.4925415715,CatBoost Regressor
834999.9999999998,850534.2768778423,CatBoost Regressor
480000.00000000006,659913.896878183,CatBoost Regressor
1105520.0,1093457.4490293667,CatBoost Regressor
949139.9999999995,965413.1531040957,CatBoost Regressor
438000.00000000035,315783.6781608855,CatBoost Regressor
2835000.0000000005,1539406.1013864672,CatBoost Regressor
1517151.999999999,1411657.4951387339,CatBoost Regressor
2400000.000000001,1534348.9215063814,CatBoost Regressor
1075000.0,1134054.7559712213,CatBoost Regressor
310000.0000000002,349053.3427144736,CatBoost Regressor
608586.0,576158.2536533189,CatBoost Regressor
1160000.0000000002,1212420.7848340487,CatBoost Regressor
995000.0,907614.4949312356,CatBoost Regressor
360000.0000000001,542198.859280555,CatBoost Regressor
711933.9999999997,1293399.525628531,CatBoost Regressor
249000.00000000006,252287.79404401762,CatBoost Regressor
765000.0000000003,780286.272312097,CatBoost Regressor
495500.00000000023,826147.7022509719,CatBoost Regressor
249000.00000000006,274968.6335560956,CatBoost Regressor
420000.0,306387.43066992995,CatBoost Regressor
2174999.999999999,1867490.9997221695,CatBoost Regressor
1200000.0000000005,798293.9882359516,CatBoost Regressor
794999.9999999998,628831.4962841005,CatBoost Regressor
964827.9999999994,883983.9564988385,CatBoost Regressor
1075000.0,917124.0347122881,CatBoost Regressor
884999.9999999998,675190.9775333611,CatBoost Regressor
329550.0000000001,483839.015759233,CatBoost Regressor
979999.9999999997,947006.0812331706,CatBoost Regressor
929999.9999999993,679591.5762693904,CatBoost Regressor
854999.9999999993,919721.9336699946,CatBoost Regressor
1673576.0,1653112.9660239334,CatBoost Regressor
1284999.999999999,844600.7662609804,CatBoost Regressor
749999.9999999998,659001.8276477542,CatBoost Regressor
974999.9999999999,1114404.8091780555,CatBoost Regressor
1099999.9999999998,1123121.5113430598,CatBoost Regressor
375000.00000000006,215630.42387406758,CatBoost Regressor
617999.9999999999,976534.1312700146,CatBoost Regressor
995000.0,1030598.5146104483,CatBoost Regressor
1389999.9999999988,1310312.3332642298,CatBoost Regressor
999998.9999999995,744171.9736251404,CatBoost Regressor
1200000.0000000005,1110961.7829096185,CatBoost Regressor
1833062.9999999986,1856442.2687439702,CatBoost Regressor
2849999.999999999,1647179.6992743858,CatBoost Regressor
440000.0000000002,365446.90327364765,CatBoost Regressor
731000.0000000006,886062.0375968718,CatBoost Regressor
527500.0000000003,1211636.2270310218,CatBoost Regressor
965000.0000000006,954974.7790638959,CatBoost Regressor
925000.0000000007,925170.6954724233,CatBoost Regressor
460000.0000000002,313294.55983221665,CatBoost Regressor
499999.99999999977,562279.0453445159,CatBoost Regressor
1220000.0000000002,795894.7433692352,CatBoost Regressor
870000.0000000006,664238.8874055203,CatBoost Regressor
875000.0,704977.234395384,CatBoost Regressor
1600000.0000000012,662949.1022846289,CatBoost Regressor
326858.9999999999,504044.99239168805,CatBoost Regressor
847999.9999999995,715069.0814118983,CatBoost Regressor
899999.9999999995,1048328.9671186211,CatBoost Regressor
871000.0000000007,691554.7029242923,CatBoost Regressor
504999.99999999977,429488.9184946733,CatBoost Regressor
790000.0000000003,903652.5898609561,CatBoost Regressor
608999.9999999999,546788.0171755955,CatBoost Regressor
1425000.0000000007,1129239.3435958468,CatBoost Regressor
1155000.0000000005,980267.7303966775,CatBoost Regressor
1226241.9999999993,1159026.1330777116,CatBoost Regressor
364999.99999999977,800667.8555593519,CatBoost Regressor
575000.0000000001,584574.6499205121,CatBoost Regressor
430000.00000000023,690546.5373184241,CatBoost Regressor
785000.0000000006,715325.8696623093,CatBoost Regressor
560000.0000000003,1424723.6387822172,CatBoost Regressor
1124999.9999999995,1108470.1252301848,CatBoost Regressor
1749999.9999999998,891965.2025553016,CatBoost Regressor
862654.0,805924.3396318746,CatBoost Regressor
549999.9999999998,961100.747685704,CatBoost Regressor
1565696.0000000005,1419539.3999177827,CatBoost Regressor
1905563.9999999993,1614034.1355947237,CatBoost Regressor
2367418.999999998,2083703.7610306095,CatBoost Regressor
887399.9999999995,736524.2557507706,CatBoost Regressor
2253263.999999998,2197165.2849749145,CatBoost Regressor
999998.9999999995,1260393.9370363816,CatBoost Regressor
870000.0000000006,851932.1389440134,CatBoost Regressor
743500.0000000005,571521.6605438044,CatBoost Regressor
800000.0000000005,895701.4564319913,CatBoost Regressor
364999.99999999977,320764.7624218186,CatBoost Regressor
1229999.9999999995,1052605.1423927627,CatBoost Regressor
969999.9999999999,1027875.5953240382,CatBoost Regressor
215000.0,312625.1085307045,CatBoost Regressor
480000.00000000006,771087.4677561447,CatBoost Regressor
719999.9999999995,1001533.7299428341,CatBoost Regressor
630000.0000000006,849567.7793145799,CatBoost Regressor
689999.9999999995,616178.1030081819,CatBoost Regressor
420000.0,299850.6862668959,CatBoost Regressor
749999.9999999998,739037.0256285092,CatBoost Regressor
1385000.0000000012,1329547.0657613857,CatBoost Regressor
1350999.9999999998,922693.7189847933,CatBoost Regressor
825000.0000000006,756664.2470299532,CatBoost Regressor
877500.0000000003,782747.6456120702,CatBoost Regressor
515000.00000000006,467177.73789444414,CatBoost Regressor
1734607.0000000005,1853651.0655462896,CatBoost Regressor
749999.9999999998,588666.8970614567,CatBoost Regressor
2900000.0000000014,1975189.176761044,CatBoost Regressor
1350000.0,1668804.1727782362,CatBoost Regressor
2724999.9999999995,990793.3060601889,CatBoost Regressor
669999.9999999998,632010.327039973,CatBoost Regressor
